text,true,pred,confidence
now account chow chow,Miscellaneous,Access,0.9999675076692212
please set as project manager for project tuesday please importance high dear please except code thank best regards,Miscellaneous,Internal Project,0.9853203206541323
wants to access bucharest march pm wants hi please provide file thank accept decline,HR Support,Storage,0.9820685784124592
po tuesday december pm po keyboards scattered over blame please create replenishment him his supporters please perform intend delivering remaining keyboards by thank administrator phone,Hardware,Purchase,0.9802310875550929
wants to access bucharest march pm wants please provide write thank accept decline,HR Support,Storage,0.977317276539285
upgrade server to ram upgrade dear please initiate upgrade has approved by thanks senior consultant,Hardware,Administrative rights,0.9760801716724291
new monitor purchase po friday pm monitor purchase po dear purchased monitor monitor please log installation kind regards administrator,Hardware,Purchase,0.9755625212377433
access thursday july pm hello cannot kind regards developer,Hardware,HR Support,0.9604045474795316
new approver for thursday march pm code importance high dear please assign code thank much,Miscellaneous,Internal Project,0.9600174281014301
request for conference code friday july pm code hello code order via thank much best regards cs tester,Hardware,Internal Project,0.9561885454563884
new delivery hello received items intend headset extender patch cord meters po stand monitor risers po please advise please log thank engineer,Hardware,Purchase,0.9534684757201877
access to mailbox mailbox hello please disable forwarding mailbox disable his required anymore thank regards leader,HR Support,Storage,0.949935409503988
new organizational unit request belgrade customers users hi created order add user accounts created users per procedure thanks,HR Support,Access,0.9462157851871179
re project setup oracle pas confluence re setup confluence revised setup form attached,Access,Internal Project,0.945930209029154
encrypted portable for data backup re win upgrade thank kind regards infrastructure ext phone tuesday re win upgrade portable please thank kind regards engineer win upgrade hello guys tomorrow he want upgrade his os he solution back his secure storage assist him solution please thank kind regards infrastructure ext phone pm re win upgrade backed kind regards re win upgrade hello thanks updates tomorrow he upgrade his os event good want join,Storage,Administrative rights,0.9430035926397
update update favorite confluence did installation out date upgrade version about features upgrade manage confluence regards,Access,Administrative rights,0.941213926932472
annual leave request incorrect flow for notifying the line managers hi analyzing case person line requesting off informative video stated request submitted by person notification sent manager imagine correct term line manager for approval however situation described training material notification sent line manager submission seems notification sent only after approval by can you please correct flow notification sent point leave request submission after approves encountered scenario above for annual leave requests done by request was submitted was notified about was approved by get notification point able approve or reject thank you,HR Support,Miscellaneous,0.9335775974748836
internal audit forbidden software en sent monday forbidden software hi have checked report with forbidden software generated please find report here looks like there still some colleagues having games or based file sharing file store clients installed assets can you please send another reminder ask them remove these forbidden applications thanks,Hardware,Administrative rights,0.930045663469328
add belgrade to list add hi ask add public please addresses needed thanks,HR Support,Miscellaneous,0.9294574946307317
user tuesday pm user user ca care pot la user care fie user ad se regards software developer,Hardware,Access,0.9154901375265337
monitor allocation thursday february pm hi purchased these pro retina intel keyboard apple monitor apple mb keyboard mouse please create two installation monitor please perform po too administrator phone,Hardware,Purchase,0.9118128416826884
add to wireless and bucharest tuesday pm add hi please add wireless similar operation forwarded thanks update add dear further recent communication believe query has resolved resolution response please let further assistance matter reference number summary add resolver resolution notes description wednesday pm add hi please add wireless similar thanks lead kind regards ext ref msg,HR Support,Miscellaneous,0.9074765284988976
and account tuesday pm re please help log thanks tuesday pm re merge incorrect thanks tuesday pm users has expired developer,Hardware,Access,0.9047611939189925
for certificate error after password reset on for certificate error after password reset hi can sign into for after have password might need manually add certificates know where get them thank you,Hardware,Access,0.9039596277977183
reset time card card hi guys please card period thank application engineer,HR Support,Access,0.9036576664777991
unable to log sent wednesday re for hi cannot using we work together thanks sent for hello please be advised ad created for please find credentials below password address note password expire days client users cannot change password by themselves please advise him let know when receive regarding password change if there anything we can assist with please let know best regards analyst ext hub sent wednesday for hi could you please create for work for next months we need mails documentation thanks manager mob your zone,Hardware,Access,0.8990723522179713
dial codes dial codes hi having trouble finding dial details provide conf participation code thanks north,Hardware,Internal Project,0.8971076393261009
permissions permissions hi cannot permanent links for locations for following cities example could you please give rights again thank you communication specialist,Hardware,Storage,0.8965402768789824
and pas account update thursday pm re urgent update hi please help thank wednesday pm urgent update hello little housekeeping done created against opportunity called opportunity link opportunity id please transfer known pipeline currently against client titled opportunity against opportunity unclear please feel free reach out understanding must swamped requests please treat matter urgency,HR Support,Internal Project,0.8940719157997574
secure data to be added as assignment snow secure added assignment snow hello finds well writing respect log guys namely add secure assignment snow close tickets currently vendor show change assignment let require additional information assist way thank lovely best regards specialist,Storage,Miscellaneous,0.8925922347579357
permission to send to all staff and to all staff friday october pm add shared mailbox hello regarding ask please permission members thank much best regards specialist,Miscellaneous,Storage,0.8912122136435184
pipeline project codes pas tuesday july pm re pipeline codes closed hi noticed problem help resolve asap pipeline closed within these update within help resolve asap please changes cross agile accumulations testing thanks re pipeline codes closed hi ask close codes were imported these opportunities were won closed please take let proceed action code name status refresh changes changes cross personal lines bas accumulations testing pm under prod technical agile personal galaxy replacement proposal additional spend changes accumulations testing additional big upgrade analysis big upgrade migration environment transactor test pm pm batch pm changes changes changes changes changes changes changes changes changes changes changes refresh changes changes cross personal lines bas accumulations testing pm under prod technical agile personal galaxy replacement proposal additional spend changes accumulations testing additional big upgrade analysis big upgrade migration environment transactor test pm pm batch pm changes changes changes changes changes changes changes changes changes changes changes cal ramp july pm triton cal additional ramp front sites envisioning site build post commit opp opp sow opp sow items opp sow opp sow pet referrer id opp sow opp sow pet additional confused opp sow opp sow opp sow opp sow br pet update opp opp opportunity sow opportunity sow va opportunity sow opportunity sow va accumulations thank officer ext tuesday re pipeline codes closed hi sort out these days thank letting thanks officer ext wednesday pipeline codes closed hi please which opportunities won lost order close pipeline codes accordingly thank officer ext mob blvd zone,Hardware,Internal Project,0.8812346638606716
menu bug after upgrade to windows menu bug after upgrade hello after recent update noticed context menu right click explorer also bugged showing up properly please attached how context menu looks when right click something pictures with number name how looks after move through options picture with number name colleague same problem can you help with solution problem regards senior developer,Hardware,Administrative rights,0.8794101528258118
add into the room list add room hi please add room regards,Hardware,Miscellaneous,0.8778163860264977
add to mail quarantine dear you have kb be deleted automatically after days you can change frequency these within your portal log,Hardware,Miscellaneous,0.8770505176538266
nae wants to access bucharest wants create more user friendly accept decline requests,HR Support,Storage,0.8761608576690673
service user periodic lockout problem sent friday october periodic lockout problem hi could you raise ticket ask look into problem noted by thread below seems ad called getting locked out every often causing authentication failures but think able determine why gets locked out nor source problem usually ad accounts locked out only when password entered incorrect several times succession our ad configuration limit times think lockout reset after minutes can was locked out times past hours few minutes ago reported by several different domain controllers but logs indicate why had become locked out nor logs indicated source misuse causing lockout suppose lockouts be due configured password server maybe test server somewhere trying use but have small concern someone or some malicious software trying hack into by password guessing obviously locking every often can someone try investigate more deeply what going please also like know why whether being used by more than one authenticate ad believe best practice requires different should have their own unique log ad fact asked for ticket be raised give own dedicated ad for lookups question relates using or requested for kind regards sent october re authentication error hi find out responsible for server going close ticket ask rise one order change used by module best regards engineer managed en sent tuesday october re authentication error thanks for looking into perspective situation somehow used by other applications other servers good thing we normally expect each have own dedicated anyway changing for module right answer should be changed unique set up especially for use for purpose kind regards sent october re authentication error hi root cause problem gets locked used by module authenticate itself dc somehow used by other applications other servers misuse locks purposed solution for issue change for module talk authorized change module error sample entered critical get for be legitimate for returns received en en null misc pack into message response response ex null en site received en en null misc pack into message response response ex null en site best regards engineer managed en sent wednesday october re authentication error hi yes attached problem was seen by but was reported by his manager response reminder her needed quiz kind regards sent october re authentication error hi problem reported you same problem module cannot connect any servers want make because want ask application turn error logging thank you best regards engineer managed en sent wednesday october re authentication error hi fact did experience once yesterday but went back tried again worked second attempt know also one colleague reported same problem when trying access awareness quiz monday afternoon advised them try again have had any further them have logged twice today with problems kind regards sent october re authentication error hi reminder thank you best regards engineer managed en sent monday october re authentication error hi have you experienced issue again we have upgraded meantime thank you best regards engineer managed en sent friday authentication error hello please below issues with app there connection issues server server per description there location training tools learning platform component architecture description can you please have look below issue check between server thank you best regards senior engineer en sent thursday re your invitation take awareness refresher quiz hi seems be authentication error strangely got very similar error message myself when logging into monday but when tried again minutes later problem had fixed had notified but reproduce problem try again today if you can successfully authenticate if you still get same error message notify another case authentication error also ticket kind regards sent re your invitation take awareness refresher quiz hi get error when trying module cannot connect any servers server connection resource id bind result regards sent wednesday your invitation take awareness refresher quiz dear we kindly invite you participate information awareness refresher quiz we asking existing employees have taken information induction awareness quiz past year since st october fact take quiz demonstrate their continued awareness important information practices obligations quiz contains questions be drawn random larger pool everyone attempting quiz receive slightly different set questions answer if you repeat test second subsequent re tests contain slightly different set questions attempt each other you can access refresher quiz link id we appreciate taking awareness quiz consuming but we have commitment our clients ensure employees have received tested regular information awareness reminders you have seen regular bulletins sent out by quiz designed test your awareness provide with evidence present clients ask demonstrate we provide test these awareness reminders please note even heads disciplines other leadership members being asked quiz even members information be taking nobody can consider themselves exempt taking quiz attendance timeliness pass rates for quiz be reported end october happens awareness month any invitees take quiz during definitely be chased take next month if you want remind yourself important information policies obligations we must comply with you can view information awareness induction training movie minutes here resource content awareness october there some reminders for busy readers here you can also acceptable use policy you ll also find links other key policies including information classification handling summary roles responsibilities if you easily able access above documents can also be accessed via reminders for busy readers acceptable use policy information classification handling summary roles responsibilities if you manager please ensure you remind your members importance taking quiz if receive invitation take joiners since st october receive invitation finally if you member have trainer or administrator rights please follow these instructions or before attempting take refresher quiz otherwise your score be recorded main quiz results we think you have taken quiz thanks kind regards information,Access,Hardware,0.8756954573984753
oracle database no access further on database access further dear sir madame point you can enter id password can access database via one con issue still ongoing side please check again thank you en with kind regards senior consultant frankfurt main frankfurt main notification fusion post upgrade issues resolved hello everyone please be advised previously reported issues related work schedule fixed you should be able submit your timecards if you were experience further issues please hesitate contact kind regards ext sent monday notification fusion post upgrade issues importance high hello everyone please be advised following fusion upgrade release some you experiencing errors related logging into application timecard work schedule we currently working resolve these issues we update you any relevant information available we apologize for any have caused thank you for your understanding kind regards ext,Hardware,Administrative rights,0.8746583771890283
modify incorrect user name ad correct format name surname com for all users re licenses hi performing clean difficult especially since match ones due possibility choosing shorter version example vs hundred user please advise users others format ex please advise format unable filter based because thank,Miscellaneous,Access,0.8725511723566732
access hi please granted error after logging thanks,Hardware,HR Support,0.8699191757687105
it ops ring change july pm ring change hello please call hunt changed ring moment call passed engineer has highest idle want logged engineers receive call handled initial created informational picks call lead,Hardware,Miscellaneous,0.8559832941054497
set up periodic tickets for periodic tickets hello schedule every st every months tickets opened sn requested category category pc sub cat hardware peripheral single summary room assignment summary room assignment summary room belfast assignment belfast summary room manila assignment assignee owner summary room assignment assignee owner microsecond summary room assignment assignee owner microsecond summary room assignment assignee owner summary room singapore assignment assignee owner singapore summary room shanghai assignment assignee owner shanghai thanks kind regards,Hardware,Miscellaneous,0.8543509984354518
new pas access for projects and clients october pm clients hi please clients belonging moment code thanks upcoming holiday october floor blvd district,HR Support,Internal Project,0.8523397954526507
access to oracle sent october access hi there can find neither or could you please help with thanks manager en,Hardware,HR Support,0.8516281593353985
phone dial code wednesday july pm phone dial code hello dial code seems expired please thanks,Hardware,Internal Project,0.8502967863495957
problem after upgrading to windows re problem after upgrading hello sorry bother you friendly reminder ticket yet for issue thank you engineer ext en sent october problem after upgrading hello please open ticket she upgraded her but after upgrade laptop keeps restarting can get screen thank you engineer ext en,Hardware,Administrative rights,0.849902558342865
undeliverable notification for mailbox full sent thursday undeliverable lost access card failed these or groups recipient mailbox full can accept please try message later or contact recipient directly following organization rejected your message diagnostic information for administrators generating server remote server returned mailbox full deliver exception failed process message due permanent exception with message cannot open mailbox configuration servers attendant be stage original message headers with server id with id content type application name content transfer encoding binary lost access card thread topic lost access card thread index date message id references cd ad accept language en en content language en attach yes mime version transport hosted originating return path response suppress,Access,Storage,0.8394859667796328
direct reports missing time please action reports hello please help thanks administration officer thursday october please action reports ca ti pus advise care moment va ca plan maine ultima thanks wednesday october pm please action reports dear part established processes each required submit his weekly basis each friday past must submitted receiving because reports haven followed process please help cascade accordingly gets possible breakdown reports please note refers has left maternity other absence leave please update person record otherwise please person directly submit country date total days,Hardware,HR Support,0.8340321799986686
team mail wednesday pm hi please create folder named comprised thank officer,Miscellaneous,Storage,0.8324906818801538
back up approver setup friday july pm back approver setup hi please back approver codes thanks officer blvd floor,Miscellaneous,Internal Project,0.8307937093477632
windows fresh install on laptop fresh install hi fresh install operating has grown considerable size thus taking too much partitioned sizes causing issue related free single partition good since afford downtime br,Hardware,Administrative rights,0.8292116262162931
name change to name changed hello please help update name please credentials change also user confluence thanks analyst developer,Miscellaneous,Access,0.8281521389188229
timecards approver thursday july pm timecards dear timecards july approved his dashboard name he because pm approve which thank owner july re timecards la tine thursday july timecards hello ca busy forget timecards inca approved approved owner july re timecards dare tot friday july timecards la mine timecards care dashboard ca vin la ca pm owner,Hardware,Miscellaneous,0.8277039641536541
ticket issue tuesday july user listings his importance high hello please advised has updated best regards analyst july pm re user listings his importance high hi log create shows accounts payable invoice attached,Miscellaneous,Access,0.8249631263703519
server issues server issues dear please log ticket with appropriate if issue or server issue either or assist with build problems we facing issues follows whenever we need build machine work if machine still ad but ad know we need remove them but unless we remove them ad well work build also work try if we try use full install option wizard fail during loading screen after you select version you want install get second part wizard one where you get select etc restart before order rebuild machine we need use naked install only afterwards full install work available for any questions issue feel free contact for any clarifications thank you kind regards engineer en,Hardware,Administrative rights,0.8248437979367816
new pas changing client name wednesday february pm changing client name hi client name has changed please change client name too code belonging mg thanks officer floor blvd district,Miscellaneous,Internal Project,0.8208033873568981
git access tuesday march pm platforms comparison connected git permissions hello please git repository platforms thank date tuesday march re platforms comparison connected git permissions added developer git cannot add probably thanks tuesday march pm platforms comparison connected hi please find attached document high level design overview source code located platforms track progress board work documented confluence connected cars lead by unfortunately covering licenses costs goals identify differences various platforms platforms comparison phase azure electric imp by azure next phases idea cover other platforms well ibm analysis include dumb devices vs edge devices languages various platforms speed ease pricing protocols agreed work platforms comparison also related opportunity short description vehicle driver has mount vehicle port automatically authenticated by starts monitoring tracking vehicle basic analysis done via module collecting archived database eventually alarm triggered crash hard stop boundary vehicle defined area user driver also carrier entities manage companies device monitoring by super companies available administer carrier companies managing carriers fleets vehicles drivers further dashboard companies available basic functionalities position map table basic alarms alerts per carrier historical per carrier vehicle dashboard carrier subset dashboard where carrier track monitor own fleet position map table basic alarms alerts user driver develop application minimal alerts alarms presented visually driver architectural proposal details available confluence platforms link connected cars link hardware devices platforms azure programming languages squirrel hibernate node databases mobile client android client sprint demos available regards,Hardware,Access,0.820559131778784
signed signed hello please log assign best regards senior engineer wednesday pm signed hi please example convinced problem where things updated then regress seen multiple times opportunities which close dates future which then revert close dates past more serious trail destroyed signed contracts signed attached approved yet draft status trail which show has happened way back executed which won destroy trail which shows approved signing regards signed hi looking somehow draft contract id signed attached without approve going seen few times recently think having database issues going cause issues view things sometimes back few steps thoughts december re signed hi please attached completed duly countersigned appreciate help pragmatism getting forward working both again kind regards december signed please attached signed thank process thank help regards floor istanbul turkey fax mobil friday december pm re description section revisions hi by separate best counsel germany munich germany fax mobile friday december pm re description section revisions hi please final agreed modifications asap appreciate help putting touch well please sign once receive document taking flack allowing work proceed appreciate getting cleared weekend please call challenges other requests had kind regards december re description section revisions sign information modified per thank counsel germany munich germany fax mobile friday december re description section revisions thanks sign return please thanks december re description section revisions hi apologies confusion caused middle east two separate entities holds shares middle east both registered boston branch middle east registered also doing best counsel germany munich germany fax mobile thursday december pm re description section revisions hi thanks help far light note believe proceed attached please soonest convenience sign return once appreciate turnaround finally did manage connect think name gave proceed work framework agreement believe enable better agree work globally under corporate form massachusetts billing etc which hopefully negate outstanding requirement meaningful sanctions done thanks everyone understanding far kind regards december re description section revisions hi trading registered name middle east reference corporate form registered commonwealth massachusetts states best counsel germany munich germany fax mobile thursday december re description section revisions hi thank confusion report attached middle east rather than middle east attached separate report middle east which has different according has ceased trading shed light thanks december re description section revisions hi exactly looking name middle east attached relevant report thanks wednesday december pm re description section revisions hi hear back today mind chasing overnight tomorrow please ran test entities find got positive results attached transparency headline find trading obviously getting challenge about working without contract help resolve much appreciated thanks december re description section revisions copying controller run screens order establish client output old insights thank counsel germany munich germany fax mobile tuesday december pm re description section revisions thanks run suppliers part process understand idea information independently these checks etc defer colleagues about asking information bypass off today controller has helping her absence cast light please tx removed wider detail december re description section revisions hi information old maybe help internally thank counsel germany munich germany fax mobile tuesday december pm re description section revisions hi thanks confirmation doing wrong keep getting challenges reports region shared interests transparency putting wrong kind regards december re description section revisions confirmed best regards counsel germany munich germany fax mobile tuesday december pm re description section revisions thanks clarify contracting entity subject doing checks kind regards december re description section revisions hi qatar branch middle east headquarters entity provided by best counsel germany munich germany fax mobile tuesday december pm re description section revisions hi please entity undertake satisfactory sanctions report qatar supplied please undertake these checks middle east tower level po arab emirates fax kind regards december re description section revisions hi good middle east entity representing regional cluster offices headquartered fully owned by partnership difference where work perspective other hand contracting done entity teams managing related tasks signature stage regards floor istanbul turkey fax mobil december pm re description section revisions hi how did tried couple different times today got please call thanks december re description section revisions hi excited looking forward hearing great believe almost let please back best execute today please planning assumption regards floor istanbul turkey fax mobil december pm re description section revisions dear thank looking forward prepared potential follow work has gone morning his wife expecting child fingers crossed both firstly outstanding order sign re attached requested contract different entity update please obviously want agreed signed prior starting work regarding framework agreement working until re her framework agreement review believe she passing over gentleman called jointly agreed meantime share rate card normal execution work without short term premiums preference out thanks december re description section revisions dear thank looking forward working deliver success digital radar together great connect separately how build rates downstream work cover agreement how best serve partnership istanbul ramping deepen bench part recommend also think about anticipation future work copying organize session regards floor istanbul turkey fax mobil wednesday november pm re description section revisions dear days had saturday agree understand round mean loop round again think given where importance both engagement succeeding re going fall out over days manage agreed room over re rather beyond edge budget wording issue edits add gives leeway flex days otherwise think fine agree edits review revert tomorrow otherwise said re looking forward getting started next regards november description section revisions dear please revised description section please note planning total per light version quotation also critical takes ownership driven deliverables respective phases maturity assessment action planning course jointly manage within allotment pricing adjusted per latest phone discussion correctly reflected document counsel come final version side section needs reflected commercial terms section description work client readiness assessment deliver pathway client radar digital readiness assessment client shall provide completing digital radar,Miscellaneous,Hardware,0.8193338036352723
project required date tuesday july re hi attached find filled out form thank response head date tuesday july hello please advised granted application order create please fill attached form back looking forward hearing kind regards analyst ext hub july pm hello starting called inflight code let how assist thank head,HR Support,Internal Project,0.818531646483737
remove lazar and from approvers list on friday pm re wants hi keep receiving messages owners rights approve decline requests unfortunately right person suggest he guide right note kindly ask both myself where order receive requests thanks officer friday wants hello kindly looking forward hearing thank best regards specialist ext hub friday pm wants saw once interface also want different templates materials useful accept decline,Miscellaneous,Storage,0.8150075363135715
change working hours for tuesday december pm rejected hi please help she submit timecard working thank tuesday december re rejected ca pot ore pot face submit la tuesday december re rejected ca si va task type maternity leave se leave ore care pot,Hardware,HR Support,0.8130996398993202
direct reports missing time missing time oracle thursday november re please action reports la ne administration officer thursday november please action reports care shadowing la la cum pot november please action reports dear part established processes each required submit his weekly basis each friday past must submitted receiving because reports haven followed process please help cascade accordingly gets possible breakdown reports country date total days,Hardware,HR Support,0.8123758026191638
available la available la hello care la si available comers lost cards si ne care si ca va,Access,Hardware,0.8076375468430684
ram upgrade pm upgrade hi pc has struggling times sustain multiple run daily work idea instances apache tomcat database workbench chrome multiple tabs tickets commits pull requests word excel documentation understand correctly model has soldered replaceable reported by electronics reference crucial offering modules model upgrade thank,Hardware,Administrative rights,0.8071145306205402
add somebody to add somebody hi kindly ask add billing billing thanks best regards,Access,Miscellaneous,0.8069791784479802
name change to for saturday november re starter ad importance high dear please notice name joiner uses wrong name since he join st colombian fix his thanks head wednesday november starter ad hello please advised ad has created please find credentials must changed log assist please let thank analyst ext hub wednesday november re complete colombia hi please find attached kind regards head october complete colombia importance high dear please help completed form design lead joining thank compliance officer colombia,Miscellaneous,HR Support,0.8027439856640131
account needed tuesday pm resolved hello kindly assist thank kind regards analyst ext tuesday pm re resolved hi since cannot credentials log other credentials provide user name please maybe getting wrong please advise thank kind regards infrastructure,Hardware,Access,0.8012952988892488
en pop friday pm re hi arrived kale requested by needs installation tickets please help discuss which user upgraded machines supplier deliver remaining modules mid july lack deliver faster memory upgrade thanks administrator phone friday pm re hey done guys copy she decide users which upgrades thanks administrator phone friday pm re hello clarification needed installing modules her purchases thank engineer ext re hello received modules skill invoice pieces regards engineer ext re way premises depends driver route latest invoice attached per best regards macedonia friday re hey client eager these deliver he talk thanks administrator phone thursday re hey let way said rest follow possible invoice things done thanks administrator phone thursday re order supplier sorry coming back possibility partial agree qty think deliver rest next shipment weeks best regards macedonia thursday re hey progressing well thank administrator phone hey skill pretty please help thanks administrator phone,Hardware,Purchase,0.798980214811312
wrong approver sent wednesday cont si ca si manager manager si la la manager tot ca si ca alt ca sa fie se,Miscellaneous,Hardware,0.795925778669178
access request for a list or library pm library hi guys please add ad he kb hub thanks leader library requesting library links library manage setting library please section thank,Miscellaneous,Storage,0.7952598185784364
account request pm va la,Hardware,Access,0.7952407725307331
update for windows fails to install sent tuesday update for fails install hello encountered issue when trying check for updates for update was available for install but when trying install fails update error code update ran into problem displayed please check for pictures attached can you help please let know if you need more details thank you tester en,Hardware,Administrative rights,0.7931504405862306
issues synchronizing freezing,Hardware,Administrative rights,0.7919228740341968
action required approval of project time entries for from to action required approval entries for dear receive with task approve entries for one colleagues application you can there different tasks listed when click highlighted one for can following screen you can there option approve could you please investigate experience issue for obviously have approve possible thanks for your kind regards sent action required approval entries for access task application approval entries for details assignee moth assigned date task number recommended actions entries for approval card details card period status submitted card comments reported code type location task details entry totals location details days comments mon wed sat hours hours hours hours hours hours hours test regular planning country enter comments about entered by daily totals calculated type code location task details absences location details days comments entry totals mon wed sat start stop hours start stop hours start stop hours start stop hours start stop hours start stop hours start stop hours regular test planning country comments daily totals related links comments data display history updated by action performed assignee updated assigned assigned assigned assigned assigned assigned assigned assigned assigned assigned,HR Support,Miscellaneous,0.7897820490434512
oracle issue with project tasks editing sent monday july issue with tasks editing importance high hi best tool fusion giving pain code tasks briefly ll present below what go have visibility for projects looks good choose code want tasks there click indeed description code chose still looks good tasks need go but surprisingly when choose view have already tasks needs show looks bad if you can investigate let know where issues or what doing wrong would much appreciate thank you kind regards officer en,Hardware,Internal Project,0.7897176664990977
ms on call team list to be updated thursday lists hello please removed lists these teams users cab infrastructure call call also updated reflect part neither nor myself work call shifts anymore logged second call advice sought which his members thanks,Hardware,Miscellaneous,0.7873894687594353
new pas forecast for wednesday pm forecast hi please rights forecasting kind regards officer floor blvd district,HR Support,Internal Project,0.7857166771301715
access to sent friday december la via,HR Support,Hardware,0.7845108444807688
com domain registration registration hi please log change order add records related logged by thank let require other details side kind regards leader,Purchase,Miscellaneous,0.7841835697116532
please add users queue wednesday july pm please add users queue hello please add two users users queue queue mailbox questions please let thank kind regards analyst,Access,Miscellaneous,0.7821165713627107
outlook not synchronizing with mobile phone with mobil phone working within for client dear sirs madames sent receives laptop but mobil phone since yesterday done with mobil phone number mobile phone called work with client one please check circumstance for thank you en with kind regards senior consultant frankfurt main frankfurt main,Administrative rights,Hardware,0.7795492422783146
undeliverable message when trying to send announcements to some am teams thursday july pm re call changes hi owner groups think approve cascade information thank much thursday july pm call changes importance high hi getting attached undeliverable announcements teams please approve shared mailbox these alternatively please cascade information needed thank leader thursday july pm call changes importance high hello announce changes starting st call call entirely provided customers call updated reflect change technical call has undergone changes well also reflected require further information please leader thanks kind regards,Hardware,Miscellaneous,0.7780462486231554
windows updates error trying download install same updates constantly for more then week keeps failing usually stuck there with downloading updates yesterday got error message with code looked into said probably because software,HR Support,Administrative rights,0.7772996523052601
annual satisfaction results presentation wednesday pm annual satisfaction results presentation hello help please thanks wednesday re annual satisfaction results presentation hi doc re annual satisfaction results presentation hi everyone going presentation today appreciate review report together come prepared recommendations how improved please make attache recommendations kind regards appointment wednesday july pm annual satisfaction results presentation wednesday pm pm where inspire meeting room floor hi attend party friday rescheduling next final presentation thanks attend hello back holidays make attend presentation putting take less depending issues raised make presentation available beforehand relevant instructions how works until then results available please results let meeting causing difference scores having repeat information how plan mitigate quite few comments saying multitasking assisting multiple users same stay front monitors without forgetting connected find comments quite interesting belfast he gets lot praise please share these results via link provided kind regards,HR Support,Hardware,0.7741534172791742
mailbox access info belgrade com thursday february mailbox dear since receive lot concern position about sparing forwarding every again asking thank communication specialist,HR Support,Storage,0.7738855045461965
meeting room management guide mr booking change owner hi please change owner mr booking gal also user guide how administrate thank,Hardware,Miscellaneous,0.7735806279721238
mobile phone allocation document purchase order requisition implemented hello please log thank engineer friday november re document purchase order requisition implemented kind regards administrator friday november re document purchase order requisition implemented ii galaxy cum tine allocate si cum engineer friday november re document purchase order requisition implemented update care ca la ne liber si la contingency update la kind regards administrator friday november re document purchase order requisition implemented importance high ob la ne la per se la alt dup cum si rapid ii date re document purchase order requisition implemented contract kind regards administrator thursday november pm re document purchase order requisition implemented si alt la care facility blvd rd floor thursday november pm re document purchase order requisition implemented nostrum si update kind regards administrator thursday november pm document purchase order requisition implemented status inca mea facility blvd rd floor thursday november pm document purchase order requisition implemented task application document purchase order requisition implemented output text details assignee assigned date pm expiration date pm task number sold entity order buyer ordered nonrecoverable tax justification order details supplier supplier site location supplier order description note supplier requisitioning requisition requester cost center attachments po,Hardware,Purchase,0.7733050125199133
report generated for maternity leaver after the leave date sent thursday november please action direct reports hi can you please help with something maternity leave left be able fill data can you please make correction or redirect someone can help with thank you head sent thursday november please action direct reports dear manager part established processes each required submit his weekly basis each friday for past week must be submitted for approval you receiving because some your direct reports haven followed process please help cascade accordingly gets possible below breakdown your direct reports manager country for for date total days,Miscellaneous,HR Support,0.772794245089451
add to hello please add lists thanks october re hello please find attached thanks tuesday hello please fill date thank administration officer,HR Support,Miscellaneous,0.7686092061309485
problem with virtual machine sent thursday problem server se abs problem tome st one se ne se,Administrative rights,Hardware,0.7667848176913473
error when trying to access error when trying access hi getting following error when trying access share changed password yesterday cannot get access today regards infrastructure programme manager upcoming leave th st december,Hardware,HR Support,0.7643101739212005
new project request march pm hello please help setting called contain add hopper zephyr also please setup create sprints add items plan show client whom think possible asap thank senior tester,Miscellaneous,Internal Project,0.7595031962017452
retrieve unused hardware tuesday november pm upgrade query hello based please reassign unused regards technician tuesday november pm re upgrade query device virtual machine chief date tuesday november upgrade query hello upgrade devices received upgrade because inventory assigned device number please let decommission regards technician october pm re upgrade also chief,Purchase,Administrative rights,0.7570445826176017
new starter access card enabling bucharest friday pm se va va ne si el va va la specialist blvd floor district,Access,HR Support,0.7556059878704001
service now add to telephony requests thursday march telephony requests hello please add telephony requests he subject matter expert region kind regards specialist,Hardware,Miscellaneous,0.7552868771716725
missing person oracle sent person hello one person career her career but she appear list can you please add her career thank you,HR Support,Miscellaneous,0.747892502558766
outlook error sent tuesday july error hi getting following error message there problem with proxy server certificate certificate trusted certifying authority please find attached for more details could you please help solve issue thank you software tester en,Hardware,Administrative rights,0.7478388442165168
change project name pas friday pm name changed hi please change name code thank,Miscellaneous,Internal Project,0.7472965822823073
error sent monday error hi please help with error encounter when try submit for approval contract thanks manager,Miscellaneous,HR Support,0.7452795528235036
install on tuesday november install hello installed his machine because solution he joined allow him connect unsatisfactory level help installing thanks,Hardware,Administrative rights,0.7434418169053869
issue new pas sent thursday issue hi appears be bug code under client added for does add up total then does appear client level also costs view but have profit coming out nowhere there should be costs coming forecast could you please look into thank you officer,Hardware,Internal Project,0.7407805397345922
access badge not working properly access badge working properly hello today working after maternity leave encountering issues with access badge can leave floor but cannot enter again same behavior for other floors need special access restricted floor thank you senior developer mob,Hardware,HR Support,0.7376838052801277
access to pas for friday pm re please provide thanks please restricted shared each owner view his hers link thank friday pm please provide importance high hi please provide she view she owner she needs forms under cost centre folder thank,HR Support,Storage,0.736272304153652
preparation for windows deployment snow queue thursday pm preparation hello please kind queue called tickets assigned generate included please make everyone mentioned has permissions aforementioned shared mailbox thank best regards leader,Miscellaneous,Storage,0.7359068860479387
pm access to new pas project friday pm hello please give pm rights thank,HR Support,Internal Project,0.7358827071801721
access to project sent friday access hi could you please take look anymore only bod induction board empty was having access thank you head testing colombia,Hardware,HR Support,0.7351824817361601
error error dear would like inform you while installing getting error cannot be eliminated we have tried different ways solve however still able use with laptop same situation with please guide what should case kind regards,HR Support,Hardware,0.7341764980377152
your certificate is about to expire days certificate about expire days importance high hi received warnings over weekend please certificates issued date these certificates user authentication want expire thanks certificate about expire days certificate about expire days view link ref msg information confidential,Hardware,Access,0.7340803621878826
not receiving vacation request sent thursday march hello can you please advise why vacation request come approval others members thanks best regards manager,HR Support,Miscellaneous,0.7340152626958076
ram upgrade request tuesday upgrade hello teams upgrades lap tops additional order perform related testing please organize upgrade thanks,Hardware,Administrative rights,0.733255342339231
for account for dear have some issue with for can you please investigate thanks,Hardware,Access,0.7318670759178963
read access to discipline architecture for wednesday november site requesting links site manage setting site section note site site site provides central storage collaboration information ideas site tool collaboration tool communication meeting tool decision making site helps groups work teams social groups share information work together example site help coordinate calendars schedules discuss ideas review proposals share information keep touch other sites dynamic interactive members site contribute own ideas content well comment contribute other,Miscellaneous,Hardware,0.7317455213864822
set a new availability date for and re errors task details hi help issue regarding these two codes bench told availability date these codes enter timecards these codes until july thank,HR Support,Internal Project,0.7317104350729027
please add to to integrated planning thursday pm integrated planning hello got today did hunch thanks thursday pm integrated planning dear doing well contacting regarding upcoming integrated planning which scheduled amsterdam please find attached event agenda great combination experts over sharing views interactive study presentations workshop panel discussions key topics discussed reassessing role organizations how push process continuous improvement big enhance demand driven forecasting planning journey towards maturity predictive how planning take advantage more panels comprised senior professionals several years experience manufacturing prestigious companies more event link parity sop integrated planning currently running bird discount event price valid until friday questions feel free directly otherwise expecting professional feedback colleagues amsterdam best regards coordinator corporate parity parity,Storage,Hardware,0.7309907870828679
password reset sent friday november reset cont importance high si recent la laptop si sa se sa asap tester en si recent si intra cont laptop sa tau la wireless sa ii ca sa se sa sa se care ales tot merge ii ca sa ii ca sa la el bun ii reset si ii la,Access,Hardware,0.7303377129476649
multiple notifications oracle action required entries hi colleague logging receiving same inform about event also same event log thank november action required entries task application take action links actions approve reject more entries details assignee assigned date task number recommended actions entries card details card period status submitted card comments reported code type location task details absences totals location details days comments mon wed sat regular concurrent engineering country enter comments about entered by daily totals calculated type code location task details absences location details days comments totals mon wed sat regular concurrent engineering country comments daily totals related links comments display history updated by action performed assignee updated assigned assigned assigned assigned assigned assigned assigned assigned assigned assigned,HR Support,Miscellaneous,0.7288670161187423
internal transfer access card belgrade hello somehow never received card transfer form please kind proceed issuing appropriate card moment he has card card he card thanks senior engineer,HR Support,Access,0.7269091216605278
virtual machine setup sent friday virtual machine hello tried install laptop using but get error vt disabled there with error attached can you please help changing bios settings thank you,HR Support,Hardware,0.7268026231319713
time sheet approvals october pm sheet approvals hello please move sheet also same change needs sheet thank regards leader,HR Support,Miscellaneous,0.7260177310507014
action required leave the windows updates issues re action required leave hi friday can leave laptop evening works sent friday action required leave hello our indicate you might still be vulnerable infections due updates we kindly ask you leave your laptop en during weekend can have look them apply updates please leave them either your or bring them over where can be retrieved monday failing apply these updates could lead infections manifest through blocked access files by encrypting them turn could lead commercial consequences for our thank you for your understanding analyst ext hub,HR Support,Hardware,0.7253664826217707
user sent monday re update with unlimited password hi still can access server maybe because rights could you give same rights for please attached image for clarity thank you best regards,Hardware,Access,0.7249052985831704
a for colombia friday july pm hi purchased colombia kindly asking assign tickets building these machines also please log him replenishment professional backpack plus wireless keyboard mouse jug headset thank administrator ext think ctrl,Hardware,Purchase,0.7247278507576188
create project wednesday create hi please help create zephyr details attached thanks senior tester,Access,Internal Project,0.724577550000205
reporting discrepancy account discrepancy hi there noticed data discrepancy regarding when search for tab shows contracts won year date however when then add myself sales lead number drops should be case only sales person can think where look for where entries reflect change can you investigate thanks,Hardware,Miscellaneous,0.7238826488871081
net support com list alias is not functioning list functioning dear we have recently noticed list functioning when we send list members receive have originally requested be set alias was functioning like for some can you please check let know why functioning anymore thanks manager en,Hardware,Miscellaneous,0.7233827292491728
downloading copies from setting is not available si cum pot important view ribbon la library si ca owner folder merge individual oh god merge file explorer si merge ti pot ca ca la ah se la cine si owner tot ca la super si pot si la se,Storage,Hardware,0.7226456912169602
error message error message hello when try access induction materials receive following error won allow open any please help gain access thank you manager,Hardware,HR Support,0.7206850813472185
user for customer has access to internal projects sent december for customer access projects hi we need for for purposes please treat checked few external clients after brought attention added groups instead external ones what person assigned needs below go check every external users part any groups outside external one any other groups synched with ad for example external correct for external permissions confluence prod external users ad used for confluence access cannot should be removed users ad used for access cannot should be removed write ad used for access cannot should be removed users should have access one please attention especially part ad users if you there ad part usual groups users ad users you can make list check with also please remind follow external creation procedure detailed end work instruction if you need other details let know thank you manager sent friday december for customer access projects hi something wrong with setup for following full name access have added him but also sees well cannot explain please look issue urgent matter cannot share details until we won restrict his access thank you manager,Hardware,Access,0.7167791555306239
action required leave the sent friday re action required leave update ll monday have be analyst en sent friday re action required leave hi leave reason for performing updates have laptop with ll updates weekend or monday latest thank you analyst en sent friday action required leave hello our indicate you might still be vulnerable infections due updates we kindly ask you leave your laptop en during weekend can have look them apply updates please leave them either your or bring them over where can be retrieved monday failing apply these updates could lead infections manifest through blocked access files by encrypting them turn could lead commercial consequences for our thank you for your understanding analyst ext hub,HR Support,Hardware,0.7156300599620694
cannot edit content on after receiving write rights sent monday re access members hello colleagues have tried access folder although have access rights for existing documents cannot copy own documents or modify existing documents location could you please matter thank you kindly sent monday access members hello please be advised granted them write access requested site please note synchronization might take up hours please asked them restart their afterwards try should you need further assistance please let know thank you analyst community builder ext hub sent friday access members dear colleagues please access our folders disciplines testing testing our colleagues thank you kindly senior tester registered under,Hardware,Storage,0.7146995799885826
accommodate the networking infrastructure on th floor for connection to the network tuesday november pm floor stack hello infrastructure floor has accommodate devices connect has moved floor please bring networking infrastructure floor where thank consultant,HR Support,Hardware,0.7139389190342375
leavers still active friday leavers active hello please make license active since generates costs waiting confirmation bit highlighted inform needs implemented well please make tend bit possible thank best regards leader ext wednesday pm leavers active hi by across user has processed leaver march he active please remind make accounts checked disabled well processing leavers paying licenses these accounts processed properly realise seemed he had roles sn he part said question did leaver other worth clear question around leaver form avoid these omissions future vote quite costly thanks leader,HR Support,Access,0.7133439319582251
password not on android device android device dear please log assign removing re her her android phone updating after thanks kind regards engineer,Access,Purchase,0.7119070417197698
missing task for project oracle sent july unable select task for hi guys sorry for bother encountered issue with last week friday find any tasks for code there were least them one after was called workshop logging code for last months never had issue colleague managed log her perfectly fine last week able multiple tasks for other codes well could you please take look let know if you require further info attached helps looking forward your best regards analyst,HR Support,Internal Project,0.7114370254658412
enable service now access to the pm re hello please proceed actions enable regards infrastructure friday re hello decision synchronize order restrict users accessing knowledge about again back possible regards infrastructure friday good morning well has created under checked requested synchronized thus moment unable create kindly advise also synchronized looking forward hearing thank much kind regards analyst ext hub thursday re hello please proceed regards costs please consider member approves costs license created etc regards infrastructure thursday hello please advise part regarding please advise approve costs license best regards analyst community builder ext hub wednesday pm hello please create same level thanks technical leader,Hardware,Access,0.7092361305473768
integration project list update update hello please add thank kind regards infrastructure ext phone,Hardware,Miscellaneous,0.709005239369922
add to friday february pm computer added dear please add computer repositories please note issue rather urgent thanks,Access,Miscellaneous,0.7068809175327433
bucharest owners list for thursday february owners hello please ad owners thank communication specialist,HR Support,Miscellaneous,0.7052654897677009
access to one drive error message urgent access required access one drive error message urgent access required hi since changed password yesterday cannot access one drive get following error can you please get resolved urgently cannot access data regards infrastructure programme manager upcoming leave rd th th,Hardware,HR Support,0.7047615721335495
access hello seems unable access mailbox within could you please advise receive connection server lost get following error something went wrong we re having trouble getting your mailbox right please refresh or try again later if problem continues please contact your error data version date already restarted laptop pass seem be was able access other tools require same credentials also note trying connect thank you regards,Administrative rights,Hardware,0.7036117670143812
appointments massage chair approval flow wednesday july pm appointments massage chair hello ask help make flow booking massage chairs thanks,Hardware,Miscellaneous,0.70360579031718
issue issue dear please advise for resolution issue whenever try open particular requisition receive error message please help need be able work requisition thank you,HR Support,Hardware,0.7029316502527874
service now account cannot anymore sent wednesday ref cannot anymore hi starting morning work anymore ad password changed last week have functioned since then any authentication authorization using ad credentials works expected can you please check interaction between site federation with our ad eventually expected synchronization between ad domain controllers ad thank technical consultant,Hardware,Access,0.7029014583716094
mailbox sync issue com sent wednesday march urgent mailbox sync issue importance high hi unplugged cable having attached issue times clicked send receive repaired mailbox but still won connect while you look into having sync issues every unplug cable move meeting room where use can usually connect back after minutes what can about well thank you officer,Administrative rights,Hardware,0.702047244887376
issues with timecard si se la stat pus si si pot developer,HR Support,Hardware,0.7001995046272982
issues sent thursday re notification multiple unavailable hi was having problems with forefront for one but work regards,Hardware,Administrative rights,0.6999995275495879
oracle overtime issue sent monday december overtime hello one waiting since for hours overtime be paid was advised add them again october when again come through even though was approved please can you escalate correct within putting out pocket for over year change control presence manager managed mob,HR Support,Miscellaneous,0.6985843312625775
sync issues with sync issues with hi having issues syncing one drive desktop says one file problem but let view what file head sales north,Access,Administrative rights,0.6982993849170729
project to be closed pas july pm closed hi please close continuous costs were recognized other activity planned pm approved closure thank officer,HR Support,Internal Project,0.6973619670231406
access to wednesday pm denied importance high hi cannot user user directory update please problem asap equal thanks test lead,Hardware,Access,0.6965599758903785
access to service now tuesday pm dear please add best regards engineer,HR Support,Miscellaneous,0.6950382806292376
request new projects to be set up spare has been assigned to am oracle support request projects be set up spare assigned hi please raise ticket for below request assign thank you kind regards engineer sent friday re request projects be set up spare assigned hello could you please check how these value have set up spare we getting below error message since yesterday when used codes some seems cannot be posted due addition segment thanks senior accountant ext sent wednesday request projects be set up spare assigned hello please be informed requested codes were set up spare should you need any further assistance please let know kind regards engineer sent tuesday request projects be set up spare assigned hello please be advised record number assigned your please review details take appropriate action reference number details requested for guest contact unknown sales address guest example location unknown line manager summary request projects be set up spare additional comments or requirements projects be set up spare hi please raise ticket for below request thank you kind regards sent tuesday projects be set up spare hi could you please set up attached projects spare manage chart accounts manage values spare thanks senior accountant ext assign fusion ticket reference assignment request summary projects be set up spare location unknown attachments image projects access request please click following link kind regards ref msg,Miscellaneous,Internal Project,0.693499829139623
password change thursday pm change hi guys please help colleague directly hem by thanks facilities,Access,Miscellaneous,0.6923781909136227
account change needed change needed hi noticed contracts listed under rpm needs changed unfortunately let make change please assign contracts contract critical change preventing sign contract contract id thanks help december re signed executed by once contract id has fully approved pending rpm head signed off kind regards counsel old broad street december re signed executed by hi believe link shared variation never got signed confirmation required because included these changes latest variation which has approved december re signed executed by hi link same previously approved per contract id how come please kind regards counsel old broad street december re signed executed by hi approved contract id please arrange signature thank tuesday november pm re signed executed by thanks please upload relevant link contracts fully approved prior final execution kind regards counsel old broad street november signed executed by hi please find attached executed agreement please executed side returned verity upload version wait fully executed version much appreciated november re hi please find attached document executed by side forward receiving counterpart thanks verity verity senior counsel mobile verity image id november re hi verity thank update great move forward signing document much appreciated november re hi agree document provided proceed signature please bear process sometimes takes few days good weekend kind regards verity verity senior counsel mobile verity image id november re hi verity well got update please wanted say also ahead signing extension proposed changes formally signed separately makes easier thanks feedback november re hi verity has approved given did receive signed copy amendment confirmation merged two amendments single document signed obviously working under these amendments while hopefully formally sign everything amendment please find marked clean file attached review signature let questions november re hi verity thank agree best approach kin order avoid undertaking process side hopefully approved asap thanks again help november re hi promised please find attached draft amendment review please note upon review enjoy benefit given definition therefore made clear amendment betting benefit hold both digital let discuss kind regards verity verity senior counsel mobile verity image id november re hi verity much appreciated thank november re hi thanks out meeting next two days endeavour back kind regards verity verity senior counsel mobile verity image id november re hi verity thank getting back please find attached signed copy amendments were later agreed extend contracts form entity changed well please essentially proposed recently drafted which merged form attached amendments along changes entity feel update simplify contract status take lead easier process amendment extension signing same terms single contract thanks november re hi apologies delay please signed effective date propose extend opposed entering thanks kind regards verity verity senior counsel mobile verity image id november re hi verity update moved forward unfortunately received updates progress changes reflect change entity extended period please let how progressing more than meet discuss further october re hi verity well keen ensure both sides properly covered by extending making alterations reflect changes entities side given production critical both sides understand processes perhaps arrange meeting discuss contract process meeting call thanks october re hi good hear unfortunately tomorrow lead verity verity picking completion touch representative reignite historical conversation close lead has changed let kind regards commercial programme october wrote hi re bored hearing thank efforts getting sow signed willing work these given agreement work under terms keen ensure both sides properly covered book slot discuss help pass extension processes please breakfast meeting greenwich tomorrow morning short notice come over thanks has subsidiary each individually together communication attachments confidential contain privileged proprietary information intended solely intended recipient received error please notify immediately disclosure copying alteration forbidden reserves right monitor communications networks registered number registered floor zig zag building street has subsidiary each individually together communication attachments confidential contain privileged proprietary information intended solely intended recipient received error please notify immediately disclosure copying alteration forbidden reserves right monitor communications networks registered number registered floor zig zag building street has subsidiary each individually together communication attachments confidential contain privileged proprietary information intended solely intended recipient received error please notify immediately disclosure copying alteration forbidden reserves right monitor communications networks registered number registered floor zig zag building street has subsidiary each individually together communication attachments confidential contain privileged proprietary information intended solely intended recipient received error please notify immediately disclosure copying alteration forbidden reserves right monitor communications networks registered number registered floor zig zag building street has subsidiary each individually together communication attachments confidential contain privileged proprietary information intended solely intended recipient received error please notify immediately disclosure copying alteration forbidden reserves right monitor communications networks registered number registered floor zig zag building street has subsidiary each individually together communication attachments confidential contain privileged proprietary information intended solely intended recipient received error please notify immediately disclosure copying alteration forbidden reserves right monitor communications networks registered number registered floor zig zag building street,Miscellaneous,Hardware,0.6884997396969255
sub account request for information pm sub please red bellow proceed best regards pm re sub hi advised related excluding ones regarding redirected advise help users also inform thank administrator friday pm re sub hello progress thank friday december sub dear colleagues create sub which by add consolidated billing existing purpose define method card order avoid personal card same existing more formal step since charges performed possible make approach bring benefits clean separation resources per centralized usage per won impact ability work joint opportunity benefit combined usage discounts etc thank best regards,Hardware,Access,0.6873967480723726
new request ms its snow support pm re hi part include yet take care once she begins name please snow thanks re hello thank idea definitely wish part believe well perhaps add too since she involved processes also perhaps more oriented name chosen make comply best practices naming convention concerns fine thank best regards leader ext pm hello awesome please create called snow ladies containing users please let part well best regards analyst community builder ext hub,Hardware,Miscellaneous,0.6860345567248112
new macs thursday october macs hi please add addresses machines thanks discipline lead,Hardware,Miscellaneous,0.6858353846693053
access request friday hello user thank,HR Support,Access,0.685458269335489
missing procurement sent monday hi please rise ticket thank you regards analyst en sent monday hello again have another issue drop down list for have some could you please also add ones right left print screen thank you best regards,Hardware,Miscellaneous,0.6835206859965187
maintenance windows wednesday february pm hi want implement attached currently clients identified color coding follows client allowed change window client allowed change window client allowed change window client allowed change window client allowed change window client allowed change window cross accounts window single relevant warning messages displayed cr indicating planned date planned date both allowed also way track changes were done entirely partly example true false true implemented within change false date both useful populated based dates after cr implemented let questions about please raised thanks,Hardware,Miscellaneous,0.6833558732529685
cannot access one com resources wednesday pm cannot resources hi receiving error doing wrong thank,Hardware,HR Support,0.683098382793347
amend status oracle for and friday pm review hi please these persons stated thanks friday pm re review hello currently suspended contract left his leaver form completed please let actions needed side cheers lead please consider environment print review importance high hello attached aggregated yet submitted days submitted which has significant impact recovery please touch order image thank upcoming holiday october floor blvd district,Hardware,HR Support,0.682673608207309
access to report oracle denied every month sent tuesday december report importance high hi could you please raise ticket for below best regards applications analyst en sent tuesday december re report importance high each month somehow have access report should have can you again provide access last month you gave again again someone took access report thanks sent tuesday november report hi morning can access report need possible thanks,Hardware,HR Support,0.6826078339524639
project approvals request for information specialist ext hub friday july pm re transferred entries mention la moment approve la ore care si second normal se wrote hi guys please help thanks thursday july fwd transferred entries hello yet fun inside si eventual ore la fwd ii approve el la moment begin forwarded transferred entries date july task application take action links actions approve reject entries details assignee assigned date task number recommended actions entries card details card period status submitted card comments reported type code task details absences location details days comments totals mon wed sat cost regular proposal prep documentation cost regular proposal prep documentation cost regular planning cost regular disciplines application sick leave daily totals calculated type code location task details absences location details days comments totals mon wed sat stop stop stop stop stop stop stop cost regular proposal prep documentation cost regular proposal prep documentation cost regular planning cost regular disciplines application sick leave pm daily totals related links comments display history updated by action performed assignee updated assigned assigned assigned assigned assigned assigned assigned assigned assigned assigned assigned assigned reassigned assigned assigned assigned assigned,Hardware,Miscellaneous,0.6819820023357556
friday march pm hi back cover has reason keeps displaying her under her old location please create handle he thanks thank administrator phone,Hardware,Purchase,0.681529239339767
password issues sent thursday february password issues dear please log ticket assign for fixing authentication issues was having morning thanks kind regards engineer en,Access,Administrative rights,0.6808796876069657
oracle cannot approve time entries tuesday pm re entries hi please kind regards analyst tuesday pm entries hi entries cannot approved tried delete re submit same results application allows dismiss status submitted please review figure behaving test lead ext,Miscellaneous,HR Support,0.6806506240457538
cannot access tuesday pm cannot hi tried resetting receiving please help thank senior,Hardware,HR Support,0.680361364477997
bucharest access friday december hi please card thank unit,Access,HR Support,0.6799498868404799
project re naming re naming hi move incorrectly named alternatively possible rename move existing costs over existing make job lot easier also process attached setup thanks managing director mobile,Miscellaneous,Internal Project,0.6770694942594166
install install hello please assign caller thank kind regards analyst,Hardware,Administrative rights,0.6745666779672372
kb on workstations issues with windows updates kb workstations hello could you please log ticket investigate come with solution for assets where kb installed pending reboot thank you regards owner operations manager en sent thursday october notification issues with updates importance high hello everyone several you have reported receiving multiple screen errors devices running operating following installation latest updates we stop their server your devices until root cause identified resolved until then if you prompted restart your device for updates installation take place please postpone for being devices running other operating seem be unaffected we return with updates matter become available thank you ext,Hardware,Administrative rights,0.6721296856925707
approval permissions friday july pm permissions hi approve her requests regarding off annual leave she has submitted queue please wrong pending she br,HR Support,Miscellaneous,0.669909194190116
vendor creation request snow vendor creation snow hi please add vendor snow name country senior corporate accounts mobile description please main vendor thanks kind regards officer,Access,Miscellaneous,0.6685375412715795
and to this phone number tuesday pm hello please add phone number thank regards leader re head pm re running mea si cat va re cat cat ca si la head thursday pm re ti spun consultant re deadline head thursday pm re rile men tine la consultant head thursday pm hello conform ca germany columbia ca regards re hello please note types want contacted rest called mentioned countries kind regards wednesday pm re hello did requested germany columbia regards leader hello please note logged extensions reference please advised moment available once extension available allocate kind regards analyst ext hub tuesday pm re shared mailbox creation hi germany columbia phone allocated these countries countries reach out phone number mobile phones phone allocated regards leader shared mailbox creation hello please advised shared created please attached guide how add regarding please inform name require advise type require kind regards specialist ext hub re hello option shared mailbox phone number needs please let further information regards leader hi kindly advised has logged more detail order make completely understand query two types groups shared mailbox which added additional mailbox under personal mailbox come separate mailbox users added client these come personal mailbox users owners also note lists accessed inside by default please also let allow members mails please let which two also please advise number allocation referring mobile phone number number looking forward hearing best regards thursday pm hello please create please give these also please assign phone number please let further information regards leader,Hardware,Storage,0.667335223182841
pas access dear please provide her also please change rights want replace needed thank testing discipline lead,Miscellaneous,HR Support,0.66682327126183
hard disk problem sent thursday hard disk problem hi got message have nothing important there were other issues with except message could you please check if there real issue with regards,Administrative rights,Hardware,0.6661987057256932
access rights to space rights hi guys please control right copy required thanks,HR Support,Storage,0.6658554379029299
oracle account adjustments friday pm adjustments hello please adjust sheet working instead other leave thanks specialist,Access,HR Support,0.6657045384082877
time sheet entry not approved friday march pm sheet approved dear sheets haven approved since approved february help problem thank regards officer,Miscellaneous,HR Support,0.663480997357053
approval issues oracle sent tuesday approval urgent important importance high hi today have spent hours managed approve around please note individual or bulk approval does work we have send invoice client tomorrow evening hence urgency request thanks for help have attached two errors received different scenarios one individual approval second one for bulk approval thank you planned annual leave th st th potential annual leave th th holidays st th th senior manager,Miscellaneous,HR Support,0.6623930479318577
password not working from sent thursday december re password working correct changed senior engineer ext date thursday december re password working you specified below but maybe capitalized letter because correct was what was already pre saved screen after accepted certificate question about being trusted or secure something like senior engineer date thursday december re password working use your computer your computer password senior engineer ext date thursday december password working when tried log into morning with same password using since did work think failed or times checked caps was also tried using but gave password valid or something effect recall when worked for last over thanksgiving weekend perhaps definitely was working monday can you check into logs you need bring over laptop senior engineer information confidential be legally,Access,Hardware,0.6622100714008761
license unavailable sent tuesday july license unavailable hi could you please increase number licenses myself other developers cannot use software our daily activity cannot even use days evaluation trial because have already did reinstalling does work br sent tuesday july license activation server working for dear able get license for editor really need for work message looks like best regards senior developer sent tuesday july license issue hello we have noticed our following error message causing issues across teams can we fix issue asap best regards design lead phone mobile en ext address blvd your zone,Access,Hardware,0.6611998661356957
need your approval for the licenses licenses hi please best regards analyst wednesday november pm licenses hi please help find tried find urgently approved thank head thursday november pm re licenses issue flow table approvers head thursday november pm re licenses hi come thanks head thursday november pm licenses hi has rejected by mistake needs again please approve requisition sorry inconveniences thanks head,Access,Miscellaneous,0.6606537294512784
project manager update friday pm update hello please help configurations change pm code thank,Miscellaneous,Internal Project,0.6602726370692129
permissions permissions hi when log getting message access denied overall permission had access before can you please inspect,Hardware,Storage,0.6595876782852691
issue sent friday october re issue hello would like be added groups employees added regularly line manager thank you sent thursday october re issue hello thank you for writing regarding below before we can log request process further please advise exactly lists shared mailboxes you need be added attached you line written approval best regards analyst community builder ext hub sent thursday october issue hello employee contract started th october observed colleagues receive lot usually receive anything talking about or individual mean represent interest for everyone think haven added some if possible appreciate be added be updated with information thank you,Hardware,Miscellaneous,0.6591552606744145
request for connection hello intern tester reasons work perform tasks by deadline ask allow thank best regards intern tester mobile,HR Support,Hardware,0.6588080114719922
approval friday pm hi please best regards analyst friday pm re hi please give clarity where expense row thanks expense care manchester cam se merci tester,Hardware,Miscellaneous,0.6578498667289452
account hi cannot log well thanks kind regards main main,Hardware,Access,0.6555332766221077
icon question pm pm regarding lock icons files pm minute call pm hey pm call pm pm se pare ca pot cine si complaints ca good dam merge pm ca pm si pm good pot pm eventual si ca known issue ca se thanks pm pm pm si pm la weekend fain pm pm regarding lock icons files pm minute call pm hey pm call wednesday re icon question hello please about regards discipline lead wednesday re icon question hi keep noticing everywhere instance location icon appeared after replaced old version app saved same happens throughout site owner thanks leader wednesday re icon question hello please location where locked best regards engineer tuesday pm icon question hi guys requires please let lock means certain thanks leader,Access,Hardware,0.6540344620047495
user creation sonar thursday re hello please add next sonar marked color therefore sonar created by regarding profiles choose profile by choosing configuration profiles were attached existent profiles agrees certain requirements call identify rules custom profile regards thursday re hi confirming ideally everyone sonar reports cannot done then individuals possible also ask individuals elevated permissions ability define profiles etc thank wednesday pm re hi replicated job under sonar reports therefore steps job job framework sonar job framework sonar sonar job changed git user reusable git sources pulled by instead maven build step goals changed deploy number build number clean compile number build number since maven goals getting skipping sonar analysis due bad build status failure added step analysis maven pushes reports sonar please sonar reports sp sonar dashboard index also granted view sonar reports noticed too late written parameters nexus repository build deploy maven goal artifacts were pushed deleted nexus sorry added profiles widgets etc sonar help please unblock reusable ad since known issue regards wednesday pm hello please assist regards analyst ext hub wednesday pm re sonar hi think more details understand needed expectation which push sonar then sonar create push update additional metrics subsequent pushes also give push assign permissions assumptions good also provide user guide how job integrate sonar thanks head wednesday sonar hello please advise ran successfully find name sonar regards analyst ext hub tuesday pm re sonar hello link framework thank lead tuesday sonar hello please note granted generic sonar where log yet find framework sonar ran successfully sonar maybe provide link sonar call hold awaiting response regards analyst ext hub friday re sonar hello understand these steps sonar sp sonar sessions authentication failed enter credentials other hand please let thank lead wednesday sonar hello well kindly attached guide advise steps integrating sonar completed find framework link created by under slightly different name steps taken sonar pm provide details once appears sonar create needed also also updated configuration plan exists tracking purposes looking forward hearing thank much regards analyst ext hub wednesday has assigned hello please advised record number has assigned please review details take appropriate action summary requested item details null choose template applicable please provide short description sonar details user provide link updated aims platform connect main app has called framework sonar sonar user by says authentication fails please help sonar link forms sites procedures view add requested location please link kind regards ref msg,Hardware,Access,0.651447570466478
oracle access sent monday access hi can you please help with access cannot with pass know if active regards,Hardware,HR Support,0.6510914582523584
project access pas pm hi please provide write best regards,HR Support,Internal Project,0.6489934487470347
access to wednesday pm re hi again think clarify cannot pass enter identity tried error cannot log verify entered identity application administrator continue instructions how thank wednesday pm hi please rights taking over role thank,Hardware,HR Support,0.64780070405992
project tasks not visible oracle when trying to submit on project code sent friday start date be changed importance high hi kindly ask you let have your soonest changing start date for st st we need change asap enable submit their cards thank,HR Support,Internal Project,0.6469095841529823
issues with sent thursday issue with when friday dublin edinburgh lisbon where meeting hi have issues with cannot join there more conf id can use join over phone please can you help tx,Administrative rights,Hardware,0.6455696419129034
conference account thursday november pm hi please assign calls client regards,Hardware,Access,0.645174396142597
error error hi can you please reset for november also line manager be changed above thanks software developer,Miscellaneous,HR Support,0.6441514331390608
issue story cannot be transformed to bug sent monday november issue story cannot be transformed bug hi we have created was created story by mistake should be bug we trying change type issue can we cannot change story type bug could you please help thank you manager,Hardware,Miscellaneous,0.643194995891202
retrieval tuesday pm hi lite black has floor phone replace galaxy she moment please log installation device retrieval old help thanks please provide her back cover tempered glass growth well she needs swap both phones shall help please provide sn she contain these details justification has mobile phone working properly sometimes working phone calls thank administrator mobile phone,Hardware,Purchase,0.642582949649634
mailbox user creation mailbox volume purchase plan apple apple profile push apple please,Purchase,Storage,0.6424415677220809
issues thursday issues working once administrator rights removed unblocked issue thanks,Hardware,Administrative rights,0.6402861686689778
line manager tuesday pm re update tuesday pm mine ca si si ca la tine developer,Miscellaneous,Hardware,0.6376481101792487
st of july friday pm st july hi please reject card approved st july he annual leave card done thank,Access,HR Support,0.6369149296013196
outlook is down ny sent tuesday march re down ny meetings morning quite frankly have call number there way have escalated via regards sent tuesday march re down ny please make you type full for also if there something urgent forget use phone number sent for also signature below phone number thanks senior engineer ext upcoming days off march phone number date tuesday march down ny hello app appears be working for everyone currently ny while able access through another one colleagues cannot access says does have permissions view even through explorer bit urgent issue would appreciate speedy response regards,Administrative rights,Hardware,0.6367875469270308
win install issue for win install issue for installation issue ticket si queue mine direct senior engineer en,Miscellaneous,Administrative rights,0.6357132585982864
attachment internal error hi when trying attach multiple files only ones smaller size get attached for larger ones receive error limit for maximum size attached file client body size might set low value if lower can be raised about mb if what could be problem thank you,Hardware,Storage,0.6353336569164173
access to am com shared mailbox friday re hi please confluence mailbox please create accounts credentials thank senior engineer,Access,Storage,0.6351603886336921
check oracle account requested for hi intern have issues with access web she cannot log either with credentials she get wrong or password error,Hardware,Access,0.6349782474740111
team dear would you please help for resolving have noticed she change her role there one colleague but might be mistake we haven got any colleague with name have joined thank you very much appreciate efforts head analysis en,Hardware,Miscellaneous,0.6323152286926818
critical alert sent friday december critical alert following alert occurred status active data source type data source computer description last recovery points created failed communicate with protection agent because agent responding for more information open administrator console review alert details monitoring task area,Hardware,Miscellaneous,0.6322247681088133
access for bucharest space pm hi please help floor he leave give thanks pm re important ne care spatial alt wednesday pm re important ne spatial friday july pm re important sip si wednesday july pm re important sip el thursday pm re important screen thursday re important rug strange declarations secure fie screened shared re important la pot thursday re important thursday important si va maine la la maine se va introduce si face la va client important personal,HR Support,Hardware,0.6303083373232582
issues with time sheet oracle and absence records issues with sheet absence records hello could you please assist with issue can submit for below periods thank you regards sent re issues with sheet absence records ca error sa cont ca se introduce calendar view manage timecards lead sent wednesday october re issues with sheet absence records ca la sa ca sa merci sent re issues with sheet absence records sa submit care care se template test si ca la sa si sa ca awaiting approval ca care la moment si normal template lead sent monday october issues with sheet absence records sa sheet sa submit la cum submit la sa ca forma la care sa ca awaiting approval ca cat si sa accounts payable accountant,Hardware,HR Support,0.6277241815666705
formatted text and pictures outlook meetings sent thursday july meeting pot meeting care sa text care invite senior developer,Hardware,Administrative rights,0.6275729487013271
list of all leavers for the last months tuesday pm users hello please accounts leavers active accounts roles assigned please review also provide leavers months run complete montgomery montgomery pavan thanks,HR Support,Access,0.6263671865043614
please automatically add the colombia number the for meetings pm re update create colombian number conferences same other locations hello please automatically add colombia number meetings similar other regards update create colombian number conferences same other locations dear further recent communication believe query has resolved resolution response please let further assistance matter reference number summary create colombian number conferences same other locations resolver description kind regards ext ref msg,Hardware,Miscellaneous,0.6257644266807418
hr us list friday pm hi please assist process changes let kind regards friday pm re thanks agree suggestion please proceed thanks regards hi onboard thinking amend follows structure members proposed structure act back needed let thoughts kind regards,Hardware,Miscellaneous,0.6246772477930707
outlook link si link si si par sa introduce pass se sip si si,Hardware,Administrative rights,0.6245086663903082
update installation help update hi teams solve quite fast thanks head tuesday december pm re update hi please regular channel regards tuesday december update hello installed software application needs update ordered upgrade package help installation please let further details thank kind regards senior accountant december re update infrastructure has handed over teams documentation supporting documentation found reiterate said solution os level officer annual leave notice december tuesday december re update hi forward colleagues document specifics related installation software where installed functionality thank kind regards senior accountant december re update hi thank because update process itself application related advisable reach out supplier his assistance upgrading newer version cannot accommodate refer commission done by none facilitate upgrade third option where teams out update given language barrier constraint thank officer annual leave notice december tuesday december update hi doing well application installed germany has update version features running possible linked automatization process help installation backup process quite straight forward believe installed best more technical involved please let more details thank kind regards senior accountant,Hardware,Administrative rights,0.6227815855182511
send surveys and reminders only on weekdays november reminder feedback has impact hi please surveys reminders weekdays thanks november reminder feedback has impact dear because has resolved close resolution appreciate opinion how satisfied feedback referring dashboard number unique accessing tool recent years feedback improve processes deliver more focused training reward recognize best among regardless scores give take moment work say thank please bear mind survey session expires kindly advise submit feedback responses within opening survey want provide feedback closed drop feedback thank feedback sn ref notify assessment user ref msg,Hardware,Miscellaneous,0.6226660248112048
service now new service request non service friday february pm hello please create named possible create automatic routing then perfect other details please let thank ext,Access,Miscellaneous,0.6224643356855738
new project billing billing dear kindly ask create billing billing billing thanks officer,Access,Internal Project,0.6220230544600662
change computer change computer hello for your information computer stopped work monday yesterday guys form give one respectfully,Hardware,Miscellaneous,0.6219644340538933
event notification ground floor balcony door open original message sent tuesday march event notification data event ground floor balcony door open source balcony details details details,HR Support,Hardware,0.6214135050030559
maternity leaver hardware thursday pm monitor hi hand over monitor keyboard away maternity leave location floor seat please take location specified thank,Hardware,HR Support,0.6209984955009006
server friday pm re hi please ask provide form completed thank july hello please advise thanks kind regards analyst ext thursday july pm dear please provide installed which testing trainings investigations members testing instance moment please preferable possibility migrate once environment thanks head testing colombia,Hardware,HR Support,0.6203559831386387
oracle time card card hello guys understood submitted has approved meantime shifts changed by possible order make changes thank kind regards analyst,Access,HR Support,0.6198014266309837
approver removal request from cr thursday december pm approver removal cr hey please call per assign thanks officer december re approver removal cr hi please thanks december approver removal cr hey please acceptance cr she maternity leave represents appropriate approver cr question kind regards officer transition ext,HR Support,Miscellaneous,0.6197076478288333
access to friday march hello please provide user thank senior engineer,HR Support,Access,0.6195992576838105
product activation failed sent wednesday product activation failed hi after returning vacation software installation complained failed product activation after connecting via activated by looks but continuous complain unlicensed steps failed indicated help until next monday only please help thanks,Hardware,Administrative rights,0.6194776771471284
please action missing time tuesday november pm please action hi please log leave prenatal si periods since left please note done requests fill past also must happened kind regards mobile device please excuse brevity typos la date please action dear part established processes each required submit his weekly basis each friday past must submitted receiving because haven followed process please action possible breakdown please log accordingly training materials available id by each wednesday past period then also notified country date total days,Hardware,HR Support,0.6193829075410741
oracle pas urgent re we updated rights query hi can get some assistance here looks like have full control for codes only one working for cannot forecast need done by friday thanks programme portfolio officer mobile phone,Hardware,Internal Project,0.6174677212274464
grade increase for ad wednesday pm re grade increase hello please find attached transfer form thank administration officer pm re grade increase dear since transferred architecture discipline role design lead propose same agreed level head architecture thank kind regards tuesday pm re grade increase good make updates thank administration officer pm re grade increase hello please everything grade increase going starting kind regards thursday july pm re grade increase hello has also salary increase october please salary increase remains october grade thank administration officer pm grade increase dear job offer developer contains step grade increase se cl performance considered adequate step planned october his performance appreciated by both client client promoted him superior role context want grade increase earlier hence kindly ask help increase grade se cl starting st approved level by level please keep informed progress let questions thank,Storage,HR Support,0.6173193130187147
accounts accounts hi thank you for providing access for seems misses test cases module if or something but should have same access rights more details below regards manager sent wednesday december accounts hi found can enter but access can you please help with access rights should be same for access created by should same thank you wednesday december accounts hi current status for credentials received access granted can work with credentials received but cannot be accessed without certificates received delayed join most probably tomorrow wrote another best regards wednesday december accounts hi could you please confirm if accesses working for thank you manager sent tuesday december accounts hi here credentials sorry delay forwarding these details thank you manager sent friday december accounts hello please be advised ad accounts have created for display name domain password address display name domain password address if there anything we can assist with please let know best regards analyst ext hub,Hardware,Access,0.6172426169858428
upgrade ram and cpu for a machine friday upgrade cpu machine importance high hi teams machine based raised several times concern machine needs updated cpu serve needs developments struggled lately understand upgrade several machines kindly ask machine also upgrade number machine please let actions take order approved due thank,Hardware,Administrative rights,0.6169230923261209
info for hello moment has feature regarding advise migrate content old attached guidelines migration help hesitate best regards engineer pm re migration hi client accessing part site via content needs remain published via until whatever name term accessible content des move moved folder under hub hosting kind regards migration hello move beyond beta phase excited site transition site which launched st old records show site owner receiving site transferred please close down otherwise please continue reading transfer old site think where files find description where files placed hub content employees locations content events reference links disciplines content links files profiles connected official disciplines practices content links files profiles connected official practices functions functions sectors content files profiles connected sectors links toward accounts hub content files profiles connected accounts links toward please note site bit slow working make better weeks drop let where site located under function site name site old let change after site owners location where want upload files site transfer relevant editing rights also guideline upload yourself recommend upload relevant files delete rest download create archive next two weeks files old afterwards old become two weeks means unable change upload files download moment finally after date proceed closing down kindly note deadline site file transfer october enjoy browsing looking forward thank kind regards ext hub,Storage,Hardware,0.6167295796225482
change patch cord change patch cord dear patch cord connector defected help replace,Hardware,Miscellaneous,0.6163356010178419
staff replacement and forecast tuesday march pm replacement forecast hi code added member forecasted working days her march while she soft booked until date joined different she replaced by he same dates forecasted march next months update forecast mode way update records assignments correctly shown starting march thank,Hardware,Internal Project,0.6156910491964207
impediments at logging time impediments logging hi activity deleted delete more than takes almost minute thank,Storage,HR Support,0.6148610511606493
info required thursday pm importance high hello help submitted final approver requested additional information please find attached information by after submitted information final approver seems redirect him where how submit please help figure out please help logging issue thank blvd floor district,Miscellaneous,HR Support,0.6140811665906171
import of final for into import final dear please assign thank kind regards analyst,Purchase,Internal Project,0.6139166961830548
edwards lost permissions to service now sent monday july unable log hello please be advised have logged separate ticket for kind regards specialist sent monday july unable log hello we have one more colleague lost his roles few more names should follow once receive them get back you can confirm part tm requests groups thank you very much kind regards analyst ext hub sent monday july unable log hello other should be members tm requests best regards analyst sent monday july re unable log hello member like bent also should be member well there might be another were removed well but we re yet what name we ll get back you when we find out best regards analyst sent monday july unable log dear thank you for contacting reference ticket logged our end last week unable log have checked appears be order nonetheless does appear she part any or she any roles could you kindly advise whether she was supposed be part any groups allow her visibility view other self one if please check with her what groups or confirm name colleague whose permissions we can looking forward hearing you thank you very much kind regards analyst ext hub sent thursday unable log hello finds you well could please take look below assist called because she allowed log please her accounts locked either ad nor snow profile when trying click straight number req assigned her she receives log out error if using external log she taken self portal thanks kind regards analyst,Hardware,Miscellaneous,0.6136928871892384
audit access cards july pm re available available care se va care ca ca available si available date va available july available va ne care la ca va analyst ext hub,Access,Hardware,0.6127388897453657
connect devices to switch on th floor thursday october pm connect devices switch floor hello please log connecting ports comes thank great engineer ext october re connect devices switch floor hi these ports floor thank october re connect devices switch floor hi about connecting assets dedicated switch because these devices cannot connected directly switch connect other users please write best regards senior engineer thursday october re connect devices switch floor hi thanks lot helping kindly ask also allow user his also user requested his allowed status also please verify user has thank phone wrote hi yesterday according moved switch floor floor today help connect devices specified switch floor best regards senior engineer,HR Support,Hardware,0.6123475984960914
oracle com authentication fail outside network authentication fail hi working outside for client experiencing difficulties log with name password possible reset password case cannot log with password possible password reset link be send able moment access thanks kind regards tester client corporate operations wholesale rural telephone mobile correspondence address intern mailing address street address including any attachments confidential legally privileged subject copyright sent for personal attention intended recipient only if you have received error please advise immediately delete you notified disclosing copying distributing or taking any action reliance contents information strictly prohibited although we have taken reasonable precautions ensure viruses present we cannot accept responsibility for any loss or damage arising viruses or attachments we exclude any liability for content or for consequences any actions taken basis information provided or attachments unless information subsequently confirmed writing,Hardware,Access,0.6121082289385597
wants to access end project setup form project repository tuesday february pm wants setup form repository please give accept decline,Access,Storage,0.6117721543904598
reopen pm change hi entered date st leave instead public holiday has approved please reopen reentry mistake thank senior developer,HR Support,Miscellaneous,0.6111656655728178
issue issue hi guys need delete draft contract annex we can push through for approval contract id dc when we try gives message file only won delete can you please advise help around cheers manager,Hardware,Miscellaneous,0.6080900288343692
add laptop en to add hello please add she needs resources her thank,Hardware,Miscellaneous,0.6079970791878344
non starter ion hardware allocation october pm re ad hello inform announced coming employment please cancel his accounts close initiated processes his employment thank friday october pm ad hello please advised ad has created user user required change further assistance please let best regards analyst community builder ext hub,HR Support,Access,0.607013705227219
approval flow oracle cod flow cod bun cod ca care se care la mine,Hardware,Miscellaneous,0.6043970245796556
change start date of project thursday february change date hi please change date code st thanks officer,Miscellaneous,Internal Project,0.6031515419698724
access dear colleagues please myself forms accounts requirements client invoicing view ribbon involved billing starting thank senior tester,Access,HR Support,0.6029771447268653
orders orders dear please log assign queue thank engineer thursday re orders hi let pass by order maybe test regards wednesday pm re orders hi thanks coming back interested learning more about other kindest wishes senior engineer wednesday re orders hi apologies late mentioned previously reused allocated user reason suggest same configuration bit younger than old please let find suggestion come back more details regards friday pm re orders hi got around july best wishes senior engineer thursday re orders hi number seems allocated user did replaced regards thursday pm orders hi well possible purchase old kindest wishes senior engineer wednesday july orders hi folks victorious order order kindly requested log two installation tickets these assets supporters supporters operates believe growth appears two assets please log tickets by yourself refresh retrieve victors interested old assets please both perform correspondent order by tutorial explorer thanks administrator mobile phone,Hardware,Purchase,0.6028356599625878
access to hello help information needed connect think looks regards senior developer,HR Support,Hardware,0.6022100085671859
project does not have any tasks with oracle fusion friday pm tasks submit task thanks registered under number whose registered old broad street kingdom provide clients each subsidiaries separate entity has liability,HR Support,Internal Project,0.601844746108659
token error sent monday error importance high hi trying setup up laptop but have encountered number issues can you can fix for firstly cannot for working secondly get error below when clicking token have checked for does exist computer kind regards,HR Support,Hardware,0.6012382129292926
missing access hi cannot best regards,Hardware,HR Support,0.5983343565524417
remove user from related groups from sn thursday pm re call reference unable log platform commented hi mistake please related groups she needs receive thanks kind regards thursday pm call reference unable log platform commented assuming coordinator date thursday call reference unable log platform commented assigned application commented view reference number summary call reference unable log platform priority low resolution target date description tuesday february pm press call call reference has logged call via press call reference number problem logged by content category subcategory help unlisted problem description unable log every usual log says log failed work notes work notes released hold ref msg,Hardware,Miscellaneous,0.5977745481607457
new project git tuesday october pm re hi please find attached setup forms git thank senior tester,Access,Internal Project,0.597329763227772
thursday pm hi troops has he has loaded kindly build machine thanks administrator phone,Hardware,Purchase,0.5966368437233871
access to outlook issues sent thursday access issues hi below for your attention engineer managed en sent thursday re access issues hi there someone can have look issue issue unable use client using normal but can connect using kind regards senior server infrastructure engineer sent access issues hello please find below answer regarding thank you best regards engineer managed en sent monday july re access issues persists sent thursday july re access issues hello could you please let know if issue with solved or still persists thank you best regards engineer managed en sent thursday july re logged access issues can someone contact please if possible,Administrative rights,Hardware,0.5947240135156565
roaming ad no longer required pm re roaming profile ad hello please ad delete roaming profile kind regards roaming profile ad hello updates thank analyst community builder ext hub friday roaming profile ad dear performed ad accounts yours containing roaming profile please advise setting roaming profile ad please provide justification looking forward hearing best regards analyst community builder ext hub information confidential legally privileged intended solely addressee opinions expressed mine necessarily represent opinions susceptible interference intended recipient disclosure copying action taken omitted taken reliance strictly prohibited unlawful received error attachments,HR Support,Access,0.5938306490310852
needed outlook setup issue sent monday november needed setup issue dear could you please kindly create request per issue below assign thanks analyst sent monday november re needed hi have successfully installed suite but setup working according attached file gives information error could you please advice thank you test consultant sent monday november re needed hello had assigned license you please be informed license assigned you order use required licenses accounts should be used log portal enter your address when you go password field screen be redirected federation there please remove your address enter domain details your password you can download for portal also attach here guides for setup case please kindly let know if we can assist further kind regards analyst sent november suite for hi guys received pro but need suite could you please direct right location where could download what need most word excel thank you test consultant,Hardware,Access,0.5929188486408413
problems with account re problems with hello nothing changed for still have access newly created stories board thank you,Hardware,Access,0.5917703482567078
unable to approve as owner of site sent thursday february re wants access call thank you confirmed with leader en sent thursday february re wants access call hello please be informed we made some configurations should work expected best regards engineer sent wednesday february re wants access polls templates please provide access for some reason cannot also please restore access able approve thank you leader en sent wednesday february re wants access client hello again for some reason unable approve these requests please restore access can approve owner site need have full ownership permissions every corner site collection also with permissions she requested thank you leader en,Miscellaneous,Storage,0.5914370542207521
cost for new tv cost tv hi looking buy tv features anymore haven upgrade browser let recover tv costs won after tv regards re cost tv hi quote tv cost recovery unable help kind regards administrator friday pm cost tv hi please help price offer tv maybe browsing capabilities identified model lh compatible fine other options available tv want display because browser compatible upgrade newer version also recover tv costs won old after best regards mobile next annul leave rd,Administrative rights,Hardware,0.5913685080833935
not present sent wednesday hi please note cannot believe due fact we have name collision colleagues with same name can you please check let know outcome best regards,Miscellaneous,Hardware,0.5904764073237548
missing time invalid code for sa ca ii invalid si si valid si chrome,HR Support,Hardware,0.5904733943398622
oracle time entry for employees tuesday july pm employees hi please assign thanks analyst july pm employees relating please tasks amended by same task structure other locations same task structure same task structure thanks july re employees hi four tasks created by default each then add amend tasks suit needs tying identify appropriate person assist setting tasks back identified right person thanks july re employees hi log tasks planning etc applicable activities please add order log actual activities thank friday july pm re employees please again senior tester friday july pm re employees hi cannot add task log friday july pm re employees hi instead code appropriate task thank senior tester friday july pm re employees hi seems code work friday july pm re employees hello option enter code card regards administrator friday july pm re employees hello everyone please issue solved therefore ask submitting cards let other difficulties encountered reminder absence module yet fully configured usage please absence codes created circumstances leave annual absence leave special tasks public holiday thank senior tester tuesday july pm employees hi everyone experiencing issues complete sheet problems working fix affecting fixed once issues resolved thanks has by protection more visit,Hardware,HR Support,0.5901985369983307
printer not working on th floor secured area sent thursday printer defect importance high la printer xerox ca se laptop va sa cat tare have great accounts payable,HR Support,Hardware,0.5900961847697422
leaver tickets sent tuesday leaver hello could you kindly advise what might have gone wrong with flow leaver process for tickets have automatically logged also please let know his end date we can be able close down his accounts please note we have logged incident get back you with resolution available thanks analyst ext hub sent tuesday re leaver hello please could you confirm logged if what reference regards manager sent leaver hello please be advised relevant tickets be logged our queue once leaver form completed submitted until then we can log any other leaver tickets duplicate them please let know if we can assist any other way thanks kind regards analyst ext hub sent monday leaver hello currently processing request for leaver you should have ticket raised for attach analysis form required part process please also ensure token process followed links incorrect there dead links incorrect information form references leaver process document please review amend thanks manager managed,HR Support,Miscellaneous,0.589577660322325
lists lists dear please rename existing lists follows english module english induction english module ii english grammar patterns english module iii english communication vocabulary english beginners english english english please keep inherit membership ownership much appreciate done possible thank november lists hey hey lists english module english induction english module ii english grammar patterns english module iii english communication vocabulary english beginners english english english,Hardware,Miscellaneous,0.5888674557255603
problems on after password change sent monday re logged locked out good morning continuing have problems with accounts password changed can pick up or send get following error message please can you let know what should date monday logged locked out ticket logged fellow your ticket logged with good hands usually can take up hours have solved however you can expect hear sooner if you want progress made your ticket please check your ticket details ticket reference summary locked out description advised reset his password locked out resolution target date good know needs hundreds tickets we receive daily according their urgency impact resolving high impact high urgency tickets should you wish add details your ticket or increase priority you can drop line or leave comment how we warm regards ext,Access,Miscellaneous,0.5884478040708082
project access request thursday march pm hi please thanks head,HR Support,Internal Project,0.5879135745115582
backpacks request for interns backpacks interns hi guys backpacks interns tower possible because often meetings which held building interns top priority thanks tester,Hardware,HR Support,0.5874974838122431
timecard approval difficulties sent monday sa si click link cam tot ace si ie si chrome ca care si sheet regards software developer,HR Support,Hardware,0.5856741630531497
for leaver wednesday july pm leaver hello please fill person left name period code task component type regular each working period code public holiday leave each thank bur software developer,Internal Project,HR Support,0.5824886152289626
cannot log into sent wednesday july cannot log hi cannot log was pointed change password did seems cannot log with password could you help please urgent thank you,Hardware,Access,0.581331324692436
connect floor port into switch at th floor hello please connect floor port switch floor thanks,HR Support,Hardware,0.5812434304426237
leaver us nj october no notification was sent no leaver tickets found re leaver nj october hi set end date please note notification was sent remained active please check think problem needs be addressed asap thank you lead sent thursday october leaver nj october importance high hello writing inform you employment with terminated effective immediately last working today october please send leaver document manager her access should be shut off asap please add out for with following verbiage hello thank you for your message please be aware longer active if you need assistance with pending deliverable any your projects please contact head digital design best manager,HR Support,Hardware,0.5809577895829262
issues sent wednesday july issues hi can you please escalate our manager for performance issues we encounter with received multiple feedback today personally was encountering issues accessing opening performing any tasks thanks head,Hardware,Administrative rights,0.5798425592182379
missing costs and for sent wednesday costs for hello calculations for forecasted costs revenues for per please investigate thanks manager,Miscellaneous,Hardware,0.5791540000081248
change of discipline tuesday pm change discipline dear please attached transfer form changing discipline st july remains same thank,HR Support,Miscellaneous,0.5778209196480748
new project please work notes thursday december pm importance high hi well help please thank engineer future vacation period thursday december pm importance high hi please create called engineering also after template other than handling please about urgent since template trial instance which active until december basically until tomorrow thanks,Hardware,Internal Project,0.577526677043102
please log support ticket to check for thursday november pm please log hi please log think running host had issues few weeks ago saw discovered virtual machine folder stats back needs protection configured cl maps regards infrastructure consultant,Storage,Hardware,0.5771162804826288
can access account thursday hi today changed please help thank,Hardware,Access,0.577095449775701
new starter form for team server net wednesday pm starter form hi once has created please proceed creating providing per please mind her date confluence environments stag test test test test license mentioned visual studio license studio add her key vacation requests update version mentioned found thank mobile wednesday pm re starter form hello starter best regards senior developer wednesday pm starter form importance high ext,HR Support,Access,0.5767053978294815
project access hi please help please thank tuesday december pm hi please urgently give roles same ones thanks,HR Support,Internal Project,0.5763723382808537
new discipline name wednesday pm discipline name hello discipline strategic growth which change corporate please strategic growth selected going forward retained history add corporate job details record has discipline let regards,HR Support,Miscellaneous,0.5763229085581607
de access th floor wednesday hey va milk fruits fresh la care si exact card si ca si si si intr va tuesday pm hello kindly advised floor cards visitor visitor visitor visitor visitor visitor visitor visitor visitor visitor milk fruits fresh la please let require further assistance thank kindest regards analyst ext hub friday pm perfect la analyst ext hub friday pm re si care badge nostrum friday pm ne ca weekend analyst ext hub friday pm re ca la si va exacta ca friday pm la ne ca la ne ca si si tot merci si analyst ext hub thursday pm la la ca ne la analyst ext hub thursday re care va ne si cum si card care si ti care active va ne milk fruits fresh la wednesday pm re la la care va ne si care active va ne si cat analyst ext hub wednesday re care la dam care ii dam wednesday re la analyst ext hub wednesday hello va la,Hardware,Access,0.5761299850507835
obi access thursday pm obi hello please provide center currently receive needed weekly tickets report consolidate thank clearing analyst,Miscellaneous,HR Support,0.5751441908277558
change oracle wednesday october re starter hi please change ad because which stands unfortunately because her disabled shown directory even disabled anymore replace her because historical mixed confusing please let change give him thank sorry inconveniences kind regards analyst starter dear please advised has logged assigned queue thank much regards analyst ext hub wednesday october pm re va ne si va la wednesday october pm hello va ne date administration officer,HR Support,Miscellaneous,0.574801778852664
change domain password tuesday july pm change hello yesterday needed change due helped solve problem,Access,Miscellaneous,0.5747382268866633
install surface pro friday pm install surface pro hello please advised had hardware issues his surface pro after receiving back he needs assistance installation he booked flight he come tuesday july pm please available tuesday assist please thanks engineer,Hardware,Administrative rights,0.5721557758338401
for importance high hi please help two next rd floor customers lister bishop log via available best regards,HR Support,Hardware,0.571747898498092
windows update not working sent monday re action required cryptographic prevention hi update working available updates but apply them run update troubleshooter but update still working can you please assist regards,Hardware,Administrative rights,0.5715779505269
amp install on amp install dear please log assign installing amp his thank kind regards engineer,Purchase,Administrative rights,0.5712067928898671
bios password en requires privileges two tuesday july internship parole administrator si tool dam enable la bios la la face ca tool br senior tester,Access,Hardware,0.571168587525682
new starter contractor pm re user hi updated cost centre control otherwise form fine think please find attached please let thanks re user hi off today copied he help further cost coming off his budget thanks re user importance high hi prepared starter form information please review cost center person etc issue credentials thank director re user importance high hi everyone please provide update matter has arrived needs credentials hardware fully has issued processed thank director user hello please advised order processed fill back find attached looking forward thank kind regards analyst ext hub wednesday pm user hello create contractor she after create user thanks head,HR Support,Access,0.5702846159208305
remove absence july re rejected hi please days holiday sheet thanks regards head testing mob july rejected hello everyone assistance required please let gladly help specialist ext hub thursday july re rejected hi although client pm agreed book working kind regards july rejected hi had holiday work regards head testing mob,Hardware,HR Support,0.5701423294946923
access to area visitor cards re area visitor cards approve regards thursday pm area visitor cards hi client visit during course next visitor cards secure area tower once visit complete separate disabled cards appreciate completed by friday visitors please approve thank cooperation regards,HR Support,Access,0.5700208079742132
critical alert sent saturday critical alert following alert occurred status active data source type data source computer description last recovery points created encountered error for more information open administrator console review alert details monitoring task area,HR Support,Miscellaneous,0.5699810455824498
add afield to the notification tuesday november pm re requested item warning hi needed quite easily rely user kept date also uses user location than rest clients back please log under name thank november requested item warning hi question capture region therefore out presence difficult identify which member way add out cheers change control presence mob,Access,Miscellaneous,0.5694769399961733
name correction tuesday name correction dear identified spelling error name instead appeared until please make updates thank administration officer,Miscellaneous,HR Support,0.56917674579837
badge access th floor badge floor hello problem badge cannot enter floor where cluster please thank kind regards accounts payable,HR Support,Access,0.5689456500028747
can log on to laptop sent thursday november password expired able log please call asap have tried calling you several times yesterday today but says line busy or circuits busy cell based atlanta,Access,Hardware,0.5687833113089349
help for booking time help booking hello please help book during had public holiday everything seemed fine sheets wrong kind regards senior software engineer blvd floor please refer section entities,Hardware,HR Support,0.5687099506806285
adjust threshold to instead of on poll virtual full on friday october pm re poll virtual status down has assigned hi everyone thank best regards friday october pm poll virtual status down has assigned hello please change poll threshold instead asking because staging environment where performs different types tests added leader confirmation needed thank best regards senior engineer,Hardware,Miscellaneous,0.5685620304654059
oracle booking problem sent monday march booking problem hi cannot book unresponsive whichever click book open tried with chrome thank you,HR Support,Hardware,0.5680113054491095
conversation are not stored the conversation history request query about conversation for remote workers assigned hi would like raise same issue did doing none conversations stored under conversation history except days when does work if used or using have setting done but still nothing stored under conversation history you only store form when was thanks program manager upcoming leave none planned sent wednesday october re request query about conversation for remote workers assigned good morning if something was done for but noticed morning conversations started appearing even past though still up date latest shown th october last week best regards sent monday october re request query about conversation for remote workers assigned hi yes happens for conversations option checked print screen asked other colleagues work remotely experience same issues described with conversations copied let know if need anything side best regards sent monday october re request query about conversation for remote workers assigned hello could you please let know if issue you described specific for for conversation while work remotely also double check could you please verify save conversations conversation history folder option checked best regards engineer managed en sent wednesday october request query about conversation for remote workers assigned hello please be advised record number assigned your please review details take appropriate action reference number details requested for contact managed address location center line manager summary request query about conversation for remote workers additional comments or requirements query about conversation for remote workers hi can you please let know if intended behavior for conversations being saved conversation history when work remotely regardless if connected or or issue you can investigate sort out for best regards kind regards infrastructure manager assign for ticket reference assignment request summary query about conversation for remote workers location center attachments image access request please click following link kind regards ref msg,Miscellaneous,Hardware,0.5662186749077829
account issues sent domain issues hi starting yesterday experiencing issues when using domain access laptop can please investigate advise cheers design lead,Administrative rights,Hardware,0.5660276938738746
part time working code approval query wednesday action required entries hi guys please thanks tuesday pm fwd action required entries hi part working code due drop off thanks date action required entries task application take action links actions approve reject entries details assignee assigned date task number recommended actions entries card details card period status submitted card comments reported type code location task details absences location details days comments totals mon wed sat stop stop stop stop stop stop stop cost regular germany bench bench cost regular part working out due part working cost regular public holiday leave germany public holiday leave daily totals calculated type code location task details absences location details days comments totals mon wed sat stop stop stop stop stop stop stop cost regular germany bench bench cost regular part working out due part working cost regular public holiday leave germany public holiday leave daily totals related links comments display,HR Support,Miscellaneous,0.5655014720413513
new device to be added to pm re device added hi connect via added thanks pm re device added hi please also add thanks device added hi joined merchant he connect add his please name thank,Purchase,Miscellaneous,0.5644221551836395
re reminder we feedback annual it survey re reminder we feedback annual survey hi when try complete survey receive error second could you check please best regards sent thursday december reminder we feedback annual survey importance high annual survey we feedback dear colleagues thank you for feedback provided far we have collected complete responses with your help we believe any feedback useful can help build friendlier more efficient work environment when answering please consider interactions you had with processes survey link needed most deadline st december make count donate for each complete response delicious surprise awaits you you have fill survey provide your address you can be one lucky winners selected randomly answers received be aggregated allow statistical analysis case you have any questions regarding survey please contact customer care annual survey ext,HR Support,Hardware,0.5643458131889283
badge access history for a testing participant on tuesday badge activation testing participant hi please has her badge enter information public holiday rotation has properly respected agreed thank testing discipline lead,Access,HR Support,0.5629629205401921
please provide access to please provide hi please provide directory thank dashboard pipeline program program upcoming leave none planned,Internal Project,HR Support,0.5622697093842175
nae with procurement preparer role for friday july pm re hi please kindly preparer role thanks hi please kindly log colleagues thanks kind regards friday july pm ne si ca back care specialist next planned vacation blvd floor district,Hardware,HR Support,0.562094099147647
windows updates not working sent wednesday re action required updates hello when try install latest updates get error regards,HR Support,Hardware,0.561444960803554
windows update not possible error sent tuesday update possible dear colleagues shows there updates available download install but when get message there was problem downloading updates looking details get error code tried downloading updates being connected directly via cable but also by using you have any ideas en kind regards senior consultant frankfurt main frankfurt main,Hardware,Administrative rights,0.5604226809019719
acrobat acrobat hi needs acrobat pc please let license create information install software received thanks senior engineer ext cell upcoming days off february december phone number please consider environment print,Hardware,Access,0.5601132556633305
notifications thursday pm hi please include recipient related she receive sn currently receive,Purchase,Miscellaneous,0.5589084556146686
data inconsistencies to correct urgent pm re inconsistencies urgent importance high hi updates reattaching file made change persons modified facilities thank collaboration friday pm re inconsistencies urgent importance high hi please help make corrections per attached tab corrected cells highlighted yellow represent needs updated employees which attributes changing status left inactive maternity st july even active discipline grade also filled expense combo where replaced where incorrect cases which supposed unique identifier sync bolded few column please please also employees created twice even more times column table quite few duplicates please action asap morning essential corrected order enable perform controls post costs bus please feel free cases where false vs checks mainly discipline change noticed were cases where discipline correspond job title also update lines where status out sync let decide together update thank collaboration friday pm re inconsistencies please action spreadsheet yet more errors highlighted updated once thanks re inconsistencies thanks did spreadsheet also thanks re inconsistencies hello please advise further assistance needed thank analyst community builder ext friday re inconsistencies hello did create jobs job please advised users were inactive thank kind regards thursday pm re inconsistencies left re inconsistencies please add inactive she maternity leave thanks re inconsistencies thanks also clarify changed july st include person number starting xx obviously corrected real date he re inconsistencies hi also notice jobs created correctly having job right driving flow has right coding naming convention creating jobs job separate session lessons learned loose ends create records correctly come back include these topics well setting session thanks kind regards officer inconsistencies importance high hi please help make corrections attached cells highlighted red needs change combination st july expense values st july left date given status inactive maternity st july also number setup details blank expense accounts disciplines etc please ensure right found updated thanks please refer section entities,Hardware,Miscellaneous,0.5571928698203629
problems with the control access at the th floor sent wednesday march problems with control access th floor hi we have problems with control access th floor main door work enter works only get out can you please help urgently thanks manager,Hardware,HR Support,0.557054439162039
former interns ad accounts interns ad accounts hi guys bellow employees formerly attendees testing internship program had ad accounts suspended offered work contracts employees starting today please unblock accounts advise how proceed thanks test consultant ext,HR Support,Access,0.5562994833043664
cannot submit time there tasks under codes,HR Support,Internal Project,0.5561461900969917
tape library issues sent tuesday tape library issues hello can you please liaise with our hardware provider we have issues with tape library please log assign thank you lot best regards senior engineer en,Hardware,Administrative rights,0.5560811136252907
change backpack change backpack hi backpack years good want ask change old returned colleagues left regards developer,Hardware,Miscellaneous,0.5555232966050034
new owner for project code part time working thursday pm re owner code part working hi perhaps other part timers allocated code reviewed by regards re owner code part working hi unfortunately think right owner needs change part working code introduced joined re were fan exceptions got ownership code even transferred across code needs owner think basis employment contract condition related best person approve each currently after while feel kind out thanks head managing director germany re owner code part working hi about possibly matter needs corrected added she assist assume code has correctly configured regards owner code part working hi historical reason code everyone has part contract please allocated owner makes sense please suggest approve thanks head managing director germany,Internal Project,Miscellaneous,0.5552682675489223
mail as july pm re einstein fleury hi please add blacklist br regards july pm einstein fleury hello please find attached initially received kind regards analyst july pm re einstein fleury hi please order analyse regards july einstein fleury hello please advise please note haven logged yet best regards analyst community builder ext hub saturday july pm einstein fleury hello please advised mails received please thanks kind regards analyst please consider environment print friday pm einstein fleury link,Hardware,Miscellaneous,0.5552476129294921
oracle request supplier statement oracle re tickets hi please re tickets resolved automatically by accidentally missed these actions tickets thank best regards application engineer friday pm supplier statement has assigned hi please rise regarding closed by order awaiting response thank best regards application engineer thursday pm re supplier statement has assigned ca si tip document sold si cum si fie separate ca ne si care kind regards accountant ext supplier statement has assigned si ca best regards application engineer tuesday pm supplier statement has assigned call cum care best regards application engineer thursday pm supplier statement has assigned hello please advised record number has assigned please review details take appropriate action reference number details assign reference assignment summary null choose template applicable please provide short description supplier statement details thursday supplier statement hello please consolidated supplier statement per attached example balance certain same report notes supplier thank regards leader priority affected add requested location center location center attachments events please link kind regards ref msg information confidential legally privileged intended sole,Hardware,Miscellaneous,0.554004972346796
oracle fusion app expenses help wednesday november pm re app log app please help thank date tuesday october app hello order mobile application please follow steps step download install mobile device step run app step press agree step next fulfill step host user name locally change later by yourself after part empty step press done step press keep mind synchronization take until then complete installation encounter other issues please hesitate thanks kind regards analyst ext hub tuesday october pm app hello downloaded expense app asking information host user name assuming same log assume same log please provide information app thank,Hardware,Access,0.553968186981466
event notification ground floor main door open sent wednesday march event notification data event ground floor main door open source cafe details details details,HR Support,Hardware,0.5539188545346779
sound issues solved sound issues solved hi please note we had issues with tv sound during presentation help consider raised issue solved thank you,Administrative rights,Hardware,0.5531070635206027
ready re ready usually handles setup creating providing package dear please provide license setup thanks kind regards engineer november re ready hi great later afternoon suits well thanks wrote hello prepared almost ready rights order create install which provide instructions please let hand over kind regards engineer,Hardware,Access,0.5523075739437799
disable outlook prompt sent friday march meeting rooms hi keep getting these annoying meeting rooms also get these can you please disable these notification fix problem thank you applications discipline lead en,Hardware,Administrative rights,0.5521316136157581
file share access to infrastructure share sent tuesday march re update file share access hi guys could you please provide access managed access need be same mine please treat request matter urgency thank you senior infrastructure consultant sent march re update file share access hello can you incident please also need access location managed kind regards senior server infrastructure engineer infrastructure sent tuesday february re update file share access hello still unable access shares could you check please regards senior server infrastructure engineer infrastructure sent february update file share access dear further our recent communication we believe your below query resolved if you with resolution there need for response however please let know if we can be any further assistance matter please note interactions between clients regularly monitored order make high quality maintained reference number summary file share access resolver belgrade resolution details can access infrastructure share share description sent wednesday february file share access dear please can you allow access file share like for other senior per colleagues here these two most required infrastructure share share best regards senior server infrastructure engineer infrastructure kind regards ext hub ref msg,Storage,Hardware,0.5519750724827609
managed services missing sent monday october re managed hello can you please raise ticket for below incident thank you kind regards sent monday october managed hi kindly request for your with below issue have when attempting generate po have managed raise requisition managed but when go tab order generate po cannot find managed list hence cannot generate po can you please add able perform task if further clarifications needed please let know thanks administrator,Purchase,Miscellaneous,0.5519314512555726
assistance needed re opening resolved ticket tuesday error worked added has assigned dears please re thank regards analyst tuesday error worked added has assigned hello please advised record number has assigned please review details take appropriate action reference number details requested location center summary error worked additional comments requirements tuesday ore hi please rise earliest convenience thank regards tuesday ore care ii ca ore si si ore leader assign reference assignment summary location please link kind regards ref msg,Hardware,Miscellaneous,0.5516327756873634
access march va si eventual test vine ca test area lead thanks test lead,HR Support,Hardware,0.5515896172852222
software install error message net framework sent thursday software install error message hi could you please help out with following issue when try install software installations client component pack get following message when click download install feature get following error connected tried with same error appears thanks incident manager,HR Support,Administrative rights,0.5510541536813083
staff issue sent thursday issue hello could you please rise ticket for assign kind regards engineer sent thursday issue sa care set sa ca sa set engineer sent wednesday issue hi guys update la set report inca merci planning analyst,Miscellaneous,Hardware,0.5502920857198764
backup software work properly hi could you please solve problem with software work correctly have had problem for couple months data specific folder backed up there lose data if os work regards,Hardware,Administrative rights,0.5502711234982837
test issues sent thursday test issues dear could you please check why test for some colleagues was but was working thanks lot for your help kind regards senior software tester en,Hardware,Administrative rights,0.5497808516916509
time sheet issue sent friday sheet issue importance high hi have issue accessing sheet every try log face blank screen chrome explorer can you please assist with thanks kind regards specialist,HR Support,Hardware,0.5490451408772907
for october re approved side tuesday october hi please write files he work planner please reports view ribbon officer,Miscellaneous,Storage,0.5488605775957203
amendment to the framework agreement friday december pm amendment framework agreement hello please help basically needed change type sow variation without re submit thanks best regards friday december pm re amendment framework agreement la la si friday december pm re amendment framework agreement si friday december pm re amendment framework agreement se face prefer ca rules care friday december pm amendment framework agreement type sow variation face resubmit merci contract id friday december pm re amendment framework agreement hi amendment making changes schedule change contract type without having re submit thanks december re amendment framework agreement hi think variation kind sow also want change type submit doc under print screen please thanks best regards friday december pm re amendment framework agreement hi realise were paternal leave congratulations little mummy both doing well amendment has recorded sow please rectify make variation thanks december re amendment framework agreement hi basically document describing sow required anymore thanks december re amendment framework agreement hi worries signed by post today about sow has approved sign well also requests signed originals by post sows thanks december amendment framework agreement hi please find latest communication bellow amendment attached back ask sign once fine confirmed thanks december re amendment framework agreement bonjour lawyer has reviewed amended document changes mainly clarity purposes think issue executions version signature discuss during course position signed thanks two hard copies by post attention thanks lot december re amendment framework agreement hi added lines highlighted cover requests let more required matches covered must specified by per agreed schedule match february call engineer accessed via by phone client holiday notice november december december amendment framework agreement hi please find enclosed amendment framework agreement after reviewing meant schedule amendment described core agreement changes were done accordingly additional details provide additional framework agreement has details add couple things agree schedule weeks events working understanding clear procedure activating call during match nights where dedicated personnel appointed please amend document these things thanks lot best regards information contained privileged confidential protected disclosure intended addressee herein intended recipient please save copy distribute disclose information contained herein please notify error by replying call then immediately delete communications secured result content shown actual content,Miscellaneous,Hardware,0.5488035326589171
atlanta new employee laptop issue atlanta issue hello requiring change allow also cannot change please advise southeast,Hardware,Miscellaneous,0.5485193352513638
reopen status reopen status hi guys please add reopen status possible ready testing possible reopen thank,HR Support,Miscellaneous,0.5473100072909126
mail list thursday november pm dear possible add mailbox thank,Miscellaneous,Storage,0.546716837091221
frequent issue getting screen every for last few days information after restart problem signature problem event name os version locale id additional information about problem os version pack product,Hardware,Administrative rights,0.5457076244839495
access to en hi transition device number please provide number appreciate resolution issue thanks,Purchase,Hardware,0.5456598011166044
july and for pas wednesday pm july hello please tickets import costs costs july kind regards application developer,Miscellaneous,Internal Project,0.5455216128840256
exit dates oracle thursday july pm hi please best regards analyst thursday july pm care leavers si fie pot va si july re tuesday july pm re hi provide details exit dates thanks,Hardware,HR Support,0.5454272749425518
learning management system complete self assessment guide received mailbox,Hardware,Storage,0.5451458866037756
administrator rights on administrator rights since got replaced had lot problems setup environment which implies installing maven virtual docker setting environment variables think relevant install tools next enter his order install tools administrator rights granted same policy also apply infrastructure kind regards,Purchase,Administrative rights,0.5450755050886354
source code mobile re source code importance high hi guys too guys bump priorities fix issues client has reported sorry putting more pressure guys school thanks helping out client holiday notice friday pm mobile re source code hi guys mobile needs repository where mobile stored approved let other approvals thanks assistance client friday pm source code dear ask provide mobile android source code mobile pen repository thank mobile,Access,Internal Project,0.5449325430742901
files or not opening chrome browser hi yes meantime guided using ie ticket got solved several days ago thank you best regards hello opening documents files does work chrome browser for moment issue infrastructure level we have raised ticket infrastructure investigating find solution for issue for you can use explorer for users download document file locally best regards engineer en sent monday files or opening chrome browser hi please raise ticket for you or whom concern solve issue again files or opening chrome browser kind regards administrator sent monday re purchase po hi how video link looks be broken starting below screen should select rows click receive best regards consultant sent friday purchase po dear we have purchased for pro retina dual core en mini adapter apple thunderbolt gigabit adapter please log ticket with for allocation please take into consideration mandatory for you access receipts section order receive item or you ordered here how video kind regards administrator,Hardware,Purchase,0.5442899405775665
access rights re rights approved rights hello please same attached same applies same she joining great by then thanks,Miscellaneous,HR Support,0.543596107809244
changes thursday march pm re changes hi please kind help assistance needed side let thank thursday march pm changes si bench va ca la pm care va senior analyst,Miscellaneous,Hardware,0.543413162859895
issues sent tuesday october issues hi thanks lot for please here issue seem exist or client thanks again en,Hardware,Administrative rights,0.5433424420252045
oracle fusion is not working message unplanned outage sent friday july fusion working message unplanned outage please attached image fusion site working cannot fill manager en,HR Support,Hardware,0.5429404139441912
select minds select minds hi we have issue with select minds manager position published career site but displayed select minds week since position was open please let know how resolve kind regards specialist,HR Support,Hardware,0.5428790427901455
for problem log issue credentials,Access,Hardware,0.5426503772992173
add to am ad wednesday update hi member please add him ad provide license thanks engineer,Access,Miscellaneous,0.5421087946306524
please set as project manager for systems oracle send guide friday please dear please code thank best regards agile next annual leave,Miscellaneous,Internal Project,0.5407940362954734
issues on resolved re hi unfortunately seem work need another option for issue sorry returning one received thanks sent monday october re hi please raise ticket for allocate premium hub please cancel kind regards administrator sent monday october guys va care sa ne premium hub with ports sa va sa kind regards,Miscellaneous,Hardware,0.5403124465797151
server hello please advised scheduled works starting pm experiencing issues upgrade operating polls down during thank engineer friday pm re face se la lead re tot upgrade si fail tine si alt si engineer friday pm la control ad site la lead,Hardware,Administrative rights,0.5402485532045005
windows update issue sent tuesday update issue hi morning ran again check for updates yesterday did same received there nothing update stays checking since morning have restarted machine ran check for updates again but still same also ran again morning restarted but same can someone help thanks,Administrative rights,Hardware,0.5402353881381795
db backups needed for staging deploy wednesday pm backups needed staging deploy hello please log please create backups staging database backup core jobs databases tomorrow please let backups ready thank kind regards application engineer,Access,Hardware,0.5402199086678764
oracle pas write access request to write hi please write copied pm approve she holiday please find communication her asking assist suffice thanks officer cum care cat sept code si costs si face follow terms ca design si si la el fie days row labels sum days grand total costs corresponding ca exact la si si ne sept upcoming annual leave sept,Hardware,HR Support,0.5399333080646203
annual service recovery test architect service name restore architect location confirmed test expected outputs architect restore document template process forms work instruction restore template documentation test application architect database view,Hardware,Internal Project,0.5398067168956542
project costs not able to access via new pas sent monday november costs able access via importance high hi when trying access costs we received below error please review what causing issue accordingly thank you officer en,Hardware,HR Support,0.5388356982032768
close and archive site for thursday november pm re migration hi closed migrate please archive close site kind regards migration hello move beyond beta phase excited site transition site which launched st old records show site owner receiving site transferred please close down otherwise please continue reading transfer old site think where files find description where files placed hub content employees locations content events reference links disciplines content links files profiles connected official disciplines practices content links files profiles connected official practices functions functions sectors content files profiles connected sectors links toward accounts hub content files profiles connected accounts links toward please note site bit slow working make better weeks drop let where site located under function site name site old let change after site owners location where want upload files site transfer relevant editing rights also guideline upload yourself recommend upload relevant files delete rest download create archive next two weeks files old afterwards old become two weeks means unable change upload files download moment finally after date proceed closing down kindly note deadline site file transfer october enjoy browsing looking forward thank kind regards ext hub,Storage,Hardware,0.5379447688601806
access to for thursday march pm va ne si ne,Hardware,HR Support,0.5378947377888922
access to for user provide ca effective date please allow these prod test,HR Support,Access,0.5374929893310553
re re hello topic regards friday pm hello guys please add different suppliers communication needs kind regards communication,Hardware,Miscellaneous,0.5372044698164525
oracle issue sent friday please can have some help re logging password does allow access tells contact administrator thank you kind regards counsel extension mob,Hardware,HR Support,0.5367729817407748
to cable allocation cable allocation dear please log assign allocating cable thanks kind regards engineer,Hardware,Purchase,0.5364332302604161
new employees available oracle new pas wednesday october employees available hi please make available employees belonging thanks floor blvd district,Internal Project,HR Support,0.5363747559904154
holiday awaiting approval status july pm holiday july awaiting status dear please investigate taken holidays awaiting status screen thank thanks kind regards cr consultant,HR Support,Miscellaneous,0.5361764334423595
adding generics for start up project codes sent thursday november adding generics for start up codes hi please could someone your check why cannot add generic member codes seem like does display option for them maybe matter access rights added generics for them round but would like make available directly them for future rounds please log ticket thank you sent thursday november re grade si start up ca regards sent thursday november grade si start up sa ne si sa start up sa face forecast si member generic sa ne grade si si grade engineer si technician officer,Internal Project,Hardware,0.535955186445394
remove closed project from the time recording module list pm re update closed dear thanks closing these codes possible drop down menu recording module thanks friday update closed dear further recent communication believe query has resolved resolution response please let further assistance matter reference number summary closed resolver resolution notes were closed description thursday pm closed codes dear please close codes both simplification architecture review platform architecture review thanks officer kind regards ext,Miscellaneous,Internal Project,0.5352916395065747
welcome day access to october dear friday colleagues since badges please help meeting rooms cafeteria during follow st departure st departure departure departure thanks help,HR Support,Hardware,0.5337808899717456
every time at pm the site goes down sent monday july every site goes down ridiculous brought up several before there scheduled maintenance senior analyst north,HR Support,Hardware,0.5327362108039037
staff member appearing rather than bod sent tuesday member appearing rather than bod importance high hi appears with based days bod when seems set up correctly according below but for know what reason when we try add him with base days we only get line with him being we able switch into bod could you please be kind help thanks,Hardware,Miscellaneous,0.5326273473002319
oracle read only account sent july only importance high hello we have be able access attached them client invoice we discovered does work asking change password can you please help thanks for your officer address th floor blvd district,Hardware,Access,0.5323610157408498
multiple approval tasks for a single time card hello line manager currently vacation receiving multiple for one single card please investigate fix attaching thank you,HR Support,Miscellaneous,0.5322443553322
audit friday february pm number hi presume allocated audited while back issue initially raised then please perform then sorry wait until purchase complete until frees his her thank wednesday february pm number hello please note purchase completed find near future assign released by thank analyst ext hub tuesday february pm re number hello updates where purchase thank ext pm number hello please note number has hold inconvenient wait processing purchase inform purchase complete side assign number thank analyst ext hub wednesday pm number hello please number role contacted communicate directly phone thank planned absence ext,Purchase,Hardware,0.5321679461789947
temporary assignment day hello kindly asking your assistance matter related work relationships related for whom was performed temporary assignment action resulting creation two work relationships original one under was set automatically suspended payroll one active payroll eligible was created under employer entity second one ended th original work relationship under should be active effective th action end temporary assignment was performed work relationship thus work relationship was set inactive original one was active again but seems does work properly because does allow create card for employee after th error appears states entry profile does allow create card for mentioned period error did appeared when tried create card for period prior th action mentioned was reversed until solution found currently work relationships active employee name please let know if anything needed or if additional information required thank you very much kind regards,HR Support,Access,0.5319303598095886
critical alert sent tuesday critical alert following alert occurred status active data source type data source recovery hardware computer description last recovery points created application writer or provider bad either was already bad or entered bad during current operation,Hardware,Miscellaneous,0.5314195821411218
for account issues asking for password sent thursday re for hi working today asking for credentials should be address but also wants password accept password did what need use thanks sent for hello please be informed for created for you assigned extension be your address per below example please following guide for for usage you able make external calls via for kind regards rare analyst ext hub,Hardware,Access,0.530875426531629
th floor printer sent wednesday th floor printer dear th floor printer working properly again error jam every second sent for printing please kindly try fix or replace with another one one seems be old broken thank you specialist,Hardware,HR Support,0.5298554597896468
bucket for internal project thursday pm bucket hello help create please attached form filled head thanks thursday pm re bucket approved tuesday pm bucket hello two colleagues bench working about charts transposed context instead excel stands moment attached form other information myself provide written please attach thanks consultant,HR Support,Internal Project,0.5292193969179851
add to users add users order,Access,Miscellaneous,0.5292116046611424
and access to pas wednesday march pm re hello after discussions seems needs please proceed thanks kind regards infrastructure tuesday march pm re hello per conversation over require requests please advise how proceed thread started topic looking forward hearing kindest regards analyst ext hub tuesday march pm hi guys please issue has tried different options log none seems working sorry hassle thanks tuesday march pm re tot single merge tuesday march pm re si single tuesday march pm re pus la next screen user si merge merge thanks tuesday march pm re la identity ti si tuesday march pm re merge pare ca user thanks tuesday march pm re tuesday march pm re si user name care la thanks tuesday march re hi please link thanks tuesday march re please link where log thank wednesday march re expect reminder friday safe side wednesday march re thanks think wednesday march re hi logged separate yesterday out yourself regarding opportunities checked cannot yet far fully configured yet pipeline keep posted thanks tuesday march pm re hi level level program level he understood possible him level level level level level level level two opportunities well please give well create later thank tuesday march pm re hi please clients sort out thanks,HR Support,Hardware,0.528968629660779
create ticket pm create hello please create automatic regular sn details raised st every name template included summary name category sub category sub category priority type information required included additional resolver queue caller telephony application application information please create status allocation availability result thanks,Access,Miscellaneous,0.5283474896924006
annual adjustment users move to pm annual adjustment users move hello please generic users annual adjustment moved kind regards application developer,Miscellaneous,Access,0.5282189149586188
windows slave issues sent july re slave issues hi you have update problem please keep mind we need have job up running asap thank you senior tester master sent friday re slave issues hello please follow escalation path when raising request incident please open incident for bellow request assign thank you senior engineer en sent friday slave issues hi we experiencing issues with builds slave during our investigation noticed below message after server could you check if server os works expected might block some projects continue their work could you treat with high importance one more note let server be restarted should you need any additional information please let know thank you engineer,Hardware,Administrative rights,0.5280723959822637
to correct manager oracle currently manager assigned but should be could you help please,HR Support,Miscellaneous,0.5277900113612187
am interns needs to be added to all staff friday interns needs added hi kindly ask add she receiving messages addressed thank analyst,HR Support,Miscellaneous,0.5272324444534282
performance issues performance issues hello for some facing some performance issues laptop very often responding even there lot application installed memory full could you please help with tester,Hardware,Administrative rights,0.5270464520619849
senior people manager role wednesday october re bench hi added approve kind regards wednesday october re bench hi clarified he needs his reports please approve him senior role which allow him benefits tab thank kind regards analyst re bench hi please short call how problem looks tried looks receiving messages please add let schedule call thank looking forward hearing kind regards analyst re bench hi employees sorry clear br date wednesday october re bench hi he granted role his reports information per screen please note module available via link application due reasons please ask more let he needed information thank kind regards analyst re bench hi please ensure assigned role thank tuesday october pm re bench hi help fixing cannot assigned help best regards,Hardware,Miscellaneous,0.5267998460964203
updating issue updating issue hi having some issues with for tries unsuccessfully update info rest contacts can you help please thank you,Hardware,Administrative rights,0.5265369303531289
library library dear can books library you can book you have other location could you help please thanks,Hardware,Storage,0.5263575245772605
extension cord need november extension cord requested extension cord received thank software developer blvd floor district,HR Support,Hardware,0.5258227386290788
issues with the documents read security regarding permissions for sa spun ca ad sa ad se incremental crawl se la si la interval se cat ti va access ad la interval normal ore sa ad si sa access sa good si hi guys please be advised have encountered some issues with added above but when checked his access rights appears have access rights assigned him have added him nominally required immediate access rights some documents there any sort synchronization issues between ad sent tuesday documents owner wants access boat march hello please be advised access rights have given should there be any issues with above mentioned please contact we ll gladly help out kind regards analyst ext hub sent tuesday documents owner re wants access boat march morning any update access urgently needs review some docs needs access folder boat dc bb view ad sent documents owner re wants access boat march need thanks senior developer date monday documents owner re wants access boat march only access can be granted helps sent monday documents owner re wants access boat march hi there have asked learn more about our proposals everything there related client why need access those documents added loop well thanks senior developer date monday documents owner re wants access boat march clear why request teams work with sent wrote hello requested access site below site owners we please have your input matter best regards analyst community builder ext hub sent monday wants access boat march be accept or decline request,Hardware,Storage,0.5256947812073094
codes needed pm pm pm pm ti going pm ca code pm pm la ca pm ca si wednesday pm va si pin director,Internal Project,Hardware,0.5252298696305621
access to via access via hi had problem access repository via port outside discussed with provided with help with solution problem informing you problem request by thanks,Access,Hardware,0.525189169709095
access door not working access door working hello there issue with th floor access door closing properly thank you administrator,Hardware,HR Support,0.5251274788421161
battery issues sent wednesday october battery issues dear battery lasts only for maximum hour usually have longer meetings have take charger with everywhere could you please help thanks tester,Administrative rights,Hardware,0.5250936946857578
is down again down again keep getting communications problem thanks senior analyst north,Administrative rights,Hardware,0.5246740507014231
personal leave update for personal leave update she had accident wednesday pm personal leave update ca fie ca si la si si senior developer,HR Support,Hardware,0.5246605869073903
expense report problems sent tuesday expense report problems hello we would be assist with call please use for any inquiries ensure proper tracking could you please raise ticket for request below kind regards sent tuesday expense report problems hello have issue with attached expense report line manager able view report stating flow she cant tried resubmitting couple times but still luck could you kindly help with situation thank you manager,Hardware,Miscellaneous,0.5242237183117243
outlook keeps on asking for credentials informed she recently changed her today morning she currently asking repeatedly pm hello la cam tot pass pm si merge pm pm pm pm pm la pm pm la client pm pm tot pm si intra pm si tot pm yep pm ti recent pm pm pm via pm la si pm si pm la ti pm pm ca la pm pm pm pm si file care pm pm pm pm done pm fie pm restart pm yep working pm pm great pm si pm pm la,Administrative rights,Hardware,0.5241363462752382
time sheet issue sheet issue hello please rise ticket following call thank you kind regards sent october sheet issue hello for last week every receive sheet for approval get mails same also same number attached image for example intended or issue be resolved regards,HR Support,Miscellaneous,0.5237808879042839
for sent tuesday for hi trying open for for got error attached image cannot log thanks,HR Support,Hardware,0.5236610938413998
assign new card for wednesday pm re starter card enabling importance high dear colleagues please note possession card activate serial thank best regards starter card enabling hello please advised activated card by default received preferences per has also area assist let thank kind regards analyst ext hub thursday pm starter card enabling hello ladies please specify card number assign starter thank kind regards analyst,HR Support,Access,0.5231772435776348
permissions new hello please informed gave way contribute write more assistance feel free best regards engineer wednesday november permissions hello please advised thanks kind regards analyst ext hub tuesday november pm re rights contribute ca fie write si ca tuesday november rights hello owner site please approve looking forward hearing thanks kind regards october permissions hi please write permissions approve owner thanks unit mobile mobile,Hardware,Storage,0.5231581906729265
please add to the leadership confluence july pm update hi please add confluence thanks unit ext mob zone,Access,Miscellaneous,0.5206048598467506
am unauthorized access granted sent monday hi guys could you please let know added owner haven approved request thanks manager en,Hardware,Miscellaneous,0.5205484784051979
requisition table columns friday pm requisition table columns hello please assign thanks engineer tuesday pm re requisition table columns tuesday pm re requisition table columns hello please provide where column better understanding kind regards engineer pm requisition table columns hi possible add column requisition table called name information available inside each valuable information also table thank discipline lead,Hardware,Miscellaneous,0.5204131149578721
shutdown restart hardware tuesday pm re shutdown hi added she touch she did mention several tickets logged reached queue logged assigned thank shutdown hello appears window weekend haven seen requests needed down equipment usually needed gracefully down equipment bring equipment back again once completed thanks re shutdown dear building thing let thank re shutdown hi building thing made well gracefully down devices room event backup manually after kind regards shutdown fellow please advised scheduled electrical shutdown upon return holiday please make log phones again thank yours sincerely,Miscellaneous,Hardware,0.5203915911874182
new quarantine account hi received since guys even legit please advise kind regards senior analyst thursday december image removed by dear has created has quarantined image removed by process improvement operational excellence mb manage quarantined must create unable button please copy paste browser default locale once then release released deleted automatically after days please further information about please tip multiple addresses link these together single convenience log manage aliases,Hardware,Access,0.5203156347994438
oracle report enhancement tuesday november pm re report enhancement has assigned hi works perfectly run report thing dump excel play around ideally report format directly perhaps copy report rename reported by person card status folder think useful parameters removed entity card type type add parameter person unit run example columns report also copy think person name column each card status plus total excel attached great report which looks excel file leave please thanks november report enhancement has assigned hi added filter report please inform thanks november pm report enhancement has assigned hello please advised record number has assigned please review details take appropriate action reference number details requested location generic location summary report enhancement additional comments requirements report enhancement hi please make enhancement existing report details add parameter report please parameter add example run report within please let require further information thanks assign reference assignment summary report enhancement location generic location please link kind regards please ref msg,Hardware,Miscellaneous,0.5190516109647558
re your membership for has changed re your membership for changed dear colleagues would you please help with request currently blocked cannot continue working his tasks thanks for understanding head analysis en sent november re your membership for changed hi guys sent you with issue few days ago got response when turning get message access please contact what doing regards designer en sent wednesday november your membership for changed hi received message working fine far regards designer en sent wednesday november your membership for changed you removed manage your customer forums creative you removed hi your creative membership ended if you think was error please contact your administrator if you re interested signing up for individual creative membership we welcome you learn more thanks much for using creative your view details about your logo creative creative logo either registered trademarks or trademarks incorporated states or other countries incorporated rights reserved incorporated ave san ca,Access,Hardware,0.5189082226626551
client portal environment open ports and thursday pm client environment ports hi ports machines client environment attached updated form please tried create worked empty regards,Access,Hardware,0.5184037218138425
cannot log time oracle re works acts omissions hello log working change compatibility did cannot add working,HR Support,Miscellaneous,0.5162311251735346
oracle question friday november pm re hello technical advise possible done based approver reports extracted think teams also checked thank administration officer thursday november pm hi effective employees become exempt utilize weekly hoping myself view employees please let possibility thank,Hardware,HR Support,0.5154175700352285
approvers report approvers report hi could you please rise ticket for below assign for reports thanks hi sorry for delay we investigate issue possible best regards application engineer sent wednesday re approvers report hi guys sorry push but there any please tanks kind regards sent monday approvers report hi have some good after playing for few weeks with pending report looks like report does bring data older than there any you could please have another look thanks kind regards sent friday approvers report hi created template report below image could you please check if you have any suggestions report structure contact best regards application engineer sent monday approvers report dear can you please let know if there way produce report would display current approver with whom sits days sat their queue would be real help if we could build one hi could you please kindly log ticket with our thanks kind regards,Hardware,Miscellaneous,0.5146437350163325
change oracle change dear can you please make for since keep receiving following error message faces for more information please server error log for entry beginning with faces server exception during regards head testing en,HR Support,Miscellaneous,0.5146249198051313
sn account request thursday november pm hello please please add queue thank kind regards engineer,Access,Miscellaneous,0.5133480894547165
leaver us nj october re leaver nj october thank you date thursday october re leaver nj october hello everybody disable her domain too message was setup you requested kind regards engineer id image sent thursday october leaver nj october importance high hello writing inform you employment with terminated effective immediately last working today october please send leaver document manager her access should be shut off asap please add out for with following verbiage hello thank you for your message please be aware longer active if you need assistance with pending deliverable any your projects please contact head digital design best manager id image cd,HR Support,Hardware,0.5130089132163314
th floor printer access issue sent monday november re update preparer access for hello unfortunately afraid still working added printer instructed but password still required could you please assist,Hardware,HR Support,0.5122920214840943
problem logging oracle problem logging hi have problem logging application order working hours enter credential right side nothing happens thank you click here find out more about experience specialist mobile blvd th floor district,Hardware,HR Support,0.5122679139843916
fix update sent thursday march re en hello guys regarding ticket several problems were solved for please raise tickets for request upgrade had only incident fix connection with ad fix wireless issues fix update assign them queue ticket was only for activation kind regards engineer ext en,Miscellaneous,Administrative rights,0.5119961406434308
outlook issues unable to access shared mailboxes hr and hr md sent monday february issues hi since last week cannot access anymore shared mailboxes you able assist thanks manager,Storage,Administrative rights,0.5119301496712094
pas is not working working hi whenever try check some data known pipeline following error occurs unable obtain connection if problem persists please contact your administrator thank you manager,Internal Project,Hardware,0.5112013664254492
add user to com wednesday february hello please add since months thank best,Miscellaneous,Access,0.5109824693318155
enable line management configuration oracle enable configuration dear think options related transfer reports menu available please help sort out meanwhile holidays directly allocate colleague regards,Miscellaneous,HR Support,0.510435924863235
windows for the its team en analyst community builder ext hub wednesday pm re hi per thank hello please log install each based availability ours please advise suffice thank best regards leader ext,Hardware,Purchase,0.5103349066035591
question guest wednesday october question guest hi issues guest wired issues connect client thank,Administrative rights,Hardware,0.5099713234706569
unlock account pm unlock hi conversation please help logging unlock helped pm hello pm minute la calc pm pm pm pm locked out pm se diverse motive pm introduce pm pm si pm si pm fine pm ca pm true pm la pm si merge pm si ne unlock pm la pm make ca merge pm face minute pm thank registered st floor registration vat social,Access,Hardware,0.5099462882504396
change password change name re update change change name hello reopen similar changing credentials mailbox ones were these please restore pass expires every thank communication specialist,Access,Miscellaneous,0.5098430955734768
pas reporting view timeout error view timeout error hi had real problem with view outs report template was issued about week ago keep getting out issues did have reinstall view software when then tested worked but then subsequently keeps failing sometimes works times get error screen largely tells responding client end gives up errors if keep persisting then eventually work occurs consistently issue very frustrating want walk into next round with problem thank you director,HR Support,Administrative rights,0.509604992541637
cannot open files sent tuesday february cannot open files have access one below however when cannot open file screen empty bring back any results remote but also happened while ny yesterday functions sales marketing resources shared resources bid library resources industries regards sales lead,Hardware,Storage,0.5095812209896239
access request for wednesday july pm site requesting links site manage setting site write folder thanks note site site site provides central storage collaboration information ideas site tool collaboration tool communication meeting tool decision making site helps groups work teams social groups share information work together example site help coordinate calendars schedules discuss ideas review proposals share information keep touch other sites dynamic interactive members site contribute own ideas content well comment contribute other,Storage,Hardware,0.5088469917833615
listening for on port wednesday pm listening port hi listen also port clients port link how implement supports alternate git plus port questions feasible implemented best regards software consultant design lead lead,Access,Hardware,0.5086731671867945
link account to oracle support queue re user identifier added tx friday pm re user identifier similar inca wednesday july re user identifier wednesday july re user identifier done best regards analyst wednesday july re user identifier la site cine se va wednesday july pm re user identifier care nostrum si care se va re user identifier guys fie la care etc procedural ca conform pare se ne sr design lead ext friday pm re user identifier weekend fain friday pm re user identifier si ca pot ne guidance re user identifier wrote tie administrators la contractual gold tine ca conform fie platinum level fie gold develop secure index membership level software updates requests platinum included included included plus per specialization exceed gold included included per specialization exceed purchase packs included included none la si ca sr la cine se friday pm re user identifier create sr si care hi please note status contract appears active gold software updates level according policies gold level eligible create discuss further purchase requests package please center program membership resources center index please touch center let proceed closure sr best regards hub application engineer friday pm re user identifier ca se pot sr friday pm re user identifier hello ne va sr la si sc application engineer friday pm user identifier dear user administrator user has identifier sr identifier manage user identifier by clicking links manage user screen manage user screen please unattended,Access,Hardware,0.5082375590343109
password for music crew re mailing required music crew dear please created thanks kind regards tuesday pm mailing required music crew hello please create music crew leader kind regards officer,Access,Miscellaneous,0.508146318349054
tv projection th floor tv projection floor hello guys help link working good usage display information kind regards,HR Support,Hardware,0.5081342599552952
problem service sent monday november problem hi we having problems with environment for machine we could deploy application into then we have restarted with command restart however working yet we have had problems environment indications fix them were run application opt apache bin inside run feature install wrapper feature install wrapper quit ctrl configure with opt apache bin etc add add finally run start check aux we would like ask you for restart completely environment could share with steps you have done similar environment thanks for your help regards senior developer,Hardware,Administrative rights,0.5075195194289062
can log into oracle can log into trying log into keep getting error director mob fixed your zone,Hardware,HR Support,0.5074065733669245
physical fault th floor sent friday december physical fault th floor hi there some physical electrical fault th floor went off for stations monitors various other plugged devices seems there those floor masked sockets looks like malfunction under blown fuse help please best head agile transformation ext en,HR Support,Hardware,0.5071457957569857
add to manager wednesday req please rate experience dear input please help by taking fill out short survey take survey regards english,Hardware,Miscellaneous,0.5067486348044067
check inconsistencies with for sent thursday december check inconsistencies with for hello colleagues had problem already few months ago still facing some issues with for after installation language pack for for renamed cannot menus crashes several times could you please investigate thanks best regards manager frankfurt main frankfurt main,Hardware,Administrative rights,0.5064294060513023
oracle access rights new comer rights comer dear please help dear colleagues please assign roles resp colleague ledger entities accounts payable accountant accountant intercompany accountant tax accountant reports ones has thank lead,Access,HR Support,0.5063259240530252
change thursday pm please code also he martinez regards qui ones senior,Internal Project,Miscellaneous,0.5063034465710894
received after hours february re received after hi thanks letting about delete please add blacklist regards february received after hi guys got friday after please take notice best regards senior developer,HR Support,Miscellaneous,0.506271543498167
oracle fusion empty timecards for approval wednesday december empty timecards hi please issue thank regards analyst tuesday december pm empty timecards hi tasks pending various which empty please cards screen important approved pending dismiss pending wanted dismiss myself unfortunately actions available please thank regards,HR Support,Miscellaneous,0.504808979984687
laptop reinstall resolved reinstall resolved hello please he requested his installed fresh os thank best regards engineer ext,Hardware,Administrative rights,0.5043024912413976
unable to print expense report oracle sent tuesday unable print expense report hi doing about approval click line without opening turn actions print preview get empty file attached can you help with thank you,HR Support,Miscellaneous,0.5042644194043272
change this bid manager thursday pm re appointed bid opportunity va digital automation phase hi variation has bid attached maybe initial had bid he received change bid contract id thanks officer thursday re appointed bid opportunity va digital automation phase hi opportunity thanks re appointed bid opportunity va digital automation phase bid work package please change whomever advises thanks appointed bid opportunity va digital automation phase hello appointed bid va digital automation phase order view opportunity add forecast please link opportunity id wish view opportunities which bid etc cd thank,Internal Project,Miscellaneous,0.5041314409916364
access tuesday pm dear cannot log please help thanks android developer,Hardware,HR Support,0.5040015514041205
new accounts for azure wednesday december pm re accounts azure platform comparison thanks about azure next step further information card required opening thanks wednesday december accounts azure platform comparison hello please advised discussed assist please let kind regards analyst ext hub please take few moments fill annual survey feedback sweet thursday december pm has assigned hello please advised record number has assigned please review details take appropriate action summary reference number details null choose template applicable please provide short description accounts azure platform comparison details please advise kind accounts has available number messages by devices cost azure professional licence guessing cost communication gateway how procedure starting december appreciate prompt replay regards add requested unknown location location please link kind regards ref msg,Hardware,Access,0.503875179926505
new request for wednesday july pm hi cpu storage needs please find attached setup form thanks senior engineer,Hardware,Internal Project,0.5033473134658185
extension cord extension cord hello order cover monitors colleagues same extension cord please provide item assets thank,Purchase,Hardware,0.5032421375255317
permission to new joiner am oracle support team list permission joiner hello please confluence folder mailbox please create accounts credentials thank engineer,Access,Storage,0.5030463286668322
conf call line malfunction issue reappeared re incident conf call line malfunction assigned hello please open another incident related issue thank you engineer managed phone,Hardware,Miscellaneous,0.502979368795375
oracle issue sent thursday issue hi could you please investigate case before got married appears with different names different sections although number same know how could impact billing process thank you,HR Support,Hardware,0.5028473707428821
access needed for external user goddard tuesday july pm goddard hi guys please create thank much tuesday july pm stupid question sorry hi bugs log please how sorry stupid thanks goddard goddard zig zag building street communication attachments contains information which confidential also privileged received communication error please delete attachments files communication constitute advice recommendation communications companies mentioned subject monitoring content by method communication give consent monitoring communications fund jam unit registered wales nos respectively registered jam zig zag building street jam regulated by conduct authority whose north colonnade canary wharf,Hardware,Access,0.5023761793047018
configuration configuration hello developer working invoicing tool earlier requested tool registered understand name has registered require name host port please help configuration thank,Miscellaneous,Hardware,0.5023621365532063
neon database restore request thursday neon database restore hi please production neon circulation database restored database asap software developer mobile,Administrative rights,Hardware,0.5021997127450547
extended ram for extended hello please help colleague upgrade her maximum allowed configuration enough her tasks help also thank help,Hardware,Administrative rights,0.5017482352617262
setting personalize list columns thursday july setting personalize columns hello please add summary option form column personalize columns please user short summary search results way display please advise steps take order enable thank kind regards analyst,Access,Miscellaneous,0.5017307603187482
modify azure modify azure hello please log assign order add azure best regards senior engineer,Purchase,Miscellaneous,0.5014784356454146
leave requests approver change for and wednesday december pm re same regards wednesday december pm hi guys make leave requests come he assigned thanks regards,HR Support,Miscellaneous,0.5011502374006332
cancel meetings organized by another person cancel meetings organized by person hi please help cancel attached recurrent meetings these by colleague maternity leave owner make changes cannot organizer thank kind regards programme portfolio officer,Miscellaneous,HR Support,0.5008030518458814
missing entries friday pm entries hello attempting help issue having unable locate user question within every combination his name tried search function without success presented user found given has left he removed active users choose thanks entries hi please advised allowed permissions submit sheet thus pm which logged add him then submit her him has these permissions pm then tasks manage select parties tab select icon then name member select type role member date select track choose save close view similar except person name filled after person added done order log person step section column step manage cards sign step select required person date card step fill card next submit encounter issues please let thank kind regards analyst ext hub wednesday entries hi works has entries july please arrange these entered zero against code thanks country job discipline grade assignment person date analyst senior engineer kingdom canary wharf senior engineer active analyst senior engineer kingdom canary wharf senior engineer active head technical,HR Support,Access,0.5006113334272257
add user to am oracle support queue sn add user queue sn hello please add queues thank kind regards engineer,Access,Miscellaneous,0.5005248998147731
device alert notification th floor printer original output part device alert notification th floor printer original output part printer out details gate connection error tray tray low toner tray selected tray copier busy details gate connection error tray tray low toner tray fax busy details gate connection error tray tray low toner tray scanner busy details gate connection error model name device name th floor comment host name domain name address stateless address stateless address stateless address stateless address stateless address address print server name file server name name computer name share name device th floor printer alert th floor printer notified,Hardware,Miscellaneous,0.5004995929762815
bod permanent procurement process sent monday bod permanent process dear kindly request your start process related next equipment for bod permanent equipment quantity cost cost cop vendor printer tv door fridges high quality commercial microwave hot cold water dispenser related number bodes address building floor regards manager colombia,Purchase,Hardware,0.5000380587711013
mail technology thursday pm re hi please make add exclusively personnel employment contract myself best regards thursday pm va va ca unit fie automat la,Hardware,Miscellaneous,0.49998451271944977
change end date re hi please note date february please ensure his terminated cob thanks mobility officer december re thanks kind regards december re hi thank confirming updated kind regards tuesday december pm re hi contract has extended march please amendments made thanks kind regards october re thanks kind regards october re hi completion kind regards friday october pm hi please add contractor name job title consultant date october date friday december location entity kind regards,HR Support,Miscellaneous,0.4996317930659862
change the project allocation for wednesday february pm change allocation hi please allocation receive annual leave requests thank,HR Support,Miscellaneous,0.49962228125724567
investigate current device performance thursday march pm action required approve requisition dear please log investigate device performance please return attach over possible kind regards administrator thursday march pm re action required approve requisition hello please kind help compile device name price cost centre supposed please investigate device attach conclusions investigation thank consultant march action required approve requisition amount requester replacement replacement specification storage least processor intel processor enough model justification suitable reasons old model more than years actual device perform enough environment enough computing memory storage approve reject lines replacement old older than years assets accessories task planning action history submitted future approvers view task details,Hardware,Miscellaneous,0.4994381922644675
phone network issues sent monday july phone issues dear please log ticket was having issues his phone assign fixed kind regards engineer en,Hardware,Administrative rights,0.49913321860618914
the day of st july friday st july hi cannot submit july since application single instead interval five days please complete code bench regular billable please how proceed thank developer,Internal Project,HR Support,0.4989778874672016
update and connections service now with technical update technical,Administrative rights,Miscellaneous,0.4987791664788679
create site hello please informed created buzz points accounts site site link also created linked buzz points site link kind regards engineer hello regarding add under please give more information about title name id type active user name kind regards engineer friday october re deleted dear colleagues please create site give ownership thank best date thursday october re deleted hi client which want create client site client site old client name buzz points code further details about client needed please let also under solved too thanks officer,Access,Internal Project,0.4981730517326725
wrong caller name for wrong caller name for hello please log ticket was called by but caller looks be someone cheers application engineer,Hardware,Miscellaneous,0.497966848350815
permissions on sales marketing site sent monday re permissions sales marketing site hello please be informed added why have access one please add best regards engineer sent monday re wants access approved rights manually let know if working please ad ticket or investigate why issues still ongoing issues keeps popping up revolved unproductive for joiners owners you go back forth with access rights rickets every weeks thank you marketing specialist,Hardware,Storage,0.4978039740924155
access to sent friday re logged access hi can you please check below error can submit for approval contract id head,Miscellaneous,HR Support,0.4966644736657523
error sent wednesday error importance high hi seems although period open for primary secondary ledgers we cannot post journal primary we have error shown by below saying period open although therefore go into secondary well please investigate asap we month end close need post by tomorrow thank you kind regards accountant ext en,Hardware,HR Support,0.496375648501609
add user to location member friday november add user dear please add location member best regards engineer,Miscellaneous,Access,0.4963027644989562
critical alert the following alert occurred at am original message sent thursday march critical alert following alert occurred status active data source type data source db computer server description last recovery points created failed synchronize changes for db server because snapshot volume did have sufficient space hold churn protected computer for more information open administrator console review alert details monitoring task area,Hardware,Miscellaneous,0.49629407321888525
problem logging time the day sent tuesday february problem logging hi can set logging for working can you help fix problem please find attached file for details best regards tester information,HR Support,Hardware,0.4960119575519209
return from maternity return maternity maternity ca calculator maternity si ca exact cum ca va,HR Support,Hardware,0.49573348330761113
difference total for thursday pm difference total hi please difference total form review form regards,Miscellaneous,HR Support,0.4945017672589219
issue with purchase request sent thursday november re purchase request hi everyone could you please provide screen capture error you encounter your statement needs clarification least for you understand hi trying raise purchase request but seem have any ability can you tell if need any additional access area you trying access shortcuts you pressing should be addressed can access thank you administrator phone sent thursday november purchase request hello could you please assist with below kind regards analyst ext hub sent thursday november purchase request hi trying raise purchase request but seem have any ability can you tell if need any additional access thanks manager,Purchase,Hardware,0.49223662963390086
access to account new hi query has resolved changing accounts client status offer please rename college activities more than months please delete please delete offer please delete leading way ended please delete activities more than months please delete offer please delete offer please delete cgs offer please delete activities more than months please delete integrated activities more than months please delete solution offer please delete offer please delete please delete offer please delete offer please delete reading offer please delete offer please delete offer please delete offer please delete idee please delete computer offer please delete please delete activities more than months please delete kind regards engineer thursday pm importance high thanks hello based confirmation delete sites change title description logo clients best regards tuesday pm re thank please find guidelines id let kind help thank best tuesday re hi granted owner rights accounts kind regards engineer friday re thanks friday re hi hi thank consider done please give editing rights accounts please moment expect interruptions because testing everything launch thank best date friday re hi please approve cause help setup accounts thanks thursday pm re hi thank contacting defined owner editing rights too accounts please wait little bit more thank best date thursday hi please authorize sites owner role order update according also please advised almost clients populate content logo short description members thanks best regards wednesday pm re hi please advise how update clients per status column thanks client status offer please rename college activities more than months please delete please delete offer please delete leading way ended please delete activities more than months please delete offer please delete offer please delete cgs offer please delete activities more than months please delete integrated activities more than months please delete solution offer please delete offer please delete please delete offer please delete offer please delete reading offer please delete offer please delete offer please delete offer please delete idee please delete computer offer please delete please delete activities more than months please delete best regards wednesday pm re hello granted member rights write accounts question related hesitate ask kind regards engineer pm hello please clients both write thanks best regards,HR Support,Miscellaneous,0.49218024483312045
add ram and drive tuesday pm please add drive increase performance hi please add drive increase performance regards senior tester,Hardware,Miscellaneous,0.49203542709128023
outlook issues sent monday access issue hello discussed phone morning past few weeks encountering some issues with after lock laptop some cases attempt unlock laptop after enter password prompted with error message referenced currently locked out be logged some times could keep like for more than one hour was able log into laptop by making mobile when was trying initially connect was plugged into cable different problem could be related also with with continuously prompt insert password longer connecting server was able access by logging into path also deleted entries credentials still encounter same issue if any other details be needed side you can contact for since could be delayed best regards,Administrative rights,Hardware,0.492002577316992
testing devices for hi please ask quote for following devices needed our pro retina display processor dual core intel plus graphics apple galaxy thank you projects lead,Hardware,Purchase,0.4901041930783165
pas project forecast appears incorrect for sent monday november forecast appears incorrect for hello could you please check why for november february appear while still shows for below thanks manager,Miscellaneous,Internal Project,0.48936189820874254
increase pm increase hi currently replaced according please help thank head,Miscellaneous,Storage,0.48933355817444363
raid controller module replacement controller replacement raid controller module replacement controller replacement hello please raise low incident for raid controller module replacement moment controller works with module supports maximum one disk third party did bring last saturday module supports disks controller replacement controller was brought last saturday was faulty card issue going schedule change for saturday for physical replacement third party be thank you engineer managed phone,Access,Hardware,0.4887055473488195
disable jabber account pm re hello agree disable jabber thanks pm hello thank logging via please advised created thus has transformed number create require jabber disabled once receive required permissions please let agree disabling jabber require other information looking forward hearing thanks kind regards analyst ext hub has assigned please advised record number has assigned please review details take appropriate action description hello problem please issue regards summary number priority low assignment location please link kind regards ref msg,Miscellaneous,Access,0.48738604949666636
notification maintenance works on window hi please accept apologies late planned needs out by please attached form receive complaints please forward taking ownership inconveniences caused by late thanks kind regards officer planned annual leave october,Hardware,HR Support,0.4872423266735727
issues using issues using hello finds you well please be advised recently tried using apply for position but received various errors ranging being able log or position was unavailable have already managed apply for job via work around but providing heads up other users be experiencing similar issues with kind regards analyst pl,Administrative rights,Hardware,0.4871375219545685
network access request hello joined easy understood computer please help thank front developer,HR Support,Hardware,0.48704499784847294
oracle wednesday pm hello please add details sheet december date best regards,HR Support,Miscellaneous,0.48691786592375585
add and to the all managed services staff update hi guys please add thanks kind regards leader tuesday pm re update thanks handing over less important revoke later date keep clean re update hi given library re part think ask add kind regards leader tuesday pm update updates sessions dear colleagues firstly thank attended sessions held had over join said during each session lot content covered given gap since update back took away important updates perhaps learned little more about great person important part these sessions spend together plan repeating these more frequently less content topics more come near future uploaded slides session knowledge library which by link please myself other member questions about content covered thanks again enjoy rest regards head,Hardware,Miscellaneous,0.48614468259054894
access to friday december hi please log provide add contracts flow thanks,HR Support,Miscellaneous,0.48602343031084305
oracle fusion project search not working sent monday march fusion search working dear search option fusion show any results when try look up when try same options machine works when try same options machine works please advise thank you officer,HR Support,Hardware,0.48563852579521594
unable to access oracle sent wednesday march hi cannot sign regards software developer,Hardware,HR Support,0.4845471922170724
message to analyze tuesday march re analyze hi thanks letting about delete variation pump dump share trading scam please add blacklist inter regards tuesday march analyze hi received please attached which analyze let more thank,Hardware,Miscellaneous,0.48416244115899365
pm for projects october pm re pm sorry few more found pm pm assigned these besides please leave replace again pm thank senior date october pm pm hi please pm make pm agent experience agent agent pm these please leave him pm pm please let missed thank senior,Hardware,HR Support,0.4831258215354759
monitor required please monitor required please hi starter submitted date he remaining tax area move he her seat way please monitor spare seat tax area prepared thanks mobility officer,Hardware,HR Support,0.48294389894797446
issues sent thursday july issues hi please open ticket call assign take care meantime thank you best regards sent thursday july issues hi have asked forward errors getting when trying submit you able assist thanks senior technical consultant,Administrative rights,Hardware,0.4824335923503009
allow access to wednesday badge activation hello please activate badge too thank clearing analyst,HR Support,Access,0.4810008275771718
modify please action missing time notification text modify please action text hello please assign update term please also amend other which contain text thank tuesday october pm please action ca recent la tuesday october pm please action hi resolving naming issue highlighted by thanks october please action dear received by employees filing term maybe change order confuse kind regards please ignore filling regularly head october pm please action dear part established processes each required submit his weekly basis each friday past must submitted receiving because haven followed process please action possible breakdown please log accordingly training materials available id by each wednesday past period then also notified country date total days,Hardware,Miscellaneous,0.48081215464894084
issue regarding expenses oracle report sent tuesday issue regarding report hi audited expense report number auditing transferred using process expense reimbursements report schedule processes but if search expense report cannot find anything could you please check what happened advise what should be done order be able arrange for please find below print screens expense auditing manage but case any other information required please hesitate contact thank you accountant ext,HR Support,Hardware,0.4805345327150147
reporting access sent saturday november re awaiting your response access forget sent galaxy hello please be informed we checked you members could you please provide full file best regards engineer sent friday november dear have access for area where supposed help please,HR Support,Hardware,0.48048401518098777
problems accessing shared point on new problems accessing shared point hello cannot access any files our shared point receive bellow message please help with request with high priority need use information address below thank you much programme portfolio officer,Hardware,Storage,0.480303458481619
problems sent tuesday problems there appears be problem morning attached,Hardware,Administrative rights,0.47981730123747707
new starters and for re ad hello please accounts created users please possible let instructions provided by thanks kind regards infrastructure friday pm ad hello please advised added per encounter issues please hesitate thanks kind regards analyst ext hub friday re ad hello please users added thanks kind regards infrastructure thursday pm ad hello please advised ad has created please find credentials display name display name let which groups add assist please let looking forward hearing best regards analyst ext hub thursday file updates hello please create attached users thanks kind regards infrastructure thursday file updates se wednesday pm file updates dear updated contractors file hires leavers please let questions also added bulk starter form joiners understand how joiners going forward both files doing currently way consider investigate furthermore thanks,HR Support,Access,0.4797800781704518
block domains wednesday pm re attached delete after thanks forwarding content own malicious converted format please add these kind regards,Hardware,Miscellaneous,0.47963717726581206
no team member allocated to the project sent monday march re code hi again forecast again indeed you helped add members code but think something went wrong when change period period there member allocated could you please advise thank you manager sent monday february code hi you need open separate ticket for below kind regards analyst ext hub sent monday february re update code hi please be advised members were added successfully we moment when you were trying add there was process running background please let know if you any other issues kind regards sent monday february re update code manager sent monday february re update code hi could you please let know what users you trying add kind regards sent monday february re update code hi trying forecast code but after adding receive message forecast add was successful but person added happens for different users can you please help thank you manager sent february update code dear further our recent communication we believe your below query resolved if you with resolution there need for response however please let know if we can be any further assistance matter please note interactions between clients regularly monitored order make high quality maintained reference number summary code resolver resolution details code was set up description sent tuesday february re servers please help with confirmation related sub type we need use for offers recovery further details below thank you manager sent tuesday february re servers hello again form template brief description field added also mandatory along with others be filled have information before progressing your request please let know if you require further information best regards analyst ext hub sent tuesday february re servers apologies but any difference between form you have sent one used can you please clarify thank you manager sent tuesday february re servers hello could you please use newest form template available here then send with fields filled best regards analyst ext hub sent tuesday february servers hello could you please help with opening code our please help with confirmation related sub type we need use for offers recovery further details below thank you manager sent monday february re servers hi please find attached set up form upon completion please send mentioning offer cost recovery asking their confirmation related sub type then request needs be sent please let know if you need filling form approved budget recovery infrastructure costs once code set up please add forecast thanks officer sent monday february re servers approved can someone set up code we ll need forecast thanks sent february re servers hi sending for your review proposal updated with outcomes our meeting today infrastructure look forward for your feedback for being able send form thank you manager kind regards ext hub ref msg,Hardware,Internal Project,0.4794020817001719
eel mobile update access to tuesday july pm eel mobile update dear cannot update file due issues safari user somebody please upload also please regards,Access,Hardware,0.4792871952371628
issues issues hi can you please help next situation for our consultant working could you please check issues whit his kind regards engineer,Hardware,Administrative rights,0.4786252143471689
for chat chat hello create more chat rooms article create manage chat room available accounts additional costs best regards,Hardware,Access,0.4785296675966573
severity field for defects sent monday severity field for defects hello we noticed severity field when adding defects you know why happening we using field we need again can you please add for thanks senior tester master,Hardware,Miscellaneous,0.4785184402876411
to addresses re addresses hi thanks letting about delete please add blacklist kind regards addresses hello received attached others same latest months think tentative wanted submit attention maybe targeted please let additional regards senior analyst information confidential,Hardware,Miscellaneous,0.4784859346551253
no access on user account not present service now as contact either sent monday february hinges fixed hello had issue with hinges talked with fix them when tried raise ticket for here realized could log seems password incorrect somehow could you please log ticket for give ticket number please also can you investigate failing thanks developer en,Hardware,Access,0.4784623404826978
access card tickets to be handled by its card tickets handled by hello please informed tickets regarding opening cards employees which currently assigned queue handled by namely handled by please thank regards december re change has rejected by hello highlighted bit has addressed reassigned apologize inconvenience caused thank both best regards leader december re change has rejected by hi sorry stepping agreed cards handled by once done part mentioned thanks coordinator engineer ext,Access,Miscellaneous,0.4782578398826199
remove users from pm cab application re app cab agenda hello please cab application please add owner added thank pm app cab agenda hello please find agenda today cab application staging deploy patch update sp kb failed none thanks,Hardware,Miscellaneous,0.47747385793646924
please action missing time december pm re please action hello works added her job allocation hrs hrs hrs hrs hrs hrs hrs envisioning hrs comment scholarship fund hrs envisioning hrs comment scholarship fund hrs envisioning hrs comment scholarship fund hrs envisioning hrs comment scholarship fund hrs envisioning hrs comment scholarship fund hrs hrs hrs hrs hrs thank date december pm please action dear part established processes each required submit his weekly basis each friday past must submitted receiving because haven followed process please action possible breakdown please log accordingly training materials available id by each wednesday past period then also notified country date total days,Hardware,HR Support,0.476777191759059
set as approver on oracle july pm re update hi thank much detailed structure positive questions code possible created assigned which done created approver going part appropriate everything completely allocation done per attached file approvers accordingly approver approver approver more updates hesitate hi please log regarding approver thank please let further assistance needed kind regards analyst re update hi sorry missed question also create rd sub code rd even create rd where approver members holidays approved by pm sub codes teams attached find teams structure approver both let further questions thank officer july pm update hi please give update thank kind regards analyst re update hi please informed order teams own holiday approver each code assigned each member please provide under each code listed leave approvers thing assign these codes needed leave approver leave approver leave approver possible approve holidays second manipulations done stage won affect other please let apply thank best regards analyst friday july pm update importance high hi had changes teams structure plus has added sub codes log same code question regarding every has his own approver moment approver approver approver please advise rd approve create sub code knows best members take holiday without impacting prefer approach thank officer,Miscellaneous,Internal Project,0.4767036825587443
windows check for updates runs for ages sent tuesday check for updates runs for ages have tried get latest updates installed yesterday but check for updates does come back with any results keeps running tried yesterday for hours tried again does seem complete expert,Administrative rights,Hardware,0.4762085951409063
shared purchasing com wednesday pm shared importance high hey told minutes ago helped her gaining shared her mobile phone she st then guys how achieve informed while ago impossible tried best failed myself maybe other members too devices personal added mobile device works fine add phone assistance please help thank administrator phone,Purchase,Hardware,0.47597948320740324
internships membership please investigate pm internships membership hi noticed ad has fully qualified distinguished name internship note highlight intern he has since march confusing intern every ad related client stop wonder intern working client change confusion maybe users also ad internship contains other user accounts how term employees opposed interns random sampling suggest has also since march intern missed other members joined more interns kind regards information compliance officer extension,HR Support,Access,0.4759610355975842
pas and asp changes oracle tuesday november pm re asp hello please forward form asp upgrade please also changes done too thank kind regards analyst friday november pm asp hello please advised has added queue please assist thank best regards analyst ext hub friday november pm re asp hi please modification error also modify code tm upgrade please officer friday november asp hi please create code asp upgrade form attached also modify code tm upgrade please also closed thanks lot senior programme november asp hello order correctly process please completed form looking forward hearing thanks kind regards analyst ext hub tuesday november pm asp hi looking asp both under means forecasting clear which relates code creating asp upgrade leave allow forecast viewed separately please advise information needed thanks,Administrative rights,Internal Project,0.47525372283668355
ram from leavers from leavers hello please split nine tickets each person queue thank engineer leavers hi several members leaving had additional added take back make available coming whom needs removed left regarding receiving available ones person needs more requests come later please help thank,HR Support,Miscellaneous,0.47502523001487224
write access on account friday pm write hi please write thank,Access,Storage,0.4737157977760554
remove addresses from thursday pm addresses hi please addresses corresponding ad accounts disabled false false false false thanks,Access,Miscellaneous,0.4736086491507529
issues for sent tuesday february hello have given work instruction install but can log using kind regards senior server infrastructure engineer managed mobile,Purchase,Hardware,0.4736045972948953
printer issues sent monday december re notification printer hi have successfully connected printer used without issue several times however cannot print tried reinstalling avail word printing appears work with job even entering print queue however nothing prints when tried print test error was reported but again was printed when trying print excel get below what you suggest kind regards senior architect,Hardware,Administrative rights,0.4734424590201314
site restrictions hello please informed owners reports site groups pm owners members visitors kind regards engineer hello regarding rights granted permissions reports site please again accept decline pending requests thanks questions hesitate ask kind regards engineer wednesday october pm re site restrictions importance high please give permissions right away help approve these since taking while getting complaints thanks october site restrictions hi please restrict folders link reports community reports period reports view reports community reports period reports reports view reports community reports period reports report view members members owners other effectively members folders also please ensure view groups control viewing permissions area thanks,Miscellaneous,Storage,0.4717166986857127
printer issues sent monday march printer hi we re currently facing issues with color printer floor friday think please assist once you re available thanks kind regards specialist,Hardware,Administrative rights,0.4715886790454983
exchange server on not working anymore sent tuesday server working anymore hi we have server ad stopped working since few days can you please take look thanks design lead ext registered under number whose registered old broad street kingdom does provide any clients each subsidiaries separate entity,Administrative rights,Hardware,0.47140399188085447
mail purchase requests purchase requests hello could you please help with following issue going through then for approval should be going through after approves manager for set up please below please let know if you need any other information thank you have great upcoming holiday leave th th officer ext address blvd sent tuesday fwd purchase requests hi could you look into please thanks begin forwarded message date purchase requests can you contact have these reassigned you please you want approve these ones,Purchase,Miscellaneous,0.47060692582472147
java updates not possible sent monday december updates possible hello if get information about update unfortunately cannot make running have administrator rights if type name password cannot start update regards senior manager frankfurt main frankfurt main,Hardware,Administrative rights,0.4699226901609959
failing job sent friday failing job hi have job failing due sonar issue you can find log here can you take look thanks information confidential be legally privileged intended solely for addressee any opinions expressed mine necessarily represent opinions susceptible interference if you intended recipient any disclosure copying or any action taken or omitted be taken reliance strictly prohibited be unlawful if you have received message error open any attachments but please notify delete message,Hardware,Administrative rights,0.4698235761087149
password for oracle fusion expenses tuesday july pm hi according guide order mobile phone thanks senior tester,Hardware,Access,0.4688085901471543
full permissions request for all friday july pm permissions hello please permissions add lists hand thank officer,Miscellaneous,Storage,0.4682861619386528
provost issues incident fusion please assigned hello please be informed temporary password sent your should you need any further assistance please let know unfortunately we can assist with issues can you please raise ticket for issue assign appropriate thank you kind regards engineer sent tuesday november incident fusion please assigned please be advised record number assigned please review details take appropriate action description fusion please have had issues with today especially believe have found way fix but tells need contact you below you can screen comes up have able add for second behind losing money delayed report multiple attempts you need provide temp password enter fusion have sent last correspondence we had regarding issue for your reference below our last correspondence hello please be informed you have your password your you can use for logging fusion boxes should be completed with following information host name password you can find your should be empty field complete should you need any further assistance please let know kind regards engineer details requested for contact sales address location states atlanta atlanta line manager summary request please provide info action item under constraint additional comments or requirements please provide info action item under constraint please provide temporary for fusion information below boxes under constraints for purposes image thank you se sent forgive errors assign fusion ticket reference assignment request summary please provide info action item under constraint location states atlanta atlanta attachments image access request please click following link kind regards ref msg se summary fusion please number priority low assignment location states atlanta atlanta access incident please click following link kind regards ref msg,Miscellaneous,Hardware,0.4681483734654209
unable to enter unable enter hello unable enter site enter password but accepted most likely issue with password can you please help with situation kind regards technical recruiter,Hardware,Access,0.4679296993393621
request for creation of for belgrade wednesday november pm creation dear kind create characteristics name benefits benefits members owner mails allowed please create ad thank much country,HR Support,Access,0.46737335011423614
monitors exchange enquiry monitors enquiry hello monitors great vertical adjustment serious condition cervical spine possible change other vertically adjust thank senior tester,Hardware,Miscellaneous,0.46713262811093276
high satisfaction score for request for external hard disk issues accessing score friday pm high satisfaction score hard disk hello unfortunately unable report please assist issue thank engineer ext high satisfaction score hard disk take moment enjoy earned also remember feedback report notify hard disk which assigned has received excellent satisfaction score overall satisfaction provided by ability understand issue having repeat information about issue communication steps required resolution taken by solve issue effectively influenced give these markings thank contributing high satisfaction rates kind regards improvement ref msg,Miscellaneous,Hardware,0.46689039756720313
en rebuild machine for friday march pm re improvements part he did too stacked apologies pending approvals approvers please log machine rebuild partition please repartition because drive insufficient needs thanks administrator phone,Miscellaneous,Hardware,0.4666745156955473
access to and from com and instance tuesday pm instance hello please allow traffic reach instance source destination traffic ports thank senior engineer client,HR Support,Hardware,0.4660484472516682
report for report hi guys please log forward usage report supplier please refer section entities,Purchase,Hardware,0.4658251362926493
issue issue hello getting following error when trying through could you guys help out rather urgent client site due how everything configured can access their machines without thank you,Hardware,HR Support,0.4655320558961314
access request for a list or library friday pm library requesting library links library manage setting library view signature template note site site site provides central storage collaboration information ideas site tool collaboration tool communication meeting tool decision making site helps groups work teams social groups share information work together example site help coordinate calendars schedules discuss ideas review proposals share information keep touch other sites dynamic interactive members site contribute own ideas content well comment contribute other,Hardware,Storage,0.46508386561177906
account access thursday july hello help provided by client he provided credentials host accessing code paste hosts file stash moment receive out thank attention senior developer,Hardware,Access,0.4649175921600064
jabber deactivation pm re setup hi needed please disable jabber regards pm setup hi order extension jabber must disabled agree proceed assigning extension upon confirmation jabber disabling best regards analyst ext hub,Internal Project,Access,0.46482081345787457
root access to servers and wednesday july pm re users application hello has helped resolve issues even yet operational continue investigation come back more assistance needed works let asap meantime create since perform transition application having lot trouble configurations two staging production requested root engineer unfortunately he holiday root myself until configurations done please create based help kind regards senior developer wednesday july pm users application hello per discussion remain hold queue awaiting confirmation application side created has tested works fine please keep further details matter best regards analyst ext hub wednesday july re users application hello reason placed hold nor queue reason moving back attempt understand issue notes requester enough details available help thank july users application hi thank input placing hold awaiting final decision best regards analyst ext hub tuesday july pm re users application hello meeting tomorrow hopefully help unblock progress thank july re users application importance high hi deploy application root level permission needed provide root until app deployed configured after his facing important delays approach speed lot progress kind regards friday july re users application hi discussed looks working properly available needed moment please assign needed head also provided export error encountered please let thank july users application hi please input related present nor working application assistance finding out how deal query best regards analyst ext hub wednesday july users application hello application application going same purpose requires two purposes user needs application his credentials job run retrieve users storing database fast loading users please help users tried works about types users needed please further questions name user contain preference onwards kind regards senior developer,Access,Hardware,0.46470033931158444
new client into network client hello writing order arrived client by please find addresses thank best regards tester,Access,Hardware,0.4641080620877187
access set up to pas for account hi please provide let required thank,HR Support,Access,0.4641043434895332
new starter states friday july pm re completed please make procure license fast track software then install take care thanks engineer ext date friday july pm re completed hi apologies document updated both thanks date friday july pm re completed understand form installed worries back track credentials engineer ext date friday july pm re completed hi understood update form jump let must regards date friday july pm re completed needs word excel she needs without install needed software needs listed form thanks engineer ext date friday july pm re completed hi software please advised definitely needed kind regards date friday july pm re completed please make credentials by july equipment software needed user because thing user then needs form created please make items needed user matter how included form thanks engineer ext date july re completed hi required hardware section notes she monitor software added phone she sitting building floor table seats number section irrelevant thanks date july completed hello starter form attached contains information regarding type hardware she where she seated please update form relevant return cannot log tickets without thank analyst community builder ext thursday july pm completed dear please find attached completed form joining nj thank administration officer thursday july pm re kind reminder attached date thursday july kind reminder dear please help completed form thank administration officer tuesday july dear please help completed form joining nj thank administration officer registered under number whose registered old broad street kingdom provide clients each subsidiaries separate entity has liability entity acts wednesday july pm re starter states hello please informed licenses were assigned order required licenses accounts log enter screen redirected federation please enter details also install install appeared select close download also please attached guides installation please kindly let assist further best regards analyst,Hardware,HR Support,0.4638304817634749
ram and thursday hello upgrade currently got number thank information confidential legally privileged intended solely addressee opinions expressed mine necessarily represent opinions susceptible interference intended recipient disclosure copying action taken omitted taken reliance strictly prohibited unlawful received error attachments please notify delete accepts responsibility information errors omissions misuse,Hardware,Administrative rights,0.46368359796735126
change oracle rights sent monday november change rights hi seem have lost ability get projects set up codes can you help did have seems have planing officer infrastructure upcoming holiday st march th,HR Support,Miscellaneous,0.463525510581195
mobile expenses oracle password sent wednesday mobile password hello use android app for however seem be password please could you generate one if could be sooner rather than later today last before annual leave like get thanks change control presence manager managed mob please be aware annual leave rd th inclusive,Access,HR Support,0.46326632331849754
data hi guys seems costing amount added sort plan left phone pocket even yet consumed over thanks,Purchase,Hardware,0.4632659892137079
not working not present sent tuesday november working present hi please open close ticket was working client was reinstalled by working thanks senior engineer client,Miscellaneous,Hardware,0.4631528920293804
status of the task cannot be changed sent tuesday february re issue with items hi thank you for your inquiry we investigate your issue common bug still unresolved however we can offer you make clone issue statuses should work usual when cloned issue created make you delete original one please confirm if works expected kind regards sent tuesday february issue with items hi guys looks odd but nobody can changes status task could you please take look help problem particular with task can change any other tasks status according existing thanks manager,Hardware,Miscellaneous,0.46300686303520827
idea is no longer working sent monday october idea longer working hi could you please investigate why license for idea longer working please following below users experiencing same issue kind regards engineer,Hardware,Access,0.46269518035875107
project access generic ticket generic please log others once provided thursday pm joiner hello joining next he recently accepted offer he he possible he part code please tickets confluence environments stag test test test test license please make tickets raised requests let other details required thank,Miscellaneous,Access,0.46269459076454206
new planning analysis a team friday july pm hi please create planning analysis myself also please advise how add thanks,Storage,Miscellaneous,0.46263120534212937
cannot be displayed external contacts hello everyone please be informed credentials valid these accounts created for you use portal yes you can share links with your mates if you need more assistance regarding hesitate contact kind regards engineer en sent friday november re cannot be displayed external contacts hi managed log site documentation using links credentials bellow you think share links with rest credentials you already sent still valid thanks hello everyone please be informed you have granted contribute access rights for resources folder you can access resources library using link below cd view db ribbon if you have more questions hesitate contact kind regards engineer en hi could log maybe few words guide through folders can open folders best regards sent monday november add access site please below could you please advise thank you manager sent monday november re add access site pot cannot be displayed sent add access site create library va sa manager,Hardware,Storage,0.4624284930308464
line manager split tuesday july pm re split hi please assist his help needed side let thanks tuesday july pm split ca care head create si va si consultant mob zone,Miscellaneous,Hardware,0.4623140297763952
service support description pas re description la hello please location thank respect thursday october pm re description pot link se pare ca merci thursday october pm description hello prepared draft description appreciate bring inputs document suggestions require additional clarifications please let also schedule call over details thank,HR Support,Hardware,0.4622986860673972
write access for and on one com agile practice july pm write agile dear provide write site both actively involved agile groups agile thanks agile lead,Miscellaneous,HR Support,0.46218147934394904
question oracle question hi find members he works reports ext,HR Support,Miscellaneous,0.46086278610432585
budget update october pm budget update hello please update budget november according figures kind regards discipline lead october pm budget update friday october pm budget update hi reviewed budget update meeting agreed requires continue working enhancing initial budget proposal approved want review way change requirements coming different filtered based accept reject decision additional budget both discuss decide based justification coming changes review described next steps make increasing budget code total budget once starts working changes review plan process please inform about progress well ensure changes reviewed properly enhancements accordingly plan afterwards report back plan status update please let further needed thanks officer re budget update hi thank budget proposal reviewed meeting october come back shortly after meeting thank officer friday pm budget update hello attached additional budget want ramp down members had lately order keep rhythm mode function more than person initially budgeted while working person especially has decreased had backup holidays vacations rd let other details needed budget running after october regards head architecture information confidential,Hardware,Miscellaneous,0.4605509495060545
job not triggered automatically sent monday job triggered automatically hi please check following job triggered automatically according was configured every minutes happening since weeks job was working fine til then job name build best regards architect,Miscellaneous,Hardware,0.4603958706142518
getting a blank and error message while logging to eel getting blank error message while logging eel hi though was assigned place th floor tower getting blank error message you assigned any location please contact your administrator after logging able use site thanks tester,Hardware,HR Support,0.4600227000740303
link to not working git commits related issue visible details screen but link open them fails with following error request token you trying valid please try another token close dialogue then go back site requesting access tell try again please attachments,Access,Hardware,0.45989261086892186
add user to computer hosts file july pm hello please separate va computer hosts file assign permissions best regards engineer july pm queue thank analyst ext july va la care la va computer hosts file design lead ext,Hardware,Access,0.4597504775593729
unable to log on to sent tuesday access hi can head testing have requested for be created for graduate program but can regards head testing belgrade,Hardware,HR Support,0.4595846762016371
not found error found error hello sorry bother ca again data exterior la care sa assistant,Hardware,HR Support,0.4587155648952126
add to thursday february pm social hello va si,Hardware,Miscellaneous,0.4583441271273985
wants to access bucharest benefits presentation requests,HR Support,Storage,0.4583295285043526
cannot sync files with app for cannot sync files with app for have app installed have designated folder hard drive for syncing when use web interface try sync file machine nothing happens running for version have also tried update app through app store cannot get spinner runs nothing happens,Access,Storage,0.45740129208755786
leaver hi name work location details note mailbox receive messages,HR Support,Storage,0.4570802164784762
direct line july pm re visitor pass please assist issues thank july re visitor pass hi problem had few problems regarding shall follow amend signature accordingly kind regards july re visitor pass dear extension number dial work mobile please update signature please let calls come lunch take calls thank july visitor pass hi please visitor pass created wednesday july pm pm thanks,HR Support,Hardware,0.45703536266943023
help needed sent friday february help needed hi please open ticket following statement thank you kind regards analyst en sent friday february help needed hello haven received any response issue need enter but somehow able enter for for rest week when try multiplies can delete those multiplied entries can submit sending you step by step you can what looks like best manager sent help needed hello have having problems with entering would kindly ask you help with please find attached problem occurs thank you best manager,HR Support,Hardware,0.4569570674595546
changing password on a shared mail box changing shared dear received changing due expiration shared unfortunately make change kindly asking order change thank kind regards country,Access,Miscellaneous,0.45686115776596775
access thursday november pm hello working require machine re implement continuous lamp which connects jobs machines regards senior developer,Hardware,HR Support,0.4566161656194866
access to thursday pm re migration dear received raised regarding please anybody working eventually progress status thank sincerely tuesday pm re migration dear context please pm folder part after granted make migrate thank sincerely pm migration hi yours kind regards migration hello move beyond beta phase excited site transition site which launched st old records show site owner receiving site transferred please close down otherwise please continue reading transfer old site think where files find description where files placed hub content employees locations content events reference links disciplines content links files profiles connected official disciplines practices content links files profiles connected official practices functions functions sectors content files profiles connected sectors links toward accounts hub content files profiles connected accounts links toward please note site bit slow working make better weeks drop let where site located under function site name site old let change after site owners location where want upload files site transfer relevant editing rights also guideline upload yourself recommend upload relevant files delete rest download create archive next two weeks files old afterwards old become two weeks means unable change upload files download moment finally after date proceed closing down kindly note deadline site file transfer october enjoy browsing looking forward thank kind regards ext hub,Storage,Hardware,0.45654895113496374
access to needed for friday march re needed hello referring possibly accessing benefits content his bar accessing input grade salary review proposals attached also screen please let other input needed thank kind regards senior software tester thursday march pm re needed hello kindly asking more context information looking forward hearing kindest regards analyst ext hub thursday march pm needed importance high dear please information his thank kind regards senior software tester,HR Support,Hardware,0.4562198267224868
access to report no longer available access report longer available hello could you please help with access below report was able access report friday but longer able today thank you kind regards applications analyst,Hardware,HR Support,0.45607094287244726
please add a record local wednesday november pm please add record hi created pre environment machine tag apache host static files tested integrating browser want please add record browser want available accessible note connected via needs configured way changed write near name record best regards test consultant mob zone,Miscellaneous,Hardware,0.45529665785292717
access request for thursday pm library requesting library links library manage setting library note site site site provides central storage collaboration information ideas site tool collaboration tool communication meeting tool decision making site helps groups work teams social groups share information work together example site help coordinate calendars schedules discuss ideas review proposals share information keep touch other sites dynamic interactive members site,Miscellaneous,Hardware,0.4552370251445046
help with outlook app thanks north date thursday re app only apple allowed others turned off for senior engineer ext cell upcoming days off phone number date thursday re app ah sorry what about app same allowed north date thursday re app you forgot thread take care ticket app allowed you be able use or connect thanks senior engineer ext cell upcoming days off phone number date thursday re app yeah app also one question tick server requires encrypted connection north date thursday re app senior engineer ext cell upcoming days off phone number date thursday app hey trying set up app but credentials working what should put under settings for server domain thanks north,Administrative rights,Hardware,0.4551503643271502
access needed july pm discipline also please add accounts thank,Miscellaneous,HR Support,0.4549401914630454
access pm hi please ask currently please ask confirmation unable log thanks,Hardware,HR Support,0.45453827124061846
remove from cal addresses cal addresses hi friday cal please him addresses call call cal well observed removed cal regards lead,Hardware,Miscellaneous,0.4541754339637913
absence requests approval notifications for direct reports sent tuesday hi colleague sent his annual leave by because ultimately after submitting resubmitting his requests there was other way for know these dates line his manager manager still his requests reach we have same situation exactly same with requests can you please check what happening thanks manager sent tuesday consultant address blvd th floor district,HR Support,Miscellaneous,0.45309108943497906
access to files tuesday pm hi please give thank,Storage,HR Support,0.4529407665683529
monitors and urgent monitors urgent hi monitors area th floor can be because electric cut thanks head,Hardware,HR Support,0.4529367370447027
oracle issue issue hi tried change line manager for requests can you please check what going when try open request got error message another changed row with primary key key thanks,HR Support,Miscellaneous,0.4524011401477272
en for hi cannot add because he user please advise thanks senior engineer upcoming days off phone number please consider environment print,Hardware,Access,0.4523665375433787
name change to access card name updated dear changed her name se wants her please proceed changes let once thank lead,Miscellaneous,Access,0.45210212832059515
time type oracle unavailable for co code sent tuesday november please action dear could you please resolve issue with logging fusion please log ticket thanks head sent tuesday november re please action hi cornel thanks for your answer but task details list options choose have set something senior developer sent tuesday november re please action hi please log example below be code until you assigned commercial quite possibly also for duration quality attributes confirm next week thank you head sent tuesday november please action hi cornel please can you help with code must use order activities thank you senior developer sent tuesday november please action dear part established processes each required submit his weekly basis each friday for past week must be submitted for approval you receiving because you haven followed process please action possible below breakdown your please log accordingly training materials available here id if by each wednesday there still past period then your manager also be notified country manager for for date bod total days,HR Support,Miscellaneous,0.4519926502373805
user not displayed on contact center dashboard sent tuesday november displayed contact center dashboard hello have person started recently cannot her contact center dashboard although have tried with add devices have already talked about issue could you please assign ticket him thanks leader,Hardware,Miscellaneous,0.45186662555809365
critical alert original message sent thursday critical alert following alert occurred status active data source type data source computer server description last recovery points created unexpected error occurred while job was running for more information open administrator console review alert details monitoring task area,Hardware,Miscellaneous,0.4514833041588884
confluence error sent tuesday july re confluence error hello please advise if further assistance requested below best regards analyst community builder ext hub sent july re confluence error hi be responsive again provide rights but for still same status regards sent friday re confluence error hi everyone could you advice below highlighted aspect please any case without access application be able advice something thank you sent thursday re confluence error hi application again non responding file attached with error calendar action could someone investigate please also discussed with last week issue appeared after some hardware updates still root cause would like we understand root cause find solution problem persist for week terms adding costs agree approach was issue discovered after performed some actions if you re perform investigation terms please assign someone can regards manager mobile next annul leave th sent wednesday re confluence error hi have access application access web interface order investigate issue require access application guess required kind permissions application level code log effort best regards engineer sent tuesday confluence error hi seems confluence calendar up again thanks for working around issue you noticed thought we get below error when we want add entry calendar up with details remains visible if you click nothing happens if you close you can below error could you please investigate regards sent monday confluence error hello pot confluence ca senior developer en information confidential,Access,Hardware,0.4513742778802831
period close activities for next week pas wednesday pm period close activities next importance high hi please kind regards analyst wednesday pm re period close activities next importance high hi please proceed activities afternoon copy forecast period forecast period copy budget draft budget final forecast period budget final pm groups make second copy costs part which prefer keep owners locked out two days more until confirmation costs please let once done plan out pm tomorrow morning advise opened forecast budget final thank regards,Hardware,Miscellaneous,0.4512914637662537
agile champs march pm re agile training coaching call action hi please make agile champs agile agile best head agile,Hardware,Miscellaneous,0.45105799784987993
critical alert original message sent wednesday critical alert following alert occurred status active data source type data source recovery hardware computer description last recovery points created application writer or provider bad either was already bad or entered bad during current operation for more information open administrator console review alert details monitoring task area,Hardware,Miscellaneous,0.45105156340745417
team explorer full access explorer hello help please explorer thank developer,Purchase,HR Support,0.45098940138720395
project code penes error on time card entry sent thursday for hi please can you help with issue having with sheet using code penes decommission environment regards sent thursday re for can you please log with thanks sent thursday re for hi going through getting issue for last when using code regards,HR Support,Internal Project,0.4508861141180053
remove access to mailboxes wednesday november dear couple graduates how screen shots thanks right close,Storage,HR Support,0.4508180394030563
report polls suspended but up report polls suspended,HR Support,Administrative rights,0.4507507202371814
is blocking sent friday issues hi please disable blocking senior developer,Access,Administrative rights,0.450738537558088
server issues server issues hi for some reason came today have unable access server get message saying forbidden also get attached message when tried move file inside folder created please advise thank you,Hardware,Administrative rights,0.45034094364175226
account cannot oracle sent monday cannot hello tried into multiple times few minutes ago cannot earlier morning was able access but moment seems cannot locked for multiple failed attempts still understand why have had failures used active directory credentials every please help thank you manager en,Hardware,Access,0.4500149080923037
transfer transfer hello currently assigned please transfer name also possible activate license thank,HR Support,Access,0.44993272952319274
editing files from tuesday december pm editing files hello let download word files she going human resources job descriptions links then she clicked over file opens issue she out option works take several minutes show error screen help enable her files please regards engineer ext,Hardware,Storage,0.449422601657695
include all staff all staff analyst ext hub pm re urgent hi seeing similar then alright include also keep separately safe side later removed also particular reason called corrected please assist thank re urgent hello part purpose same messages events party xmas party etc benefits etc activities far understood subcategories etc messages also subcategory solve issue implicitly solve second thanks friday pm urgent hi by applicable both related losing consistency currently location structure easier safer make included also aimed separately also included thank friday pm re urgent hello please help part receive mails addressed part receive mails addressed included please has mails thanks wednesday pm urgent hello thank feedback sum part which included thus members receive mails since same better rename reason structure moment members listed by except he overlooked by mistake looking forward hearing kind regards analyst ext hub wednesday pm re urgent please helps thanks wednesday urgent hello well regarding please advise similar please groups same approach did yet name location kindly advised cannot add generic add groups attached how did create by location please add order information provided thank looking forward hearing thanks kind regards analyst ext hub tuesday pm re urgent kind reminder friday pm urgent importance high dear va similar unit unit unit unit unit unit unit unit unit unit unit unit unit va head,Hardware,Miscellaneous,0.4492873475258277
access friday pm la pot,Hardware,HR Support,0.44927325990350453
oracle expense report problems expense report problems hello need your help regarding problem completed couple expense reports main menu appears expense report still pending approval you can below but if enter each reports tells have approved you can image below know if affects actual reports our colleagues requesting but find really odd error some kind would you help enlighten please thanks specialist,HR Support,Miscellaneous,0.4483648769540785
error timecard hello modify update values date october cannot because receiving errors help code task details planning type regular location short term relocated also code task details type regular location short term relocated help,HR Support,Internal Project,0.44742034998571034
network issue with and outlook issue with having issue morning with her connections her was accepting her domain password rebuilt her seemed help but need someone check further why her password was syncing her connection coming up coming up even though need looked into well thanks much senior engineer upcoming days off phone number please consider environment you really need print,Administrative rights,Hardware,0.44727718137043193
access to pas hi please give client thanks,HR Support,Internal Project,0.4461838723998243
laptop en keyboard problem re laptop en keyboard problem good morning please create ticket for re issue thanks best regards engineer ext information confidential be legally privileged intended solely for addressee any opinions expressed mine necessarily represent opinions susceptible interference if you intended recipient any disclosure copying or any action taken or omitted be taken reliance strictly prohibited be unlawful if you have received message error open any attachments but please notify delete message your accepts responsibility for information errors or omissions or for use or misuse or for any act committed or omitted connection with communication if doubt please verify authenticity contents with please rely your own virus checkers responsibility taken by for any damage rising out any bug or virus infection registered under number whose registered old broad street kingdom does provide any clients each subsidiaries separate entity liability for another such entity acts or omissions sent friday laptop en keyboard problem hello have problem left ctrl button laptop keyboard working could you please assist kind regards tester information confidential be legally privileged intended solely for addressee any opinions expressed mine necessarily represent opinions susceptible interference if you intended recipient any disclosure copying or any action taken or omitted be taken reliance strictly prohibited be unlawful if you have received message error open any attachments but please notify delete message your accepts responsibility for information errors or omissions or for use or misuse or for any act committed or omitted connection with communication if doubt please verify authenticity contents with please rely your own virus checkers responsibility taken by for any damage rising out any bug or virus infection registered under number whose registered old broad street kingdom does provide any clients each subsidiaries separate entity liability for another such entity acts or omissions,Hardware,Administrative rights,0.4455955646154259
problem with and over days again sent monday february problem with over days again hi there problem period with had raised issue with subject last month was taken care off but seems there issue again over days have if there ongoing problem be resolved please ignore message thank you,HR Support,Hardware,0.44549213191094367
modify outlook list tuesday july pm modify hi colleagues please include thanks head grow create future,Administrative rights,Miscellaneous,0.44536424218426623
search for members oracle sent monday search for members know how we supposed find when searching manager,HR Support,Miscellaneous,0.44503407986192833
excel edit web browser mode excel web browser mode dear having issues with editing excel document web browser have created document there some members also able web mode by clicking reload button per below same message displayed again again have cleared cache restarted browser nothing helped can you please take look layouts accounts libraries resource planning shared folder defects re testing action default thanks,Hardware,Storage,0.44493214072484705
new cord friday november cord hi require cord received device cord provide european cable unit thanks best regards tester st center,Purchase,Hardware,0.44468893963827943
action center windows bit defender sent december action center bit defender hi could you please tell what here computer says turned off why turned off if should turn then thank you very much best regards frankfurt main frankfurt main,Hardware,Administrative rights,0.4446476785084821
missing rights oracle to add tasks friday pm rights add tasks hi enough rights create task similar rights example manage plan even code which manage plan thanks program,Miscellaneous,Internal Project,0.44427856669545873
cannot hello cannot access although client working attached error received kind regards,Hardware,HR Support,0.4442747389099035
issue sent tuesday working hello last few days had problems accessing for each morning work for about hour keep asking for password but each type up shows up again for for or displays credentials incorrect yesterday started working about today about for starts working after few minutes but take much more there also other colleagues have issue cannot use her for about week since problem kept appearing she only uses web client other colleagues had same issue but only with below you have some can you help with please thank you tester,Hardware,Administrative rights,0.4439678714848139
configuration adjustments configuration adjustments dear found content created recently without notifying consequence haven added additionally files located disk instead disk which desirable content content content content content content actions relocate files add avoid future content creation wrong location change default path disk remember other type additionally created since please assign thank technical leader,Hardware,Miscellaneous,0.44360637054627017
remote access license issue remote access hello we have small problem we can remotely access server because message remote session was disconnected because there remote desktop license servers available provide license please contact server administrator please advise thank you engineer,Access,Hardware,0.4429046606361051
changes oracle leavers thursday pm changes hello please find attached recent requests changes leavers please log thank please let needed kind regards,Miscellaneous,HR Support,0.4418907852276071
incorrect grading score the service now call closure feedback survey incorrect grading score call closure feedback survey hello could you please check why we have response our call closure satisfaction survey seen below since we only offer raking option applicable please log issue under ticketing tool dashboard let know if you require further assistance or information our side thank you customer care en,Hardware,Miscellaneous,0.4416716463865361
access to the career map link tuesday july map link hi please help granting persons noted link forms grades job titles archives tube maps maps disciplines model view ribbon thank mob ext,HR Support,Hardware,0.4409885714131075
problems connecting to network sent tuesday october problems connecting hello have problems connecting started midday today here list could you please help solve issue thanks have software tester en registered under number whose registered old broad street kingdom does provide any clients each subsidiaries separate entity,Hardware,Administrative rights,0.4408719777935248
for metrics project re metrics dear colleagues updated form order respond remark decided key please consider form software metrics template add story level client environment thank lot please let more details needed kind regards,Hardware,Internal Project,0.44085972182318944
access to hi please assign please client side accessible platform range thank engineer,HR Support,Hardware,0.4408363058902547
project access for tuesday march pm hi please give cheers head digital,HR Support,Internal Project,0.44076910996043406
service problem is critical sent tuesday problem critical monitoring message problem critical output critical host lost problem host details host alias address host up type hard attempt duration host data command host up dummy type passive latency host output dummy host up host times last check last change last up details details command stale type passive latency percentage critical type hard attempt duration output critical host lost times last check last change last last critical last warning last unknown contact details contact info name alias info name alias for members statistics hosts totals up totals problems critical,Hardware,Miscellaneous,0.4407573788645697
issue sent tuesday technical issue hi please note started attached shows have any accrued need take off some order for manager approve please fix thank you senior visual designer,Miscellaneous,Hardware,0.4405745122388974
create for app cab july create app cab hi please create cab application details name cab application members owner please let questions best regards,Access,Miscellaneous,0.4400754043129752
revisal application not working for pop revisal application working for works for although receiving attached error please notes for further info,Administrative rights,Hardware,0.4394769255406813
test graduates mail list test graduates hi please testing graduates kind regards head testing,HR Support,Miscellaneous,0.43915022169300766
oracle a end of reminder friday february re reminder hi thank passing please please log assign thank february re reminder hello please find conversation history had had upgrade zone currently going decommissioned customers encouraged upgrade possible please communication well thank severity status closed opened ago updated ago escalation status never escalated type recruiting attachments file name size uploaded information returned close requested by ago reason closing close solution provided closing remarks zone upgrade done updated by update ago thank updated by information ago hi technical related issues build please by submitting faster resolution tee application itself regards ii phone solution change canada st east suite quebec committed developing practices products help protect environment update ago upload successful file updated by update ago also recruiter has same issue please find print screen attached also severity critical updated by update ago upload successful file updated by update ago upload successful file authentication error updated by update ago hello thank understand upgrade done during weekend both stage production implications today least colleagues encountered difficulties accessing accounts please attached received appreciate response updated by information ago hi pack friday december friday december format upgrade application software pack version zone pack friday december friday december format upgrade application software pack version zone regards make receive important zone upgrade by managing metrics coordinator phone canada st east suite quebec committed developing practices products help protect environment update ago hello possible let scheduled zone upgrade weekend also upgrade staging zone also addition questions how take zone upgrade both stage production thank updated by information ago hi please take note annual freeze holiday thursday december friday inclusively during period feature pack deployments complete configuration requests received prior december base constraint preferred completion date schedule staging zone regards make receive important zone upgrade by managing metrics coordinator phone canada st east suite quebec committed developing practices products help protect environment problem description ago problem description problem summary zone upgrade problem description hello ask upgrading zone thursday february pm reminder please note important information regarding dear valued communication serves reminder effective customers currently operating must upgrade prior date decommissioned exciting features critical functional fixes incorporated latest release customers encouraged upgrade possible release readiness information feature presentations tutorials other resources available release documentation available help center upgrade policies release status found document scheduled upgrade upgrade by creating via upgrade scheduled prior staging production upgrades scheduled july ensure upgrade complete prior date ensure continuity also upgraded conduct testing advisable retest defects reported prior cases find defect has resolved issue reproducible update inform behavior occurs release otherwise defect closed without fixed best regards empowering modern toll free thank integrated platform copyright affiliates rights reserved about notices terms privacy statement receiving result relationship opt out preferences over ridden ensure receive,Administrative rights,Hardware,0.4387934532970503
peripheries tuesday july pm peripheries dear change location due assignment monitor ask engineer help thank tester,Hardware,Miscellaneous,0.43867077571624774
notification for outage outage hi guys please make reminder tomorrow per let questions regards coordinator thursday pm re outage hi thanks reminder also reminder tomorrow regards coordinator thursday pm re outage hello everyone kind reminder cr due take saturday thank outage hi change scheduled next which part upgrade meant saturday during interval outage let alright side approve thank,Hardware,Miscellaneous,0.43830052897051797
re request extra disks external hardware has been assigned to ms local support team hi sorry for delay can you please proceed external any those would work route product product path product id code thanks sent monday july re request extra disks external hardware assigned hi we can purchase devices code please specify code device model part number you can share web be more accurate kind regards administrator sent monday july re request extra disks external hardware assigned hello please clarify whether request for equipment related or should be purchased name for purposes we have such external be needed please advise should open thank you engineer ext en sent july request extra disks external hardware assigned hello please be advised record number assigned your please review details take appropriate action reference number details requested for contact address location kale building line manager summary request extra disks external hardware additional comments or requirements sent monday july extra disks hi disks our too small for works with large files we currently doing we have investigated options with discussed quickest way get more disk space procure external disks can we order external disks please should be allocated thanks lot assign ticket reference assignment request summary location kale building access request please click following link kind regards ref msg,Miscellaneous,Hardware,0.43817585653235663
new access friday march pm privileges dear upload location seems permission action library forms library fold transition view provide appropriate privileges upload delete please thank regards test lead,HR Support,Storage,0.4377556389579517
deployment error error sent wednesday october error hi yesterday evening initiated machine unfortunately was unsuccessful with message could you tell steps need make cannot find software center anymore thank you developer,Administrative rights,Hardware,0.4376943677660062
telephony issues hi guys our experiencing some issues with our phones connections very bad keep getting interrupted preventing helping users calling can you please look into urgently thanks,Hardware,Administrative rights,0.4376895465276061
laptop and credentials re credentials hello please entire cycle knowledge transfer completed leaver hardware retrieval wipe by period her engagement thank much regards engineer ext october credentials importance high hi agreed phone thursday has returned moment she come back days starting october rd knowledge transfer lead her stay locked her credentials stay active meantime best director,HR Support,Hardware,0.4376497842835826
date server date work mutate va date mutate cine,HR Support,Hardware,0.4374178601527326
the task is not active of the expenditure item date task active expenditure item date dear please raise ticket bellow assigned thanks kind regards analyst en ca la expense report could you sa care rep expense items dc err la ca si expense item err,Hardware,Miscellaneous,0.4373402101305663
access to july pm hi guys please help requests included approved by best regards self july pm re approved july pm face la requests included best regards self,HR Support,Miscellaneous,0.43713224330659317
insecure passwords sent monday july re insecure passwords hi we should go with options change passwords added also have access restricted ops networks thanks incident manager sent monday july insecure passwords importance high hello could you please advise below looking forward hearing you thanks kind regards analyst ext hub sent monday july insecure passwords hello devices through accessible by every employee have insecure passwords could you please advise whether we should change default passwords or could you restrict access only thank you engineer ext en,Access,Hardware,0.4364141397503311
tuesday pm hi folks thinking professional over please log replenishing administering professional backpack phone,Purchase,Hardware,0.4360791923640375
users are unable to create meetings via outlook unable create meeting hello able create meeting getting error shown screen below thanks for your assistance kind regards fusion,Hardware,Administrative rights,0.4359901068517813
new starter template issue while creating starter using starter check request item for license noticed ticket was generated for tested multiple times work,Access,HR Support,0.43591427172098846
additional space outlook needed additional needed dear please help extending reaching critical mb remaining please let speed thanks head testing,Storage,Administrative rights,0.4354881496495558
critical cannot access her computer thursday october pm critical cannot her computer hi cannot log her anymore her has expired she change please help her sort out please note vital due role analyst product owner thank,Access,Miscellaneous,0.4352253637366855
time for th of sent monday for th dear colleagues was trying log for th but looks completely different please attached could you please advise best wishes,Hardware,HR Support,0.43512661204128456
after password change unable to connect to server having multiple issues with synchronization her password prompting for credentials when trying access server remotely recognize password disabled cached mode repaired profile fixed issues unable open shared mailbox also mailbox full,Access,Administrative rights,0.4348935997564086
access to employees and managers for wednesday pm re employees thank much kind regards re employees hi added enable mentioned report thank wednesday pm re employees hi thank prompt checked seems file screen under folder suggestions find thank kind regards re employees thank take let she needs additional great device date re employees hi under reports shared folders custom report named employees which displays coaches let works kind regards wednesday pm employees hi please help help discussion since she taking over thank help head wednesday pm re employees care pot cine si cine coaches ii pot cum merci head wednesday pm re employees wednesday pm employees hi please employees location order calculate parking spots allocation policy important information related grade length roles thank head,Hardware,Storage,0.4346521623375101
failure failure hi please log incident production pc have problem with discrete graphic card after win thank you engineer belgrade,Hardware,Access,0.43460759434776186
please action missing time tuesday please action hello please advised had days prior filled regards pm please action dear part established processes each required submit his weekly basis each friday past must submitted receiving because haven followed process please action possible breakdown please log accordingly training materials available id by each wednesday past period then also notified country date total days information confidential legally privileged intended solely addressee opinions expressed mine necessarily represent opinions susceptible interference intended recipient disclosure copying,Hardware,HR Support,0.43452237552749895
update for and wednesday pm hi please log call amended thank regards leader annual leave notice wednesday re acceptance phase thanks both running hyper elevated update please liaise members update accordingly thanks again officer re acceptance phase hello understand migration needs fixed re confident properly take regards leader annual leave notice wednesday re acceptance phase hello two virtual machines operating details historical each assets notice latest patches updates please note did trigger decommission virtual physical these were done prior were moved thanks kind regards officer re acceptance phase hello please ensure required populated these added patching cycle operating selected platform filled prod test far least vs operating bit please entire back fixed thank regards leader annual leave notice tuesday acceptance phase hi everyone please advised acceptance cr has raised tasks assigned yourselves technical documentation has reviewed updated consulted setup spreadsheet has validated well session held teams invited partake cr reject feature scheduled thanks kind regards officer,Hardware,HR Support,0.434166472243193
update contacts with the service offer attributes wednesday pm update offer attributes hello audited date noticed offer attribute please update working also updated dashboard questions please let kindest regards care,Hardware,Miscellaneous,0.4341150991401648
access to pipelines sent monday march access pipelines importance high hi still fixed have given none permissions seem have passed over have access pipelines please can someone urgently provide access pipelines secondly for someone provide update when someone can fix can use sign access thanks manager,Internal Project,Hardware,0.4330790588178327
decommissioning and remove from march decommission hello please add decommission understand part related by code please provide sd appropriate thank,Internal Project,Miscellaneous,0.4329318139008737
licence has been removed your membership for changed inca va sa si sa ca el sent friday december your membership for changed you removed manage your customer forums creative you removed hi your creative membership ended if you think was error please contact your administrator if you re interested signing up for individual creative membership we welcome you learn more thanks much for using creative your view details about your logo either registered trademarks or trademarks incorporated states or other countries incorporated rights reserved incorporated ave san ca,Access,Hardware,0.4324560062266207
conference call account november pm call hi production application please give call pin tm facilities daily asking by client stop find other arrangements cheers production editorial consultant,Hardware,Access,0.4323594474663974
create tasks create tasks hello reinstate recurring tasks same description summary schedule every tuesday let were removed tuesday tuesday tuesday kind regards monitoring engineer,Access,Miscellaneous,0.43196116462133743
access march pm forecasts follow hi please provide write link order update forecast thank march forecasts follow hello weekend pl cut cum forecast please bookmark ave travels etc trainings holiday buffers sc working days forecast va mid cum merge ave oar officer,Hardware,HR Support,0.43186295574282185
updates ad for users friday february pm updates ad users hello please assist changes ad add location users arts add job titles departments specified each user job title job title job title developer job title lead job title job title tester testing job title officer job title engineering architecture job title officer job title unit job title configuration engineer job title senior architect architecture job title job title administrator job title job title job title bid job title job title measurement officer job title application job title lead job title job title developer add job titles departments specified each user job title head job title add details ad job title developer thanks kind regards infrastructure,HR Support,Access,0.4316802976030648
july review tuesday pm july review discrepancy please note left july report shows days reported july valid card her st july close her july onwards left reports given re july review tuesday re july review added setup enough generate report update according constraint maybe has rights manage resource allocation since think other means left feel free re july review closed since she left st than days marked entered same he tuesday re july review hi testing senior tester senior engineer card st july created yesterday instead days days remaining did leave st july closed july review please let more make aim highest ever pm re july review hello updated evening attached approaching checks close july reviewing status chasing please ask update till thanks re july review hello updated spreadsheet attached thanks way thanks re july review hi give update please how doing thanks re july review hi please update thanks thursday pm re july review dear please attached update evening thanks re july review hi taking nearly days where has entered under total enter great entered please urgently avoid danger low clients because record effort expended quickest disappointing way lose probably needs by help much appreciated best wishes chief date wednesday july review dear please attached reports july entries pivot table filters specify particular unit transition paying close attention status ask delegated persons ensure entered submitted going forward weekly reviewing july number aims reduction close enable by requiring submit approve weekly reduce backlog emphasis by providing analysis commercial close attention challenge resubmissions please report attached which includes shows by other attributes number days blank entries commercial shows number posted commercial leave instances where working expect commercial minimum please review challenge resubmitted without rejection changes required entered status entered pressed submit button report highlight instances note please submission issues moment cannot submit entered working resolve asap follow report thank closing these items thanks please refer section entities,Hardware,HR Support,0.4313629475053874
reset account sent wednesday october cont message contact administrators pot sa message was sent by,Access,Hardware,0.4310851692459612
low free space on partition low free partition dear running low disk lots free other partition please let done best regards senior tester,Hardware,Administrative rights,0.4310746871269472
help help hi you or can you tell contact get please created opportunity very urgent can add clear when click icon add form comes up but can search for like even if leave blank magnifying glass comes back saying there records listed below thanks for any advice client engagement manager manager,Hardware,Miscellaneous,0.43101791042891413
access hello please regarding issue thank kind regards engineer friday october pm hello please report user thanks,Access,HR Support,0.4308096589946738
accounts to be deactivate oracle thursday november pm accounts deactivate dear maternity leave active about cards starting july please deactivate accounts delete timecards starting st july thanks during accounts also suspended expected log name name status active active active active active active active active active active active active active active active active active active planning officer ext,Access,HR Support,0.4306780474256506
new hello please informed site has created site link owners site more questions hesitate ask kind regards engineer october pm re hello details name code owner please let questions thank engineer october hello please give more details about link guidelines id more questions hesitate ask kind regards engineer october pm hello please let link please let questions thank engineer,Hardware,Internal Project,0.42935665780441806
create project outlook create hello please create members thank best regards,Miscellaneous,Administrative rights,0.42871919312157647
project reporting sent wednesday hi for set should start forecasting for however unable enter forecast please below how forecast screen looks like let add can normally enter forecast other projects managing date tuesday re thank you tried enter forecast but seems like have privileges fields please advise best,HR Support,Internal Project,0.42860032439863155
blocker access to for sent friday blocker access for importance high hello can you please help please with access for for already developer rights but still unable tickets there much more we can can you help push through you be same zone blocker for if you can assist with for monday we be holiday cheers everyone manager colombia,Hardware,HR Support,0.42834267826612143
assessment ticket tuesday pm re code hi please log assessment based phone shall require future thanks administrator phone tuesday pm re code galaxy mini supporters id currently out warranty replace contingency based upon react thanks administrator phone tuesday pm re code hi doing work moments said phone closed despite phone started signal also mobile battery few senior engineer re code hi please provide justification then help reassign thanks administrator phone tuesday pm code hi please provide code order make phone senior engineer,Hardware,Purchase,0.4283040905882341
career development system provide access for november pm provide hello please provide currently displayed while accessing explorer chrome cleared cookies active please administrator more help allowed sign out thank senior tester,HR Support,Hardware,0.42784421147874313
change friday november pm salary proposal timetable hello please assist change has requested change form thank administration officer friday november pm re salary proposal timetable pm care flow tot observant ca la la sip ca se pare ca si effect,Hardware,Miscellaneous,0.4275700243032481
change tuesday february re starter ad importance high hello please assign person thank tuesday february re starter ad dear please note incorrectly please indicate thank head,HR Support,Miscellaneous,0.42747791175694677
oracle pas save button failing to work sent tuesday october save button failing work hi intermittent but extremely annoying there indication if tool failed or something going when click save nothing happens unable save work please can you advise client manager,HR Support,Hardware,0.4266271851241535
oracle fusion non chargeable task to wednesday october chargeable task dear ask please add chargeable task please redirect guideline how by myself thank officer,Miscellaneous,HR Support,0.4265584724291998
test machine credentials friday test machine credentials hello super user credentials machine help best regards developer,Access,Hardware,0.4265163526363919
allocation december pm allocation dear please allocate client members pm approvals thanks,Purchase,Miscellaneous,0.42626799400265253
port availability ground floor port availability ground floor hello please investigate how free ports available switch stack installed ground floor thank lead,HR Support,Hardware,0.42615009861999564
last day expenses etc re etc hi approve please expense approve she paid regards director fwd etc hi please help process final expense per found during final clear out apologies late client lunch working receipt attached client unfortunately removed upload myself receive please please approve remainder drop phone thing morning let thanks begin forwarded date re etc hi things going well morning followed she said information also whoever approves regards pm etc hi officially friday tried log expense few locked out expense receipt claim which found clearing everything down apologies while back client lunch working myself head spoke she mentioned process planning tuesday morning drop off etc unfortunately role arrange over next few days once idea schedule follow please receive thanks,Miscellaneous,Hardware,0.4260141811257384
not able to fill time sent tuesday please action hi there anything can solve issues with created after was employed cannot manually fill those days with rights for thank you sent monday please action dear part established processes each required submit his weekly basis each friday for past week must be submitted for approval you receiving because you haven followed process please action possible below breakdown your please log accordingly training materials available here id if by each wednesday there still past period then your manager also be notified country manager for for date total days,HR Support,Miscellaneous,0.4259465914155128
new pas search find him forecasting we need your urgent help onboard order include him october forecast note cannot be found,Hardware,Internal Project,0.42585962948382045
approval flow issues sent tuesday december re approval flow issues thank you cornel for raising issue reiterating cornel question please launch investigation bod understand why happening verify have rights accesses per other documents investigate why bod employees receive welcome message their st thank you sent monday december approval flow issues ladies there least developers have made recently requests for annual leave arrive because part approval flow remember same happened ago with another one developers think systemic issue since hire dates for them dec could we please launch investigation with understand why happening there zero way for know whether there other cases happening really like know when annual leave requests made thanks head,HR Support,Miscellaneous,0.42559705807118525
run benchmark test on laptop thursday march pm action required approve requisition hello please run same benchmark software has complains about performance issues understand how his device performs compared baseline thank consultant march action required approve requisition amount requester display justification rejected raised initial witch investigated advised problem persisted after few days investigation problem present work impacted slow debug mode active because lot errors debug mode properly cpu slow multiple programs opened same visual studio studio resolution hard write follow source code approve reject lines display assets accessories task closure action history submitted future approvers view task details,Hardware,Miscellaneous,0.42539623346394434
card reader not working sent wednesday card reader working se pare la la ave idee set se sent tuesday card reader working bun la sent tuesday card reader working cum tine tine si tie forward la la lac senior analyst sent tuesday card reader working hi th floor card reader door leads toward lake working someone left defect sign but one send signaling issue could you please check thank you registered under number whose registered old broad street kingdom does provide any clients each subsidiaries separate,Access,Hardware,0.42470508261138457
access oracle test test hi please test instance test faces null ctrl thank regards accounts receivable accountant,Access,HR Support,0.42461300104538935
add domains to thursday march re advise required suspicious hi please add blacklist regards wednesday march pm advise required suspicious hello please advise attached thank kind regards analyst ext hub wednesday march pm suspicious hi received attached which seems suspicious think please investigate take care thank best regards senior tester ext,Hardware,Miscellaneous,0.4240357728821498
oracle remittance advice issue thursday pm remittance advice issue hi please help query automatic run made submit process remittance advice employees informing employees did receive remittance has confirmed please advise possible remittances process followed additional information required please let thank accountant ext,Miscellaneous,HR Support,0.4230531129589154
remove the domain net from the block list tuesday february pm re filter hi please legitimate mostly kind regards february re filter thanks working wrote ah had better seems therefore too receive more malicious bad guys platform thanks tuesday february pm filter hello please advised conformity were blacklisted assistance please hesitate thank kind regards rare analyst ext hub february re parking complaint advice number hi please blacklisted thanks thursday february re parking complaint advice number hi better analyze please add blacklist please kind regards thursday february re parking complaint advice number hi thanks letting about order better understand which source wondering meantime please add blacklist kind regards wednesday february pm parking complaint advice number hi forward thanks february parking complaint advice number parking charge notice informing parking mr id has informed proprietor had rules parking parked yard without resolution named keeper registered owner accountable valid parking charges accident number accident date accident parking parking without authorization holder show details think mistake follow next steps solve problem cps enforcement northern registered trademark rights reserved,Hardware,Miscellaneous,0.42247035564012525
password thursday december hi connect phone please help thanks counsel old broad street,Access,Hardware,0.4223857720477042
user can apply for a job mantis sent wednesday july re internship can apply for job original message sent tuesday july internship can apply for job importance high following issue deleted reported by assigned internship issue id category have tried severity minor priority normal status date submitted last modified summary can apply for job description environment device browser chrome version os bit preconditions launch chrome enter click app enter credentials for click submit button steps open browser scroll down for announce click apply with button expected results message ca message displayed actual results blank displayed issue history date modified field change issue file added issue deleted,HR Support,Hardware,0.4222696225617872
manager permission and access rights oracle wednesday march pm permission rights dear complete please offer him permission done please make he approve other costs thanks unit,Miscellaneous,HR Support,0.4219468038248681
technical evaluators wednesday february pm technical evaluators hi please add these technical evaluators urgently discipline internship program android coordinator supporting thank much specialist,HR Support,Miscellaneous,0.4214919470961118
adding new team member to oracle code trying add employee codes but get error each try finds her when search but gives error when try add,HR Support,Internal Project,0.4213366133677955
weird weird hello can you please advise why receiving attached neither or fields checked with author confirmed did include recipient list very strange thanks,Hardware,Miscellaneous,0.42083838142802416
windows not working upon only black screen with small message seen message copy genuine,Hardware,Administrative rights,0.4205286811838554
error sent thursday please investigate please investigate thanks best regards manager,HR Support,Hardware,0.4202735856187302
filter issue sent friday november filter hi reviewing comments only allows look senior rather than respondents can you tell how change need review was looking was for music thanks,Hardware,Miscellaneous,0.4199193289840287
red sockets not functional the sd area sent tuesday red sockets functional sd area hello dear during today outage we have tried using vital circuit red sockets but ones area isolated sd area were functional seems rest them were can you please help with checking those mentioned areas making functional please let know if we can provide any further details thanks lead,HR Support,Hardware,0.4196579625998553
feedback question on the feedback question name rating suggestion help text editors were text especially comes feedback helps lot improve visual text by underline color words bullet lists etc especially visual helps lot thank,Access,Hardware,0.41928084228056706
critical alert sent friday march critical alert following alert occurred status active data source type data source computer resources description last recovery points created was unable access cluster resource resources for protection production protection for more information open administrator console review alert details monitoring task area,HR Support,Miscellaneous,0.41897251068202584
windows reinstallation reported she needs reinstallation due her working slowly making her job difficult,Hardware,Administrative rights,0.41836893952177723
new mouse mouse hi mouse temperamental works correctly kind regards,HR Support,Hardware,0.417890006360019
mouse request mouse originally wrong november mouse hi picked mouse responding trail thanks regards build release,HR Support,Hardware,0.41781427399103366
questions wednesday pm questions dear several questions connected please explain calendar view populate cards religious holidays entered enter manually which how work these holidays populate appropriately billed visible worked holiday please provide other functionalities questions thank specialist,Hardware,HR Support,0.41766772814883424
project manager setting friday march pm setting hi please his profile currently blank best regards head,Internal Project,Miscellaneous,0.4172413180107838
oracle notification duplicates sent monday notification duplicates dear let you know seems be issue with notification process received for same person same period timecard same below suppose critical for considering amount request you have related although could be added backlog future improvements thanks manager,HR Support,Miscellaneous,0.4169534881611554
oracle option missing sent thursday october option hello have any more option going via could you please check thanks manager,HR Support,Hardware,0.4168586856119621
re space re morning please log installation swap growth believe solution available within please talk maybe best thanks administrator phone thursday hi running out even files about total please advice done speaking colleagues learnt solution change thanks head,Hardware,Purchase,0.4168003032417414
contact list last used for incident wednesday july pm expired certificates incidents hi guys please phone needed thanks,Hardware,Miscellaneous,0.41655986917573795
change on assets friday pm assets hello off thanks flagging issue upon further testing found present image task sequence quite while colleague has alleviated issue thanks intervention unfortunately changes retroactively luckily identical daylight daresay re shift anytime furthermore while changing requires which users nonetheless changing zone trivial users per order adjust athens zone choice required please also log his kind assistance image changes required please also help disseminate information proceed close more help hesitate thank great weekend ahead engineer friday pm assets has assigned hello please advised record number has assigned please review details take appropriate action reference number details requested location summary assets additional comments requirements friday pm re zone hello cannot reference thus suggest log follow process impact due fulfillment amendment needed related image then take regards leader friday zone hello user complaining coming instead setting image wrong during install hello did attention tried discussing issue hello issues clear means investigation escalated cannot then thank best regards client friday pm zone hello everyone please advise thank kind regards analyst ext hub friday pm zone meeting la zone loc ti pare default vin pare la alt assign reference assignment summary location please link kind regards ref msg,Hardware,Miscellaneous,0.4165581146068258
full control for one site requested over control permissions order restrict item,Purchase,Storage,0.41602684659273526
boot issues sent monday boot issues hello please log ticket for regarding boot issue encountered by thank you have good kind regards engineer ext,Hardware,Administrative rights,0.4159465308358075
disable accounts for leavers jones rough end date disable accounts leavers date,HR Support,Access,0.4158982417648206
provide access on servers net and net tuesday backup location software hello please log separate provide groups os database instance thank best regards technical consultant,Miscellaneous,Hardware,0.41579690739062414
expense report accounting errors expense report errors hi intend submit expense report below but receive error advised added each expense item code task but same error thrown master sent wednesday november re sa task number si va sa submit care code have great accounts payable sent tuesday october re expense items si receipts care la submit ca parte expense items si parte best regards sent thursday october re sa submit expense per diem thank you have great accounts payable sent tuesday october building event request loc va cum number purpose building event with merchant settlement type amount balance master,Hardware,HR Support,0.41571296972792665
for push notifications pm push hello please investigate push these please enable consultant,Hardware,Miscellaneous,0.4156940145321348
oracle expenses failed sent saturday failed hi getting error when trying sign into app failed please ensure server name name password correct was previously working fine since password was recently changed because similar issue please advise thanks head technical,Access,Hardware,0.4154539487754573
on how to purchase old device status buying dear please let rules selling old employees regards head please consider environment printing content communication classified confidential proprietary information content communication intended solely individual entity whom addressed others authorized receive intended recipient hereby notified disclosure copying taking action reliance contents information strictly prohibited unlawful received communication error please notify immediately by responding communication then delete integrity communication has maintained nor communication free viruses interceptions interference appreciate assistance preserving confidentiality correspondence thank,Purchase,Access,0.41463360898380375
access to unable connect hello connect error today maybe receive rights rights same please thank programme portfolio officer,Hardware,HR Support,0.4143300743983101
check users with as service now per attached friday march pm dear well checked appeared although ad changes were made manually updated other colleagues mentioned synchronization occurred accordingly separate senior colleagues synchronization ad occurs further assistance please hesitate thank much kind regards analyst ext hub thursday march high satisfaction score reverse charge issue hello please verify thank thursday march re high satisfaction score reverse charge issue think updated yet thursday march re high satisfaction score reverse charge issue awesome receiving these scores thursday march high satisfaction score reverse charge issue thursday march high satisfaction score reverse charge issue take moment enjoy earned notify reverse charge issue which assigned has received excellent satisfaction score overall satisfaction provided by ability understand issue having repeat information about issue communication steps required resolution taken by solve issue effectively influenced give these markings thank contributing high satisfaction rates kind regards improvement,Hardware,Miscellaneous,0.41419571217338086
fill thursday pm kind hello starting st until december leave pre si post natal great help automatically sheet order myself every makes sense doable thanks,Hardware,HR Support,0.41401902256769313
access for development project hi please regards developer,Internal Project,HR Support,0.41387770569855536
project access request git location forms configuration view bb ca ribbon,Access,Internal Project,0.4137357987501158
replace pm for oracle replace pm hello appears pm she involved while please replace her pm further details required please let thank,Miscellaneous,HR Support,0.41331636973038255
issue when opening safari issue when opening safari,Administrative rights,Hardware,0.4131085363535996
create to restrict access th floor thursday pm re members hi by restrict floor dedicated teams please personnel attached spreadsheet both sheets create groups users physical control which then allocated permitted groups floor points main doors side doors near stairwell doors required control populated accurately particular reason restriction implemented possible personnel has changed since spreadsheet please notify going forward notify members needing floor leavers roles changes captured via processes kind regards,HR Support,Miscellaneous,0.4130386511589051
oracle information for sent thursday information for hello could you please check if below issue based display errors profile can line manager career set wanted please attached capture thank you administration officer sent re information for hello there was update information can there issue displaying data kind regards senior tester en sent wednesday re information for hello please attached structure profile details should be fine regards administration officer sent information for hello there issue with information for line career his line manager his career can you please help fixing kind regards senior tester en,Hardware,Miscellaneous,0.41300328466118463
printer issue printer issue hello we having issue with printer floor tonner empty thank you design lead,Hardware,HR Support,0.41298570055475364
service now access to ms dashboard for am team leads friday december dashboard leads dear please teams tab dashboard leads please make charts best regards engineer,HR Support,Miscellaneous,0.4125467977137645
paths hello please advise implement paths call after seconds call taken by analyst kick letting user analysts busy hold hit key leave repeat every seconds users choose wait tech please touch details thanks,Hardware,Access,0.41244523978354053
access to october dear please took over part his responsibilities his old mails regards officer,Storage,HR Support,0.4124434101679625
unable to setup account re notification for was trying setup got following error qui ones senior manager bogota sent monday notification for importance high for dear part continuous improvements supporting tools have received access for product please be advised your action be required order activate use for order make use please make follow attached setup guide look up product details features use for governed by usage policy kindly make you understand contents prior signing up for use should you require assistance setting up for your computer after going through setup guide please raise ticket via or we gladly assist thank you kind regards ext,Purchase,Hardware,0.4124205319786214
account access oracle access need access option about section image below shows have access need configure delegation need access screen regards qui ones senior manager bogota,Hardware,HR Support,0.4124089695143516
list tuesday pm hi possible create named containing users thank,Miscellaneous,Access,0.4122883788773915
new desktop hi guys please que build best regards engineer ext,HR Support,Hardware,0.4120478772306975
issues sent friday issues hello have some issues with logging you can below can you please help fix them thank you lead sent friday issues hello code fields displaying for could you please help order submit week sheet appreciate thank you lead,Hardware,Administrative rights,0.41187281164379524
conference approval flow needs to be changed re flow needs changed hi regards back forth please let change final approver instead close anytime flight tickets thank much help shared officer ext st emergency number tuesday pm re needed confirmed please ahead tuesday pm re needed hi per instructions received looks flow correctly correctly please discuss meanwhile process bookings thank shared officer ext st emergency number tuesday pm re needed guys unit led by by same thing leading multiple accounts which unit approve costs which charged accounts unit represented by give neighbors groceries these said sorry acronyms lesson thanks reading solution based acknowledgement costs re budget agreed ahead make purchase today benefit offer cost reduction tuesday pm re needed hi per flow approver final approver since vacation please let approve costs traveling flow thank shared officer ext st emergency number tuesday pm re needed hello approve considered approved progress regards tuesday pm re needed maybe approve accounts tuesday pm re needed hi room breakfast included needs approved by he vacation please let approve trip take advantage discount today thank shared officer ext st emergency number tuesday re hello flight tickets good accommodation closest venue price per higher tho has breakfast included room without window aid label gen aw kb checkout room atlas sr thank re hi please find quotation requested off today accommodation propose close barbican area apartments street apartments central bed apartment let think other suggestion please let thank shared officer ext st emergency number pm re hello around code please attached excel sheet br re dear colleagues glad help please kind fill attached form details come best fit budget receive information endeavor timely manner thank kind regards shared officer ext st emergency number thursday pm hello si re la please merci thursday pm re done vendor added ca opera card se va cum ca ca ii si wednesday re updates merci re dada bird inca merci friday pm re la registration ne ca bird tickets friday pm re si workshop friday pm re ca ne si part la avion si loc la ca inca si personal avion please merci,Hardware,Miscellaneous,0.41157095794916265
info required regarding excel files thursday november pm tool work concurrently more than user good morning issue report question work concurrently excel files knowing policies tool let thanks assistance senior tester colombia,Access,Hardware,0.4114575014289589
cd site permissions check permissions and owner rights tuesday cd site permissions hi please permission continuous site members cd cd contributors writes add content please site members contribute cd included attached strangely members members attached members owners also other problems attached error appears permissions thanks tuesday cd site permissions hi currently controls disabled please permissions let additional information regards lead,Miscellaneous,Storage,0.4113958295712157
access tuesday hi please his level kind regards application engineer surrey surrey please consider environment printing regarded confidential received error please notify destroy immediately statements intent shall become binding confirmed hard copy by signatory contents relate dealings other companies under control details which found,Hardware,Access,0.4109717635939376
correction to the report correction report hello please rise summary correction report description update job details report by order match other reports entity unit discipline kind,HR Support,Miscellaneous,0.4108553366013628
important month end expenses tuesday re important hi please help per yellow column starting st july thanks entity client code operational number tuesday important good morning attached document reflecting loaded accounts far please note amount kindly ask recognition by noon order enable reach agreed thanks accounts receivables accountant heads important good afternoon please advised decided july won july incurred please labor fixed price resale usual process july invoiced clients holiday myself working better coverage process deadline agreed tuesday please make timely manner which booked which were pending invoicing attached find export posted far please note haven succeed post working regular updates order offer better visibility over question hesitate thanks accounts receivables accountant import cut off billing recognition importance high good morning everyone delay import final transactions upload date cob tuesday final upload same recognition billing cut off july tuesday cob order offer visibility over cob thursday extract over per client code labour fixed price resale cut off tuesday please by cob instructions july issues hesitate thanks accounts receivables accountant heads import importance high dear teams please follow instructions delay import final transactions upload date cob please reports described retrieve visibility costs against codes help generate clients described sessions pm induction please usual channels raising draft recognition forecasts currently forecasting reports because delay releasing fully complete reports until imported thank during transition period kind regards hello everyone approaching going important take action key tasks immediately ensure entered july please submitted weekly july friday st july going form basis july bills clients hence important everyone enters please review approve submitted please approve where back where please review approve purchase requisitions sitting authority limits mean approvals which relate these come because other required authority approve expenditure please receipt goods requisitioned july details how complete these tasks available please make every effort complete these tasks possible frustrated since launched weeks ago working hard issues raised improve experience update critical issues tracking moment performance overall performance application has good since launched taking much than complete simplest tasks submitting purchase requests regular issue adjustments were made environment over weekend which assured significantly improve performance continue monitor provide feedback performance significantly improve further action taken visibility charged report logged against available report under shared folders custom programme report name reported members please make members added otherwise report working hard ensure other reports become available discipline type packs reports available looking build addition looking reports ensure report items visibility costs charged costs charged against by navigating analyse manage costs both committed approved accounted yet by actual which accounted costs approved coming costed phase setting corresponding rights today tomorrow please bear immediately section active employees submit employees cannot enter present appears issue pursuing resolution flow purchase requisitions approvals raised against corporate cost centres working correctly having issues where relate relate corporate cost centres requirement these approved by working ensure flows work correctly flow process flows these different advances budget owner validate approve requisition then find per has right authority approve certain cost amount required approve receive although approve working make more meaningful approve expense reports advances has approve requests advances tasks actual has built action task details status name preferences want receive want filter out mentioned working improving both please reference pending actions tasks assigned please continue log issues best way monitor overall status thanks continued important move forward platform kind regards ext mob glee zone,Miscellaneous,Hardware,0.41083928929848884
view issues ie sent friday november view ie hi cannot use data sheet view get following message checked controls look enabled have problem last month can you please look into asap need update invoicing portal thanks senior manager,Hardware,Administrative rights,0.41080833348774665
mail redirect for tuesday july redirect good morning mailbox has permanent redirect please change redirect instead thanks,HR Support,Storage,0.4107312691674855
problems with sonar problems with sonar hi sorry for bother you have issues sonar can you help solve sp sonar dashboard index design lead,Administrative rights,Hardware,0.4105185965416383
issue submitting feedback form sent thursday issue submitting feedback form hello could you please investigate issue below facing when submitting feedback appears technical evaluator thanks sent thursday re technical feedback happening for months already able open feedback form but when click submit button following displayed thanks for asking,HR Support,Hardware,0.40953114658844164
admin account and permissions for pm permissions hello also please write permissions ad write provide soft token ad ids rights thanks regards engineer pm permissions hello mentioned starter form please provide please permissions provide permissions permissions please add details regards leader registered under number whose registered old broad street kingdom provide clients each subsidiaries separate entity has liability entity,Access,Storage,0.40944888466819573
access to oracle eke permission tuesday hello please replicate user colleague additional information please let thanks accountant,Access,HR Support,0.4094137018773008
for thursday re setup dear please requested thanks kind regards engineer re setup hello please provide package technician thursday re setup add colleagues visibility well also since user waiting his configured package finish setup thanks kind regards engineer re setup cum se packet special care technician setup hello getting more more requests setting macs pretty clear procedures except which idea how where install think useful sort guide how please remember requested similar guide gave him thanks kind regards engineer,Hardware,Internal Project,0.4093059145734419
july review friday pm fwd july review hi please map per thanks begin forwarded date re july review hi maybe cause he mapped under please fwd ask correction thank friday re july review hi special hire he submit his july moment investigating issue please advise how must proceed order his updated thanks wrote dear please attached update evening thanks re july review hi taking nearly days where has entered under total enter great entered please urgently avoid danger low clients because record effort expended quickest disappointing way lose probably needs by help much appreciated best wishes chief date wednesday july review dear please attached reports july entries pivot table filters specify particular unit transition paying close attention status ask delegated persons ensure entered submitted going forward weekly reviewing july number aims reduction close enable by requiring submit approve weekly reduce backlog emphasis by providing analysis commercial close attention challenge resubmissions please report attached which includes shows by other attributes number days blank entries commercial shows number posted commercial leave instances where working expect commercial minimum please review challenge resubmitted without rejection changes required entered status entered pressed submit button report highlight instances note please submission issues moment cannot submit entered working resolve asap follow report thank closing these items thanks,Hardware,HR Support,0.4089278110276129
unable to access service now lock check notes unable access hello please be advised we have logged above mentioned ticket for lock unable log into due wrong password error message could you please have look best analyst,Access,Hardware,0.4083563002845869
request for info friday pm re ca dear please let owner simplify word owner beforehand maybe needs done order delete thank friday ca ca observant ca face parte el discipline lead,Miscellaneous,Hardware,0.4082632125095794
oracle authentication july pm hi dear getting error incorrect user id type user id again issue discovered friday steps then sign sign,Hardware,Access,0.40825866828049884
oracle please update for sent monday october please update for importance high hi please could you make following updates for should be similar please could you correct person number for should be person number thank you,HR Support,Hardware,0.40800731594947154
create a new site and permissions dear please create ad groups owners make owner members make owner ad created owner must owners location owners owner members engineer tuesday february pm re create site permissions hi create site please create leads thank best date february re create site permissions hi had today meeting discuss about topic both concluded information want collate needs special area which bid vault area please let going recommend other repository best regards tuesday february re create site permissions hi conversation regarding site please advise updates also help hesitate kind regards analyst friday february re create site permissions hi wanted follow regarding needed materials site please advise help side thank kind regards analyst tuesday february pm re create site permissions hi good glad organizing around please consult about materials within well bid library resources library ebb repeat same content once provide leads site thank best date tuesday february re create site permissions hi initiative wants increase skills awareness related lead role phase program addresses intent increase pool once materials touches mature level moment initiative addresses materials partially discussed also location title leads programme information further developed maintain once moved owning moment responsibility program want public where anyone thought create other suggestion where share materials structured way please advise bets regards tuesday february re create site permissions hi thank contacting please give more details about official level how gathering going future owner provide content keep updated future thank best date february re create site permissions hello approve creating site leads kind regards february pm re moving material confluence hi please create under practices site leads permissions update delete add information thank,Miscellaneous,Storage,0.4079437733121942
password problem sent wednesday march password problem hello have problem with for connection failed then wanted again could access by password except for best regards accountant payable accountant phone,Hardware,Access,0.4079404728493326
from sent wednesday december importance high hello any below thanks kind regards infrastructure manager annual leave th th december sent wednesday december importance high hello was informed by send stuck queue though every other external being send without any issues could you let know if can be caused by issue reported today we haven started making any changes perspective yet where start with could happen with other clients well though can confirm receiving our clients throughout tried sending test haven received stuck outbox if you could have investigated possible would really appreciate let know if you need further information thanks kind regards infrastructure manager annual leave th th december,HR Support,Hardware,0.4076042291824987
project manger for pm manger hello please name profile main main,Miscellaneous,Internal Project,0.4074222711528163
to ark review set up thursday february pm ark review importance high dear order proceed review accesses please help link believe order needs added main link take log screen best,Purchase,Hardware,0.4073674103522285
servers audit decommission hello please order decommission best regards engineer re hi decommissioned view thank hello performing determine unused owner please let running decommission looking forward best regards engineer,Miscellaneous,Hardware,0.40680229241662896
service now feedback script error sent friday your feedback impact hi think there some errors content below best regards senior analyst sent your feedback impact script render error script assessment notification does exist feedback sn ref notify assessment ref msg,Miscellaneous,Hardware,0.40666803612887925
printer issue sent friday october printer hello had trouble connecting printer problem solved thanks,Administrative rights,Hardware,0.40661250490565765
client client hello please provide client site site best regards analyst,Access,Hardware,0.40658044754761785
license tuesday october install hello receiving files client part documentation having installed allow these please install thanks senior developer,Access,Administrative rights,0.40627326567989164
access to project for friday pm user hi joined working needs moment he receives error saying he permission please add him required groups ad mobile thank officer,Miscellaneous,Access,0.40607989027527447
to create with minus sr wednesday pm error expense report hello please assign thank best regards analyst wednesday pm re error expense report hello allow creation minus modified thank wednesday pm re error expense report hello please let ahead regards analyst wednesday pm re error expense report hello discussed implementing she needs processed minus amount testing please hold meantime thank wednesday pm error expense report hello taking consideration mentioned going ahead based option active please let further assistance needed best regards analyst wednesday pm re error expense report hi said means she approved even word she holiday please ahead transfer setting prod lose more thanks kind regards accountant ext re error expense report hello also waiting ss head received yet please highlighted hello please approve thank best regards analyst tuesday pm re error expense report test well order movement prod head wednesday pm re error expense report hi has agreed implemented entities done yet receiving again requests kind regards accountant ext re error expense report importance high hi per approved implemented prod please give update thank regards leader re error expense report hello please advise implement change expense prod thank best regards analyst wednesday pm re error expense report hello pleased inform validation submission expense report minus works say ahead implement prod help closing down balances cleared thank wednesday pm re error expense report hi checked report date july transfer negative positive amount please create expense date thank best regards analyst wednesday re error expense report hello let regards analyst wednesday re error expense report hello please unable transfer validate report because sum minus thank great accounts payable wednesday re error expense report done great accounts payable tuesday pm re error expense report hello approved please process cannot process own expense report link thank great accounts payable tuesday pm re error expense report hello submitted expense report test please approve want test flow expense report minus amount link fin thank great accounts payable tuesday pm re error expense report test well order movement prod head tuesday pm re error expense report hello everyone order avoid error described suggest change allow accept expense reports tested option has cloned works requested please advise implement same prod thank best regards analyst tuesday pm re error expense report advise head tuesday pm re error expense report hello se si se se face ca task application error expense report details assignee assigned date task number expense report number report period report total submission date purpose test error rules defined under rule did return results fun cause probable causes include empty participant catch rule defined rule definition incorrect action rule definitions under rule tuesday pm re error expense report ca expense minus va print screen cum accounted error expense report ciao refunds la employees reports minus si se head tuesday error expense report hello please advise implement expense report prod thank best regards analyst thursday pm re error expense report hello option available entities best regards analyst wednesday pm re error expense report option available entities cases anywhere kind regards accountant ext re error expense report understood available entities head wednesday pm re error expense report hi setup needed mainly refunds received employees kind regards accountant ext re error expense report hello received tried submit expense encountered error details best regards analyst tuesday pm re error expense report background head pm error expense report hello per environment modified rules order allow submit negative amount tested option works requested please advise shall implement environment thank regards analyst wednesday re error expense report hello please informed raised issue keep informed about updates during investigation progress questions please let best regards analyst pm error expense report hi about error were created delegate option kind regards accountant ext error expense report ne minus la accountant pm error expense report date error expense report task application error expense report details assignee assigned date task number expense report number report period report total submission date purpose error rules defined under rule did return results fun cause probable causes include empty participant catch rule defined rule definition incorrect action rule definitions under rule,HR Support,Miscellaneous,0.40545816363101983
check if any backup jobs were running the period wednesday pm re confluence working offices dear initiate backup jobs running period ex backup thanks wednesday re confluence working offices hello please investigate gateway short period tens minutes maybe also experienced inability various connect nothing same both without connected around problem disappear were best regards client wednesday confluence working offices hello please advised details regarding id reported outage affected location offices outage status ongoing summary confluence working offices impacted notified root cause yet found technical resolution yet resolved latest update senior engineers contacted currently investigating per available advised networking issue thanks kind regards rare analyst ext hub,Access,Hardware,0.4053786001690353
please send mail notifications for any actions performed by test user saturday november pm please actions performed by test user hi guys currently receive each change tasks took good receive events by user test problem test responsible automated tests generation nobody interested receive messages related changes produced by user please perform change thank,Access,Miscellaneous,0.40510031791187906
report issue sent monday october report dear could you help solve issue can raise report get message help thanks br manager frankfurt main frankfurt main,HR Support,Hardware,0.40400795737928585
staff missing new pas tuesday november hello add forecast search her name show she starter st october please she has add thanks,HR Support,Miscellaneous,0.4037044630294212
cannot to pm cannot hi tried instructed please assist thank senior,Hardware,HR Support,0.4036333136132791
shared file blocked store human resources hr admin new tuesday document error hi issue store human resources by user identify cannot document please help reestablish control over document asap impacts annual leave flow thank lead,Hardware,HR Support,0.40358884112226745
failure for friday pm model commercials getting failure person undeliverable model commercials has failed these groups due permission issue rejected by moderator accept certain senders restriction preventing,Miscellaneous,Hardware,0.40347563502256356
new purchase po purchase po dear purchased nim flash dram firepower des ct series controller ca ext ant catalyst port catalyst base va va generation bare bones intel monitor edition trio trio trio visual cables cable mount yr yrs premier edition trio conf phone built cable cable yr premier edition phone voice dual ports voice license ships without premier phone voice premier trio phone upgrade premier st yr upgrade trio collaboration available product purchase tv cable organizers cage nuts screws loop cable ties care pack same hardware extended site labour physical attached base transceiver module category copper wire ct wireless controller rack mount bracket ant dipole ant nm catalyst module cab catalyst stack cable upgrade base transceiver module nm dom stack catalyst plus stacking module cab stack cable cab stack cable base transceiver module nm dom rack basic card shutdown bar metal double doors vertical organizers floor rack please log allocation please update information per recommendation kind regards administrator,Purchase,Hardware,0.40335800230026564
add users to thursday pm social va ii social graduates care senior software developer zone,Hardware,Miscellaneous,0.40323634612438025
printer from th floor is not working sent thursday printer th floor working hi please fix printer th floor working regards manager en blvd th floor district,HR Support,Hardware,0.4032136068844118
device request device hello mouse keyboard attach possible pro thank lead generation,Purchase,Hardware,0.4028947482316384
project access environments re generic updated forms configuration view thanks friday generic hello please provide updated configuration plan kind regards analyst ext thursday pm joiner hello joining next he recently accepted offer he he possible he part code please tickets confluence environments stag test test test test license please make tickets raised requests let other details required thank,Miscellaneous,Access,0.4026525843500236
server free space free dear please advise room store additional location store human resources done order expand thank,HR Support,Storage,0.4007105942465582
no access pas sent tuesday access hi know why but have access for pipeline calculation please check need access otherwise can make best regards manager frankfurt main frankfurt main,Internal Project,Hardware,0.40046318927154495
report access wednesday pm report hello part lead having issue looking reports satisfaction noticed bad score cannot find triggered please help navigate thru requests incidents scores per engineer kind regards application developer,Hardware,HR Support,0.4003532369381285
access request to client managers pas client hi please client approved by thanks coordinator,HR Support,Internal Project,0.40034327483498083
access from new instance to instance dear purpose instance reach elastic assigned instance please provide instance thank developer,Hardware,HR Support,0.400276571845844
add at drive on db server tuesday december pm re procedure error hello please add drive order make task kind regards senior engineer thursday december pm re procedure error hi create column increment true then constraint thank application engineer tuesday december re procedure error hello please inform delete column primary key because same won allow create mentioned index without duplicate key find columns primary key find trigger insert same same kind regards senior engineer december pm procedure error hello please advised referenced has logged has assigned queue kindly assist best regards analyst,Hardware,Miscellaneous,0.40024401272170507
wireless th floor wireless floor hello kindly ask review wireless cause today download app testing comes blocker whole floor test engineer,Hardware,HR Support,0.40021237097105206
no access to local access files documents blocks,HR Support,Hardware,0.3999596234022324
user could not log to workstation advised her laptop won accept her usual credentials sudden,Access,Hardware,0.3998048370164093
wrong account details outlook sent thursday october wrong details hello guys please note there problem with details job title location could you please correct information displayed with following details title safety officer location center thank you for help provided best regards safety officer,Miscellaneous,Administrative rights,0.3997245598272477
oracle modules for thursday november pm modules hi please best regards analyst thursday november pm modules dear please find additional modules receivables intercompany fixed assets center corporate cards about collaboration massaging setup tools country,Hardware,HR Support,0.39950212629834486
calendar issue sent thursday calendar issue hi have issue with calendar weekend days set tuesday wednesday saturday should normally be because last vacation request was correctly processed can you please check why calendar displaying these days weekend days could you also check if with migration issue present anymore thank you,HR Support,Hardware,0.3994818081450526
documents required re required let separate country by archiving entire folder tried initially unfortunately colombia folder too big even solution therefor remains once technical option provided thank understanding sorry inconveniences lead december pm re required unfortunately impossible attach folder added advise action solution comes tomorrow won thank much lead december pm re required hi zip files think confidential area both regards december re required hello unfortunately allow folder too big even archived shared location both has other ideas help provide highly appreciated thank much lead december pm re required thank looking forward receiving best december re required dear provide were locations thank lead wednesday november pm required hi assist collating details requested mean liaising location details help thanks november re required hi collating across board record keeping requirements best november re required hi please information thanks november required hi wondering please provide ask where applicable requirement populate records copy listed within next couple weeks latest let thank help regards proprietary information inventions agreements employees intellectual entities correspondence memoranda notes concerning pending threatened work stoppage bargaining agreements employment confidentiality similar agreements employees similar agreements key employer other than copies severance plans summary plan descriptions copies benefit plan profit sharing retirement plans related agreements adoption agreements agreements summary plan descriptions annuity contracts copies irs determination letters benefit plans copies welfare benefit plan cafeteria term short term disability plans summary plan descriptions documentation regarding plan insured self funded documentation regarding employer maintained retiree benefits organization chart indicating number employees by functional area employment contracts agreements consultants independent contractors commissions arrangements indemnification agreements directors officers incentive bonus plans correspondence memoranda notes concerning labour employment disputes copies severance plans summary plan descriptions,Storage,Hardware,0.3991066598392139
oracle shifts profile check friday hello please kind members part shift add maybe help avoid different error messages receive completing thanks kind regards leader,HR Support,Miscellaneous,0.39831594816213495
access to the report reports updated hi please please approve best regards wednesday november pm reports updated hi please provide report thank wednesday november pm reports updated november reports updated hi created template layout report storage mentioned image granted users analyze extract fresh report until come back leave also please suggestions how improve structure filtering report order assure best solution thanks awareness best regards application engineer provide clients each subsidiaries separate entity has liability entity acts omissions,Hardware,HR Support,0.39815607402794345
career updates oracle updates dear please apply changes yellow highlight wherever applicable convenient,HR Support,Miscellaneous,0.3980596937502325
lock screen image testing week tuesday july lock screen image testing hello testing planned method re taking consideration update modify lock screen image two event change add stamp over existing lock screen image please possible modify existing image add stamp want make update thanks senior tester blvd floor district blending industry expertise,Hardware,Miscellaneous,0.3976339959292383
enable open december pm hi enable also across details required software etc thanks information confidential legally privileged intended solely addressee opinions expressed mine necessarily represent opinions susceptible interference intended recipient disclosure copying action taken omitted taken reliance strictly prohibited unlawful received,Access,Administrative rights,0.39756933099183095
eventual consistency or issue sent monday october eventual consistency or issue hi raised request for annual leave th line manager approved per below however received notification request show approved end could you check kind regards senior architect,HR Support,Miscellaneous,0.39725616891176735
oracle time awaiting withdrawal approval awaiting withdrawal hi had planned vacation which approved because unforeseen circumstances had cancel record awaiting withdrawal cannot enter regular please awaiting withdrawal record thanks,Miscellaneous,HR Support,0.3969283443221914
installation en friday installation please separate tickets each order install app assign best regards engineer,Miscellaneous,Purchase,0.39649139456828597
on azure machines azure machines hi please add disk size azure machines please assign task thanks design lead ext,Hardware,Miscellaneous,0.3964083085925461
mobile app expense friday october pm re app getting hi ad him user must change next course number apologies delayed response user active directory log how active directory knows itself browse threat gateway next want change after logging enter give log next prompts enter chosen twice fill boxes these making meets least attached policy which enforced by ad want follow guidance attached information tip creating strong passwords document change button submit modified make remember next find name over top right hand corner then sign out bottom out menu appears close browser tab want next browser tab browse automatically redirect sign button underneath sign sign take federation enter enter then sign federation combination these entered correctly redirect back application authenticated user token buried redirect log show normal where name grid icons assume how find app work after given ad call although won ad again then cannot remember passwords kind regards october app getting having difficulty getting app because understood problem seems own connected never had real connect guest which forward seems passwords out by forwarded addresses means install connect seems rather unnecessary appreciate advice how proceed call mobile easier discuss by phone thanks virus free avast,Hardware,Access,0.3961236438736063
integration with local ad error sent monday march integration with ad error hello there seems be problem with synchronization with our active directory could you please investigate thank you engineer,Access,HR Support,0.3959852285754706
export request friday pm re export date friday export hello working migration part migration matching two provide export containing addresses users also attached thanks digital solution architect,Hardware,Access,0.3958771458150012
access on friday pm hello please log order accounts permissions troubleshooting nap issues occur view events receive denied please let additional information required thank best regards senior engineer,Hardware,Access,0.39581182026354406
add to all service delivery re library hi also added senior please think groups where needs added thanks leader re library thanks galaxy date library hi guys please add ad he sub site part spaces setup workshop meeting show around let he thanks leader tuesday library requesting library links library manage setting library please provide pages thanks note site site site provides central storage collaboration information ideas site tool collaboration tool communication meeting tool decision making site helps groups work teams social groups share information work together example site help coordinate calendars schedules discuss ideas review proposals share information keep touch other sites dynamic interactive members site contribute own ideas content well comment contribute other,Miscellaneous,Hardware,0.3937192400827227
pas menu not working properly re incident can you please help with error hello seems working when want change can you please check,Hardware,Miscellaneous,0.39347872580008425
new access hello please informed visitors site ad checked member he he directly by clicking link because he added members more assistance feel free best regards engineer wednesday november pm issues hello unable says requested he fill out form saying he needed please give him particularly thank,HR Support,Hardware,0.3933767136103455
resilience between and tower resilience tower hello please investigate possibility enabling resiliency tower comes order avoid outages similar wednesday possible please follow change process make keep loop well thank,HR Support,Miscellaneous,0.3932539752390754
unable raise purchase request on someone behalf sent tuesday march issue hello would like ask you for favor able create purchase requisition someone if possible could you please arrange for best manager,Purchase,Hardware,0.3931568071695139
your is ready tuesday thread ready hello guys believe legit poses thread cheers ready hello latest currently performed arc document thank,HR Support,Hardware,0.39269162649354333
access to access hi after upgrade have problem with access would like ask you for help thank you best planner,Hardware,Administrative rights,0.39251656687880493
suspicious received february suspicious received hello received attached identified worth signaling thanks,HR Support,Hardware,0.3912365854850366
for it equipment catalogue needs to be updated thursday march re equipment catalogue needs updated hello please link shopping shopping please update form thanks thursday march equipment catalogue needs updated dear please advised realized equipment catalogue old works thank much kind regards analyst ext hub,HR Support,Hardware,0.3904206596614468
pixel on live tuesday july pm pixel hello please queue thank july re pixel hello activated pages mentioned want please let best regards tuesday july pm re pixel hi please turn within these pages more locations location pages example locations central etc think forms let test thank best date tuesday july re pixel hello pages want activate pixel also forms please let which filled thank tuesday july pixel hi please enable pixel environment test active campaigns way gather much more audiences thank best,HR Support,Hardware,0.3900517438190125
data on systems usage usage hi working review processes looking usage existing provide usage per towards provide usage thank much senior,HR Support,Hardware,0.3898267330892962
account for search re search dear issue match guess different than provided painful unable application please make match required ask name regards engineer,Miscellaneous,Access,0.38976291120572676
problems oracle ref thursday october pm problems importance high hello help hence reaching out both issues having ledger even terminated requests couple days back created process started selected tried logging out logging did help too write off amount invoice lower by amount missed doing short expense report please advise how tried creating note expense unable vacation appreciate specially st addressed anyone wants run absence issues thank wednesday october pm re st hi submitted finalize tomorrow morning next later tomorrow selected even both were terminate apply vacation gets confused paid please let thank,Hardware,HR Support,0.38974152329278927
change ad needs changed october pm re starter hi please re ready discuss regarding thank kind regards analyst re starter hi back remind her she needs best regards analyst friday october pm re starter hi user ad please call sort out thanks analyst ext hub october re starter hi please change ad because which stands unfortunately because her disabled shown directory even disabled anymore replace her because historical mixed confusing please let change give him thank sorry inconveniences kind regards analyst starter dear please advised has logged assigned queue thank much regards analyst ext hub wednesday october pm re va ne si va la wednesday october pm hello va ne date administration officer,HR Support,Miscellaneous,0.3896657074401361
end pm hi please number thank,Hardware,HR Support,0.38934441410496273
access to july pm re user more important become option owner opportunities his name cannot select myself owner wrote dear kind rights she part thanks,Miscellaneous,Access,0.38925909875994513
no re unit manager sent tuesday october importance high dear we have thanks head testing,Hardware,HR Support,0.38859377636035125
improvement service now sent monday november improvement dear some our commercial projects teams also using for their processes observed following functionality implemented there when replies update or was sent automatically added note incident could we please have enabled our well would help improve our efficiency reduce some efforts well thanks engineer,Miscellaneous,Hardware,0.38840787388915754
mailing lists not expanding outlook sent monday november mailing lists expanding hi get error when trying expand mailing list attached please note error manifesting since last week thank you senior manager,Storage,Administrative rights,0.38834947907361694
printer th floor sent wednesday printer th floor importance high hello printer th floor again working can you please pick issue up with priority working currently blocks processing items thank you have great accounts payable,Hardware,HR Support,0.38821668152011624
employment changes december re employment changes hi attached kind regards december re employment changes hi please provide job title currently thanks analyst ext hub december re employment changes hi almost order little part left job role section profile says developer believe developer thank kind regards december employment changes hi made changes please everything order job title thanks analyst ext hub,Miscellaneous,HR Support,0.3880971556025435
windows activation message windows tuesday activation hello guys think intended by mistake please help out thank specialist pm activation hello constantly seeing bottom right corner tried follow by going setting activate active please investigate let done fix kind regards infrastructure consultant,Hardware,Administrative rights,0.38801722581894865
access documents hi these please provide required link require approve granting please kind regards,Storage,HR Support,0.38800010917400796
advice needed for friday pm advice needed hi advised by reach out ask help regarding issue happened yesterday please take explanation looking forward hear regards engineer ext re advice needed hello please issue thank lead advice needed hi wanted consult regarding were requesting partitions two completed yesterday third person prolongation due duties hold yesterday also wrote comment hold details section ago user brought finished task then opened ticked changed awaiting user directly resolved which caused planned date change color has never happened were times had hold various reasons please advise order issue fixed thanks engineer ext,Miscellaneous,Hardware,0.387663663890041
oracle question thursday december re question hi please ignore found under about instead please reassign expense report thank analysis lead thursday december question hi please help find expense functionalities anymore analysis lead,Hardware,HR Support,0.38722655195755584
new printer friday re printer hello please inform about printer rd has renamed according naming convention thank engineer re printer please find queue please belay req date saturday printer hi guys please add printer same latest thank date friday printer hi please log partially install printer rd floor also log please add afterwards please attend morning over weekend complete among others,Hardware,Miscellaneous,0.38710750533404054
add as expense approver for the account wednesday july pm re permission client also please add expense approver moment thank wednesday july pm re permission client hello please informed successfully granted requested further assistance hesitate kind regards engineer july permission client hi please provide client permissions level picture picking role thank kind regards,Access,Miscellaneous,0.3867364431960079
create project and job for create job eel hello please rise tickets per assign create job eel create job kind regards engineer,Access,Miscellaneous,0.3867055962787151
core team member ask you please check if for showing correctly for,Hardware,Miscellaneous,0.38568388743847143
for importance high hi please help create share order dedicated where level share bellow find members future add role users rights contribute regards,Storage,Access,0.3852627731019047
trunk usage statistics during one week trunk usage statistics during dear please assign prepare short excel diagram number usage trunks provide short training how these effort book problem code thanks senior consultant,Internal Project,Hardware,0.38524786466046346
cannot disable mouse pad have permission install drivers,Hardware,Administrative rights,0.3851242040818862
notification regarding windows updates regarding updates script running tonight,Administrative rights,Hardware,0.38484912573469215
pas permission as client manager july permission client hi please provide client permissions level picture picking role thank kind regards,HR Support,Internal Project,0.38459285470174903
pas query sent wednesday query hi could you please look data re selected query addresses equal entered contracted sales let take have entered contracted be have any other add amount then again bottom still higher what have entered could you please help addressing situation thank you manager information,Hardware,Miscellaneous,0.3843974760240536
pc for rent wednesday pm pc rent hi awesome want borrow pc want temporally please help thank design lead,Access,Hardware,0.38399737498622694
resolved critical alert sent monday july resolved critical alert following alert became inactive replica inconsistent with protected data source protection activities for data source fail until replica synchronized with consistency check for more information open administrator console review alert details monitoring task area,Miscellaneous,Hardware,0.3835878644653588
form amendment form amendment hello could you please be kind log ticket assign appropriate for below quality form incorrectly marked trigger id record needs modifying fatal error currently marked needs be modified since form was submitted december please ensure record correctly updated scores recalculate for month order reflect reality kindly let know when completed scores recalculated accordingly moment overall score we can amend personal records reports well let know if you require further assistance gladly help thank you sent tuesday form amendment hello please be kind assist with correction form was generated for ticket was marked with fatal error however incorrect with blessing please be kind take following action with regards fatal error field currently fatal error should be fatal error also kindly ensure records updated correctly scores updated well impact negatively overall score per per individual thank you kind regards specialist en ext,Miscellaneous,HR Support,0.3834962963279575
invalid credentials on for sent tuesday july re invalid credentials update recognize anymore either,Administrative rights,Hardware,0.3830623921899649
request wednesday november pm re want add also same issue regarding her requests thank wednesday november pm hi guys member whom receive vacation raised please receive rights thank registered under number whose registered old broad street kingdom provide clients each subsidiaries separate,Hardware,Miscellaneous,0.3830308996305424
request thursday february ideally key,HR Support,Hardware,0.3822881375888852
oracle status for day off july status off hello help please question about july had off approved successfully submitted has returned status awaiting ordinary behavior please attachments appreciate help provided regards tester,Miscellaneous,HR Support,0.3811748735161897
end of probation period for provost re reminder probation period hi by incline believe since find related received reminder probation reminder properly follow let possible today negative manually thank lead october pm re reminder probation period hi received document cannot probation passed successfully believe had opportunity complete document please let follow directly needed best october re reminder probation period hi problem by probation type maybe he missed error flagged confirmation everything works properly probation passed success back confirmation letter thank lead friday october pm re reminder probation period hi has completed his months review document completed him did he receive additional benefit letter want ensure working correctly best october reminder probation period hi saw notice review out started prior please advise has ensure review notices thank kind regards pm alerts wrote dear started date joining completes review period please review attached form also review period has successfully completed completed form letter confirming details benefits which successful completion review period thank,HR Support,Hardware,0.3811628414354562
cannot to service now sent friday cannot hello could you please investigate why cannot access his snow gets log out successful error kind regards specialist,Hardware,HR Support,0.3811068545467361
issue utilization report issue utilization report hi tried download report utilization report but received below error please treat request with high priority thank you officer,HR Support,Hardware,0.3803890923309063
inclusion request pm inclusion hi please include two thank much officer re weekly final pm re weekly si pm weekly hello ca officer weekly hello everyone submission needs done weekly each friday did submit kindly ask today fairly process please count wish via means great,Hardware,HR Support,0.38033850371558076
request feedback form from friday november pm feedback form hello colleagues went app noticed unable feedback peoples currently please let order gain approvals required best regards test consultant,HR Support,Hardware,0.38009425466944363
oracle expense type unavailable sent wednesday october expense type unavailable hi need fill out expense report for trip but appropriate expense item type available for but available for other please forward request enable allow per diem expense type for person responsible thanks,HR Support,Hardware,0.37996844637781696
us leavers notifications friday november leavers importance high hello please amend leavers include please assign thank,HR Support,Miscellaneous,0.37909124380748627
removal from com july pm removal hi please part thanks,HR Support,Miscellaneous,0.3790593304189127
net friday february pm subscription hi guys these subscription were these stopped by thank developer thursday february pm dublin edinburgh lisbon subscription bugs blocker critical brand issue subscription filter bugs blocker critical brand issues subscriber created summary brands resolution status assignee reporter card working unresolved fuller shopping feed issues unresolved build progress implementing maps sites unresolved build progress prod numerical accepted engraving products unresolved push stage update pro members pro unresolved affiliate update pro members pro unresolved affiliate please update pro members pro unresolved affiliate complaint unresolved affiliate west tracking unresolved affiliate restricted pro unresolved affiliate pro information incorrect nail technician pro unresolved affiliate luxury bel build gift error displayed navigating print order unresolved affiliate gift wrap enhancements defect unresolved affiliate mobile stage prod percent discount issue order details unresolved affiliate prod cancelled status displayed order details unresolved affiliate book appointment links overlapped content throughout booking pages la mer unresolved affiliate stein bb ratings reviews feed unresolved lipstick prod price products pro unresolved reopened buttery collections double dependent unresolved buttery la mer prod opt information la mer unresolved prod pure privilege enrolment unresolved prod clone el next offer free expedited unresolved billing issue orders unresolved build progress product feed pro unresolved build progress buttery feed error unresolved build progress displayed search series unresolved push prod fuller el checkout unresolved next countdown timer timer observations unresolved push prod offer discount product valid discount unresolved stage buttery sign checkout pro unresolved stage buttery prod discount item displayed order confirmation unresolved reopened prod map loading completely browsers unresolved bb cannot checkout unresolved build progress west write review button mobile site directs unresolved push prod levy conf wrong card number unresolved build progress west update feed trigger review unresolved build progress mobile prod gift option displayed order details unresolved push prod order details available user journey done gift card debit card unresolved build progress origins store styling issue origins unresolved build progress wrong id added brands unresolved build progress cannot cart contents unresolved build progress subscription by information contained intended addressee contain confidential privileged information addressee please delete notify copy distribute disclose contents anyone views opinions expressed author necessarily represent cosmetics affiliates reliance placed without written confirmation authorized representative contents cosmetics registered wales street,Hardware,Access,0.3788714363102767
assign as pm for pas reallocated pm hi please assign pm thanks reallocated pm hi please allocate pm regards,Miscellaneous,Internal Project,0.3787212919231836
errors oracle sent tuesday re errors importance high hi adding error received adding head sorry but nonsense keep sending you errors you keep ignoring be able approve until cut off working month there holidays coming manager sent tuesday errors importance high hi cannot continue working with way please below some examples issues experiencing with third have sent you matter until manager,HR Support,Hardware,0.3787057849731568
review project report sent friday july review report hi there several issues with review variance report namely vs calculation variance correct have projected more vs budget but shows variance with minus sign screen copy below number days for period correct for shows instead kind regards senior manager,HR Support,Hardware,0.37870561482917475
list to be created tuesday pm dear works mobile mobile currently persons added thank ext,Hardware,Miscellaneous,0.37867233882749957
request to be removed from com re needed hello please out thank communication employer specialist,HR Support,Hardware,0.3785896282626248
urgent site for tuesday pm urgent site importance high hi setup fast site old order move highjacked growth programme please setup site old name file structure write take care setting copy information old site please give since under pressure release finish migration by mid next thanks unit mobile mobile,Hardware,Internal Project,0.37846744443459307
schedule final reminder notification for the annual it satisfaction survey schedule final reminder annual satisfaction survey hi kindly schedule reminder tomorrow st december annual satisfaction survey attached find relevant provide morning updated number complete responses received kindly ensure out around let require assistance gladly help thank wednesday december schedule reminder annual satisfaction survey hi kindly schedule reminder annual satisfaction survey ensure thursday december tomorrow morning provide exact number responses received far update figure please update accordingly note schedule final reminder next thursday st december thank care,HR Support,Hardware,0.37836516948509413
oracle fusion add project task november hello please by task currently none thanks kind regards infrastructure planned holiday,Internal Project,Miscellaneous,0.3779151613815931
new headphones thursday october hello headphones because old headphones working anymore best regards developer,HR Support,Hardware,0.3775924352113579
need oracle on his win machine his win machine,HR Support,Hardware,0.37721394680819065
view all access july view dear having view issue entities module although says known issue please let solution ideas how resolve thank regards country image cd please refer section entities,Hardware,HR Support,0.37716118565273943
point create monthly template for it support friday october importance high hello please assist points per item raised perform actions based action column described by owner please work together care removed display la ca si ca name type action removed removed removed display by display by display by removed display by display by display by display by display by please let leave ad active order single way managing user please performing actual modifications schedule automatically raised order owner advise accesses amended provide owner date ad ask anyone removed added right modified let questions also keep loop thank,Hardware,Miscellaneous,0.37694544798999613
report for grade and location report grade location hello please assign caller thank kind regards report grade location hi report shows grades locations client by right clicking person grade location takes find out report grade location checked date thanks thank officer,Hardware,HR Support,0.3768338869040147
blocked tuesday november pm additional has approved by has operated years forwarded via currently receiving receiving failure notice therefore believing has reached please blocking these thanks independent director,Miscellaneous,Hardware,0.3764398290824612
new outlook belgrade leadership december pm dear please create named containing members thanks unit,HR Support,Administrative rights,0.3755925780099837
address book book dear please add book thank good cordial,Hardware,Miscellaneous,0.3753950771804202
received logging notification twice tuesday pm received logging twice hello please received twice,Miscellaneous,Hardware,0.3750193560718358
problems after changing the domain password problems after changing domain password dear today have changed domain password but getting authentication form for meeting room have tried multiple times enter credentials form but again again removed credentials credential manager but help wanted find article one but again cannot could you please help with thanks consultant,Access,Hardware,0.3746551686881057
priority update device belgrade room does not allow video sharing friday priority update device room allow video sharing hello please priority update add thank leader ext thursday pm priority update device room allow video sharing hello make priority has modified reference number summary device room allow video sharing priority moderate resolution target date wish discuss further detail please track progress endpoint via link kind regards ext ref msg,Hardware,Miscellaneous,0.3743273634748233
access to servers for am support team wednesday pm hi please root application prod application prod primary replica prod secondary replica testing members has by thank engineer,HR Support,Hardware,0.37409029876605365
com thursday october pm re please hi add also ask identify attached document contains kind similar future mind various engines by finds file clean because file saved seems provided body effect encrypting content malicious script code strong which engines cannot break cannot find file better remind think never document file unexpected where document included by way file means also cannot file malicious embedded malicious code malicious starts run opens doc enters kind regards october please hi please analyse attached kind second receiving shift delete after speaking think report filtering review possibly signatures attached file thanks senior infrastructure consultant,Internal Project,Hardware,0.37375067915820215
after processing a ticket and after processing clicking received attached error,Miscellaneous,HR Support,0.3737109986899567
temporary july dear please provide mini purposes thank,HR Support,Hardware,0.3734955365352576
phone password update tuesday pm phone update dear please log assign updating his phone by removing re thanks kind regards engineer,Access,Hardware,0.37324393159138397
restart pending tuesday pm restart pending hello connected today after updates installation observed restart pending permissions restart please log call mentioned reboot assign thank best regards senior engineer tuesday updates fail has assigned please advised record number has assigned please review details take appropriate action description perform updates tried install by also fails performed restart tried again without success errors please investigate issue summary updates fail number priority low assignment location tower please link kind regards ref msg,Miscellaneous,Hardware,0.372806240064257
addresses leavers wednesday february pm addresses leavers hello addresses active want keep accesses per requests please help thank head,HR Support,Miscellaneous,0.3725193759254718
submission errors sent wednesday december re urgent submission errors additional can even select code for monday th with,HR Support,Internal Project,0.3724779634385687
printer th floor sent friday february printer th floor hello we have two problems with printer th floor when we try print documents we receive message out although tray status printer but we receive documents we commanded print every one our colleagues encounters problem with printer thank you for your help kindest regards manager,Hardware,HR Support,0.3724568190233838
post warranty support services sent monday november post warranty post warranty action required renew your product description serial number product end date,Miscellaneous,Hardware,0.3721531396270256
en replacement tuesday pm hello please person possesses has requested replacement which has approved has which suggests has upgraded recently replace please retrieve reused upgrade other devices currently production consultant,Administrative rights,Hardware,0.37203081613842576
for federation follow up re updated federation resolved yet please touch details,Miscellaneous,Hardware,0.3717728106324227
inventory of network equipment switches routes fusion inventory inventory equipment switches routes inventory,HR Support,Hardware,0.37174187801117803
way match po not working sent monday october way match po working hi could you please raise ticket for below best regards applications analyst en sent monday october way match po working leader,Miscellaneous,Hardware,0.371197982796275
requester preparer buyer roles for march requester preparer buyer roles hi please rise bellow thank kind regards analyst march requester preparer buyer roles hi please kindly requester preparer buyer roles thanks kind regards,Miscellaneous,HR Support,0.370784098148008
upgrade users notification works completed re upgrade users hi everyone upgrade application went successfully application running fully functional users users ad groups version upgrade dear colleagues has successfully upgraded version version extended administration administrators modify own screens backlog way epics versions panels expand hide backlog sprint goal add goal each sprints keep focused renaming deleting sprint rename delete sprints workload by assignee easier performance sprint priorities schemes different priorities different subtasks drag drop drag subtasks drop anywhere saved more awesome export export issues find out more information about please hesitate good how warm regards concerns please let best regards friday november upgrade users importance high hi going upgrade application users users ad groups version upgrade dear colleagues planning upgrade application version saturday november mean application accessible version extended administration administrators modify own screens backlog way epics versions panels expand hide backlog sprint goal add goal each sprints keep focused renaming deleting sprint rename delete sprints workload by assignee easier performance sprint priorities schemes different priorities different subtasks drag drop drag subtasks drop anywhere saved more awesome export export issues find out more information about please hesitate note wish notified planned works please accept invitation attached good how warm regards concerns please let best regards senior engineer,Hardware,Administrative rights,0.3706047647840011
permissions friday february pm permissions dear has completed myself further update risks were initially raised by her please make pm tool well update close risks level currently active risks level thank head,Hardware,Miscellaneous,0.36976791251441293
disk drive check thursday july verifying disk drives hello please log queue verifying spare disk drives thank kind regards engineer,Miscellaneous,Hardware,0.3697524314764281
location one leaver still active sn location leaver active sn hi guys looking marking location decommissioned found two users location inactive he left several months ago please ad well disable his sn also syncs information other his ad location updated has decommissioned once decommission locations sn thank leader,HR Support,Access,0.3695796401471728
warning disk detected error sent monday november warning disk detected error event error was reported by disk drive disk channel id sn enclosure slot key code qual unit attention disk drive reset itself event id event code event severity warning event name location client name contact address additional information disk drive reset itself due logic error recommended action event logged with warning severity if indicated disk running latest update disk if event logged with warning severity for same disk more than five times one week indicated disk running latest replace disk,Miscellaneous,HR Support,0.3691395447678293
devices to be assigned tuesday july pm assign devices hi please assign devices galaxy note serial thanks software tester,HR Support,Purchase,0.36894669613471165
add to testing thursday pm permission hi please give permission testing thank communication specialist,HR Support,Miscellaneous,0.36850761495668843
cont va se si locked officer ext blvd,Hardware,Access,0.36783266608677295
can select when creating lists users hello guys when try create lists with can select organizational units can you take look please looks like our whole experiencing problem we have for users but for groups,Hardware,Miscellaneous,0.3675472965902324
removing restriction of not having administrator rights wednesday pm removing restriction having administrator rights again administrator rights currently blocks main activity while developing features caps install tools while developing slows productivity create tickets things installed pc also example work requires administrator rights again inconvenient yesterday had remotely almost affected demo presentation client issues were debugging different problems context running virtual which also required administrator rights adds lot lost during slows down process user stories kind regards,Access,Administrative rights,0.36674639281830823
renaming mobile mail wednesday pm renaming mobile hi please rename mobile android since different practices android thank best regards senior developer,Miscellaneous,Hardware,0.36673699590827596
configure and personalize outlook on new laptop tickets hello please tickets assigned queue provide cable personalize thank help kind regards leader mobile,Purchase,Miscellaneous,0.3666036556289779
install friday re kind hello thank help install how thank regards leader kind hello respect please path cd key order install said resource machine license key require further assistance due gladly give helping hand kind regards analyst ext hub friday pm re kind thank kind hello please approve kind regards analyst ext hub friday kind hello please help install pc creating procedures thank regards accountant kind hi please install work near back once done thanks head,Hardware,Access,0.36652455940347595
capacity report capacity links july dear please kindly create per client assign queue summary report filtering summary report report digital report pc report availability report germany report availability report report links thanks help analyst,Hardware,Miscellaneous,0.36643972653602525
missing number identifier oracle personal information sent number identifier personal information hi macedonia identifier contains mine starts with zero portrait personal information number zero identifier number attached error since able update letting you know if you can make correction regards senior tester,HR Support,Hardware,0.36618293642734023
delay for service now work notes sent delay for work notes hello you doing well know we have incident because certificate errors causing delays know there were also delays past for came was also fixed but could you please advise if any issues above reappeared asking because received today tuesday for note was added days ago work notes troubleshoot needs be done for notes adding own tickets used received seconds after have performed action should log ticket for or you already have something for type issues thank you you like used best regards,Miscellaneous,Hardware,0.36562433351069407
provide two monitors friday july provide two monitors dear please provide two monitors testing behavior thank kind regards engineer,Hardware,HR Support,0.3655707163290346
issues exporting flows or viewing flows into system issues exporting flows or viewing flows into hello have difficulties exporting flows viewing individual flows tool when exporting get obfuscated document attached only ie chromes works when pressing view flow button being prompted for password then get error bellow have tried multiple times unauthorized access denied due invalid credentials you have permission view directory or using credentials you supplied could you please have look thank you head applications,Access,Hardware,0.3652173317026251
task to be added oracle thursday pm task added importance high hi absence program suffice add task by tomorrow afternoon book under kong decommission thanks kind regards infrastructure mob ext street center,Hardware,Miscellaneous,0.3650649827410221
access tuesday march pm dear kindly ask provide file library forms library demand view please let additional information needed side clarify everything gladly kind regards,Storage,HR Support,0.36466497657086483
database backup request thursday october pm database backup hi dear please give backup database database name period wednesday october thank best regards tester,Miscellaneous,Hardware,0.3644862568760631
access to tuesday pm hello please create provide he application via setup regards infrastructure,HR Support,Access,0.364437162287817
outage sent tuesday status resolved outage outage incident report for incident status resolved back up running thank you for your previous updates investigating we currently investigating cause displaying for visitors application survey taking currently show effected view status or these powered by,Miscellaneous,Hardware,0.36432831330358084
floor expansion tuesday floor expansion hi cam please log bellow equipment quote extension thank administrator floor expansion hi please price equipment attached proposal please kind regards senior infrastructure consultant,HR Support,Hardware,0.3642775230724437
change password information friday july re change information hello unfortunately permissions platform assist dear please log call thank much great trainer thursday pm change information hello forgot unable received please help thank senior engineer thursday pm change information hi probably has requested unfortunately passwords site please site administrator application,Access,Miscellaneous,0.36412581986139675
need urgent help oracle pm urgent help importance high hi urgent help resources haven submitted leaving leaving holiday tried together add haven find module her please call together help identifying module her client asking invoice every gather members appreciate help thank officer registered under number whose registered old broad street kingdom provide clients each subsidiaries separate entity has liability,Hardware,HR Support,0.364104575270835
requester preparer buyer roles for managed services technology requester preparer buyer roles hello please requester preparer buyer roles roles thank best regards vetting officer street center,Hardware,HR Support,0.36376893515330416
access to the board for the project board hi please board thank tester,HR Support,Internal Project,0.3636198702423333
unable to use spark desktop for client meetings sent thursday february investigation unable use spark desktop for client meetings teams floor dear did something change last days because we cannot use anymore spark desktop version everything was perfect until yesterday thank you best regards agile manager next annual leave february,HR Support,Hardware,0.3631629682358119
access to network for testing july pm granted testing dear please order connect user testing purposes currently perform tests test mobile devices user thanks best regards tester,Access,Hardware,0.36299427320525096
closing thursday pm stingray effort hi please move july effort after please close costs under anymore thanks officer,HR Support,Miscellaneous,0.3627886492745462
computer out of order sent tuesday march computer out order hello computer out order yesterday march today guys change respectfully,Purchase,Miscellaneous,0.36258794352784096
unable to team member time on project sent thursday october unable member importance high hi unable she added but longer visible parties also when running reports longer getting her reports for even though she submitted approved please can you resolve we need provide report client asap regards client manager mob,Hardware,Miscellaneous,0.3625831964622203
problems july problems dear having problems seeing please find opportunities contracts panel please thanks officer,Miscellaneous,Administrative rights,0.36248323631750484
system alarm status original message sent monday february name broad st alarm status alarm details broad st date mon alarm status number categories category name database status total unavailable alarm level minor threshold threshold critical threshold,Miscellaneous,Hardware,0.36175135417704957
when trying to into the new pas am being logged into the old pas when trying into being logged into old hi please assist be able into trying access link faces ctrl when being logged data old browsers ie chrome thank you manager,Hardware,HR Support,0.3612657011397255
access to rd floor wednesday pm re rd floor hello far control connected did infrastructure ready make setup until main site next finish setup means connecting control ask change meet needs good engineer ext rd floor importance high hi please activate rd floor please colleagues relocated tomorrow thank blvd floor,HR Support,Hardware,0.3610615587055484
can log to account sent wednesday march hello have but can server transfer some files can you please assist best regards engineer,Hardware,Access,0.36073877583858976
windows dual boot thursday dual boot dear machine special requirements by policies follow together dual boot installation thanks,Purchase,Hardware,0.36015284270374515
oracle optimization project test issue type optimization test issue type hello please add test issue type optimization billing board create tests hello please create assigned thank best regards tester,Access,Miscellaneous,0.36000367074484485
clicker needed clicker needed hi clicker please pass session thursday thank much regards analyst ext,HR Support,Hardware,0.35998057361799113
new starter re attached thanks head communication engagement please consider environment printing content communication classified confidential proprietary information content communication intended solely individual entity whom addressed others authorized receive intended recipient hereby notified disclosure copying taking action reliance contents information strictly prohibited unlawful received communication error please notify immediately by responding communication then delete integrity communication has maintained nor communication free viruses interceptions interference appreciate assistance preserving confidentiality correspondence thank friday pm hi please help by filling thank regards,Hardware,Access,0.3597214038751861
com thursday march acquisition hi looks think take action regards march pm acquisition acquire platform dear user pleasure inform exciting step has executed specialized video strategies definitive agreement acquire platform contemplated after closing acquisition remain platform continue operated under brand combination platform experience customized video create synergies allow users continue benefit platform also receive exciting upcoming features order enable operate platform continue build personalized video memories achievements users related transferred transfer include collected according privacy policy videos transfer made march personal transferred governed by same privacy policy remains unchanged link further action required agree personal transferred want about looking forward continuing provide personal videos favorite sporting events best regards switzerland hello,Purchase,Access,0.3595895328963811
downloading files from wednesday march pm re downloading files hi writing right please help question thanks thursday march pm re downloading files hi reminder friday march downloading files hi help after technical interview each technical evaluator fills technical report possible download document find thanks,Storage,Hardware,0.3589624743316756
employee names sent tuesday july employee name hi since employees were added we struggling with incorrect names addresses please below image advise with solution for kind situations kind regards administrator,Miscellaneous,Hardware,0.3585350364710575
frankfurt problems sent wednesday february frankfurt problems hi please raise ticket for investigate frankfurt line connected duplex best regards senior consultant infrastructure,Administrative rights,Hardware,0.35844156175794867
request hello working visual representation please let where install thank,Access,Administrative rights,0.35828786037614335
servers patching reports thursday july patching reports hello please log call assign provide reports patching status clients appreciate provided by morning thank regards owner,Hardware,Miscellaneous,0.3575982064953284
pas integrations please check errors wednesday october pm integrations please errors hello please log taking care explain client different pertain both client tuesday october pm re integrations please errors hi assigned reassigned comes inactive imported issues csp caused by problem synchronization fixed manually task opened eliminate root cause issue thanks job engineer october pm re integrations please errors hi thanks explanations two accounts mentioned please revert amendment back caused issue results imported october pm re integrations please errors hi explanations errors belongs different than mapped client different reason error different name fixed by applying name order results imported currently investigating different please revert found satisfaction dashboard error occurred because imported root cause found satisfaction dashboard csp thompson same reason imported has fixed root cause response id imported because id found error occurs respective imported error disappear after accounts imported thanks job engineer october re integrations please errors hi thank explanation multiple errors reason well friday october pm re integrations please errors hi investigated issue found caused sends normally imported saved entities table database reason happens inactive synchronize active solve issue change procedure import also inactive accounts more than second add manually table database regards job engineer friday october pm integrations please errors hello please advise these errors were received fix left comments per understanding happened also needs done responses imported survey title imp sat id status imported warning messages organization found satisfaction dashboard el organization found satisfaction dashboard organization found satisfaction dashboard organization found satisfaction dashboard organization found satisfaction dashboard belongs different than mapped client different belongs different than belongs different than belongs different than found satisfaction dashboard belongs different than found satisfaction dashboard collins belongs different than dibble response id imported because id found response id imported because id found response id imported because id found survey survey title senior imp sat id status imported warning messages belongs different than hart central platform belongs different than harper how mapped confirmed by organization found satisfaction dashboard belongs different than found satisfaction dashboard found satisfaction dashboard found satisfaction dashboard csp thompson found satisfaction dashboard csp found satisfaction dashboard response id imported because id found response id imported because id found care,Hardware,Miscellaneous,0.35737292650838187
connectors go live pm connectors hi guys please consider move production corresponding components please package parent item content industries telecommunications connectors children items content industries telecommunications connectors jabber ibm notes content industries telecommunications connectors connector content industries telecommunications connectors call update industry production well content industries telecommunications notice components were included content connectors component content image folder connectors library library images thanks digital communications,Hardware,Storage,0.35709989964373445
check project git if it is still active wednesday march pm re pm application hi please investigate git active working touched about retrieve code make available developers dashboard regards march re pm application hi hoping provide little assistance developers lined take tool git via getting error code git explain how found going about wrong way provide details help discuss directly help offer gratefully received thanks technical programme planned holiday march re pm application hi please find attached technical specifications doc code itself git location too much around dashboard regards march re pm application thanks let link where help great deal thanks technical programme planned holiday march re pm application hi developer worked pm left about ago documentation left software think best regarding wish forward documentation files kind regards march pm application hi well looking changes done pm tool has advised credentials details developer let once identified developer provided thanks technical programme planned holiday,Access,Internal Project,0.35695645991409375
leaver ad october belgrade glide notification inbound abc,HR Support,Access,0.3565106337923265
failure failure dear please open ticket for for fixing issue with sockets areas best regards lead,Miscellaneous,Hardware,0.35607593399639403
request to delete the yammer analysis discipline new wednesday re delete analysis discipline hi thanks which thanks re delete analysis discipline out complex things has experience basic tasks give update quickly best regards tuesday pm re delete analysis discipline hi supported nonstandard probably directed has permissions far please advise additional thank delete analysis discipline hello kindly ask advice which handle requests hands tied control over assume thank leave notice december delete analysis discipline hello please advise thank analyst ext hub wednesday december re re delete analysis discipline hi please create has closed cleaned responsibility please let whom within talk thanks re re delete analysis discipline hi further by part functionality made known think easiest made administrator threads ingroup type thanks re re delete analysis discipline hello please advised unfortunately dedicated supporting related issues believe best approach directly please find more link tenant locale kind regards analyst ext hub tuesday december pm re re delete analysis discipline makes difficult owner has left supporting application talk must administrator tool wide within thank best re re delete analysis discipline hello please advised supported application catalogue therefore cannot offer technical assistance believe groups deleted by owner assist please let kind regards analyst ext hub tuesday december re delete analysis discipline dear kind help deleting threads ingroup type details confirmations please kind regards engineer tuesday december re re delete analysis discipline hello please informed restored section analysis site regarding owner think owner owner rights kind regards engineer december pm re re delete analysis discipline went badly wrong did want change analysis discipline site called analysis discipline quote meant which meant during migration confused lot analysis changed revert thanks re delete analysis discipline hello please informed deleted placed under analysis site also granted permissions owner analysis site site link more assistance regarding hesitate ask kind regards engineer,HR Support,Miscellaneous,0.3558183286098675
access to guest passwords for called morning ask link passwords he informed same guest aligned other locations,HR Support,Access,0.355306555675068
extend code tuesday pm call hello notice call details due expire october please extend period cheers head notice annual leave date tuesday call hello please advised activated which valid until st october leader code participant code please keep mind conferences leader dependent participants communicate leader has joined session his her leader code order enter please mobiles romanian mobiles mobiles mobiles clients join phone by dialing number preceded by country code important please keep mind leader code confidential distributed other persons once communicated leader code other reuse future dial while other calls confidentiality concerns ask reissue different codes alternatively leader please attention everyone joins call audio signal played each participant joins questions matter hesitate thank kind regards best regards analyst ext,Hardware,Internal Project,0.3549062683401526
cannot log oracle sent tuesday october cannot log hi cannot log logging with password can you check if locked regards test engineer ext mob your zone,Hardware,Access,0.3539374417846928
active directory user and computers not visible on site desktop hi we would greatly appreciate your investigation upon matter reported check up files still action taken even after installing kb package several restarts does show ad listed installed programs list programs features would you please give your advice thank you,Hardware,Access,0.3538012004144681
projects groups audit wednesday march re groups hi after further update afternoon also additional mentioned related groups write write kind regards march re groups hi attached spreadsheet has listed user column removed related groups column multiple tickets mind column groups column sorted sheet by column find easier sort by then plan groups listed against each column memberships course right way about correctly update then must ask maybe done changes made ad kind regards march re groups hi please find attached updated needed further questions hesitate kind regards floor blvd district thursday march pm re groups great thanks arriving tuesday morning around expect flying evening coming tuesday morning regards march re groups hi currently working expect completed until march please let arriving offices thanks thursday march re groups hi attached visitors accompanying next ask about kind regards february groups hi based resource spreadsheet circulated by thread dump memberships ad groups whose name starts attempted attached cross users groups vs resources form expect perform least quarterly deleted users resource spreadsheet left left left had dates columns leaves users presumably more resource attached result removal left users sorted by user sheet filter column resource show users which also filtered out users column result users ad groups more next step close which assume users shown red sorted by user sheet ad groups listed alongside appreciate these senior require because contribute head insert against each user combination column sheet also enter role column explain next officer head vendor wondering expect haven done yet also lot related ad groups anymore thanks february re vetting process hi attached find assigned thanks floor blvd district tuesday february pm re vetting process information assigned added kind regards february re vetting process hi ask provide status assigned thanks tuesday february pm re vetting process report yet completed please phone tuesday february re vetting process confirmed responses review call earlier today successful completion criminal record prior starting work must within hire remit station least enforceable accepted explanation result take days come relevant hires notice period other main checks completed criminal record hire join completion clients right away call also agreed background checks completion delays etc must escalated client where person involved assigned client well kind regards february re vetting process think high also february re vetting process hi liaising review done issues applies hires change think improved criminal records arguably high criminal record certificates provided quickly same other locations well assuming offer letter amended stating criminal record certificate must provided signs employment contract later than employment other checks take little review compressed regards february re vetting process spoken she says much harder taken few months re also seeing harder bottom otherwise agreed responsible credentials until completed doing type items certain circumstance decide work low allow person happens clear applies both find way compress minimum possible ideally completed work how close february re vetting process hard checks think more potential issues fails vetting process working given highly sensitive type work sector thanks thursday february re vetting process far determine both boa contracts silent timing relation deployed option done choose allow individual work effectively means choose enforce clearance work approach relaxed far please because done quickly possible highlight gaps recommendation target completed person starts sounds entirely doable note where notice period implement hard deadline completion starting clear deadline communicate anyone report choose action take needs backed off obligation paperwork done similar broach subject feels thoughts because similar issue raised by february re vetting process think re talking about compromises rather benefit way employees screened safely allocate course possible thanks wednesday february pm re vetting process hi think must compromises area best galaxy date re vetting process well think looking after ask change trigger concerned giving pass checks although agreed then probably how dealt thanks wrote change process make then simplify things assume reason sequence explain failing then change trigger process february vetting process hi re about process step discussed vetting process assumption once informed vetting process has successfully completed fill required forms created issue identified after talking morning job offer mention successfully pass vetting process during his her probation period which months means give him her months how did overpass probably submit forms internally employees create different type similar employees ask create accounts sooner other side pass vetting background think more difficult think change process employees ask complete vetting process joining needed call looking forward attached version process re working head,Miscellaneous,Hardware,0.35380047521734015
expense reimbursement error sent tuesday expense reimbursement was deposited into your ending hi received below error place any task for reimbursement letting you know cheers marketing specialist sent tuesday expense reimbursement was deposited into your ending access task application expense reimbursement was deposited into your ending details assignee assigned date task number date amount number type expense reports expense report number reimbursable amount purpose trip,Hardware,Miscellaneous,0.35376270064100934
security access friday saturday march thursday march pm re friday saturday march hello please assign queue thank engineer ext friday saturday march importance high hi guys please add these employees period friday saturday march purpose taking starts friday afternoon ends saturday afternoon possibly overnight stay coordinator thank director,HR Support,Hardware,0.35366270561602836
no visibility to notes on ticket via its sent monday re almost there does show sent when searching by subject your input needed hi when clicking more info link taken here incident id ca view ess but can hold details,Miscellaneous,Hardware,0.35307408752307856
provide for re cannot upload review attached contract hi thank detailed explanations helps lot link available error order link package connected going ask colleagues provide properly link hi please provide package assist him installing he link also please his share previously mentioned thank kind regards analyst re cannot upload review attached contract hi comments regards wednesday re cannot upload review attached contract hi please informed order document section respected explorer browser tried different browsers issue reproducible too via link much better both cases proxy keep mind suggest include possible share please explorer accessing link ask share hi please has share he needs order thank kind regards analyst cannot upload review attached contract dear kindly assist thank much regards analyst ext thursday pm task has assigned please advised record number has assigned please review details take appropriate action description cannot add view added contract seems location where stored inaccessible please review attached summary cannot upload review attached contract number priority low assignment location,Hardware,Miscellaneous,0.35274800080925545
oracle fusion mobile expenses tuesday pm mobile hi mobile app issued user name by assist thanks,Hardware,Access,0.3527200229427998
re oracle missing no longer part of the system re part dear please help thank lead tuesday november pm part hi dear please help log code november till today thank compliance officer tuesday november pm part hi guys log part cannot log november till today november st log daily which code bench please let comply process taking starting position tomorrow best regards villa senior,Internal Project,HR Support,0.35261126215548616
change for tuesday pm starter center hi by suspended user order avoid confusion please allocate thank kind regards analyst,HR Support,Miscellaneous,0.35257058353905885
removal from thursday pm removal hello decommissioned everything pertaining removed retired further detail removed caller monitoring more than hosting hosting information questions please let thanks kind regards,Hardware,Miscellaneous,0.3525195993170477
new list friday pm hi please create thanks officer floor blvd district,HR Support,Miscellaneous,0.3521199682828357
cannot share calendar hi created calendar need share with several managed share with but cannot share with or for example attached error receiving,Hardware,Storage,0.352004280305612
new terminal pm terminal hello please help terminal thank,Hardware,HR Support,0.3519898899242643
create com march pm hello please create common give se thank regards leader,Miscellaneous,Access,0.3517183151005257
access to mail hello please add starting november join talked decided good receive additional information date thank help kindest regards,Miscellaneous,HR Support,0.35153755655263536
access to pas dear please assign based bellow thank friday november pm re hello help bellow thank friday november pm re guess closed by also submitted onto gets his want ask assigned thanks tuesday november pm re hi please approve granting write thank best regards engineer tuesday november pm has assigned hello please advised record number has assigned please review details take appropriate action reference number details requested location perform centre summary additional comments requirements requested hi please provide related code newly requested thanks help assign reference assignment summary location perform centre please link kind regards please ref msg,HR Support,Miscellaneous,0.3514297875738254
logged project setup oracle pas confluence logged setup confluence hello regards also add well please attached form also ask expedited planning kickoff possible complete requests today latest tomorrow thanks wednesday logged setup confluence logged fellow has logged good hands usually take solved expect hear sooner want progress made please details reference summary setup confluence description please requests merchant forms attached confluence resolution target date good needs hundreds tickets receive daily according urgency impact resolving high impact high urgency tickets wish add details increase priority drop leave comment how warm regards ext ref msg,Access,Miscellaneous,0.35127662836483536
outlet outlet hi guys additional outlet floor near please provide thanks agile ext,HR Support,Hardware,0.35110220139684967
critical alert sent critical alert following alert occurred status active description database protection failed for more information open administrator console review alert details monitoring task area,HR Support,Miscellaneous,0.3507923083395685
mail does not work does work hi guys can send mails but cannot receive could you please help comer joined today thanks manager,Hardware,Administrative rights,0.3505055435127572
time synchronization friday march synchronization hi please make milestone synchronized moment delay about minutes thanks,Access,HR Support,0.350466296878325
new expenses approach approach hi struggling load separate records incomplete primary other incorrect delete both again thanks october approach expense approach dear colleagues continues introduce operational efficiencies around important next step allow members maintain details make much easier directly once approved self approach maintaining personal information key everyone enter details order automate expense settlement please note where maintain details terms specifically settlement expense claims changes made purposes please ensure directly mean attached how guide details update tailored kingdom banks require ensure paid please complete task by st october encounter problems please best regards head,Hardware,Miscellaneous,0.3500913488852162
call to action add to for for project call action add dear please help code thank best regards agile safe agile methodology next annual leave december,HR Support,Internal Project,0.35009027967599404
grade changes your input needed grade changes hello apart problem described sent history facing another one cannot create flows for members architecture discipline looks like interface does provide options create flows can you please help with thank you sent tuesday re your input needed grade changes hi when try view flows prompted enter password keeps asking these credentials indefinitely tried with ie chrome behavior same you can help with or should send thank you sent tuesday your input needed grade changes importance high dear please be advised set for you start reviewing approval flows for grade changes process you already know effective july functionality for enables them review approval flows for their delegate approval flows review someone their hod please note enables delegating flows review person own discipline meaning one delegate can only review flows one discipline should you also need flows be configured ll be your disposal deadline for reviewing flows th latest afterwards we open for entering grade changes if any let know kind regards job integration taxation specialist,Miscellaneous,Hardware,0.3497440596276273
change the project allocation for thursday february change allocation hi please allocation receive annual leave requests thank information confidential legally privileged intended solely addressee opinions expressed mine necessarily represent opinions susceptible interference intended recipient disclosure copying action taken,HR Support,Miscellaneous,0.34965049150383865
completion error completion error hello please log ticket for message below assign sn requester please start with checking work schedule assignment for each country thank you sent monday completion can leave with you log with sent re completion having same problem suggest we get ticket raised copying thanks sent completion hi normally put hours but getting below error saying need put wonder if something upgrade related thanks controller,HR Support,Administrative rights,0.3492974898719244
changes oracle changes hello please find attached file changes kindly asking assistance respect logging tracking purposes thank kind regards,HR Support,Miscellaneous,0.34909187552901266
oracle optimization project test issue type optimization test issue type hi please assign please help thank wednesday pm optimization test issue type hello please add test issue type optimization billing board create tests hello please create assigned thank best regards tester,Access,Internal Project,0.34893404476776935
mini allocate to thursday july pm mini allocate dear please allocate mini tower needs apple hardware confirmed availability mini representatives regards senior software developer,HR Support,Hardware,0.34885823621523027
budget sheet permissions tuesday october budget sheet permissions hello please assist link re budget sheet tools forms tools budget sheet bb view ribbon thanks kindest regards analyst friday october pm budget sheet permissions hi please help seems neither myself budget sheet ideas happened restore thank administrator,HR Support,Storage,0.3485596134155584
for testing testing hello different accounts apple id play fabric signing listed testing thanks lead id image twitter,Access,HR Support,0.3475599133923009
reinstate admin rights off project reinstate rights off hi please process reinstate rights since currently off also tool connecting installed has never worked thank regards mob ext,Hardware,Storage,0.34750158217014976
forwarder outlook calendar organizer rights and contact card forwarder calendar organizer rights card hello starting taken leader therefore help matters please forwarder mine next until had series reminders tasks these reminders visible members calendar forward these reminders has right because organizer transfer her rights organizer forward reminders possible create reminders scratch least option card displaying specialist amended please help piece information please hesitate thank best regards leader,Access,Administrative rights,0.34727771982011013
separate sd teams tuesday re separate sd teams hi thanks few moments keep queue considering importance leave anyone thanks image re separate sd teams hello experiences percent possible separate two teams problems separating folders doable test tuesday course teams informed making changes best regards saturday pm separate sd teams hello please advise possibilities separating two teams moment given same members thanks,Hardware,Miscellaneous,0.3472389265997954
direct reports missing july pm reports hi guys doing cleaning reports found persons about please double these two persons reports reports other cheers,Hardware,Miscellaneous,0.34702839875127595
remove forwarding hi please stop forwarding nothing work related coming kind regards planning officer infrastructure upcoming holiday please consider environment print,HR Support,Hardware,0.34642072610232355
make user visible thursday pm getting hi second please meetings potential clients reliable enough thanks,HR Support,Access,0.34635139041186946
account ad account end of march february pm ad dear her march kindly asking extend her ad till march thank much kind regards administrator february ad hello date february advised purposes each calendar she needs her accounts active also her active confirmed currently reactivation process please further information assistance needed thank analyst ext hub february re hi allowed remain active without date least review date want requirement verified each calendar please please log trigger review requirement february she needs march confirmed then kind regards information compliance officer extension february hi checked since she trains take over her responsibilities she both thank regards administrator friday february pm re hi about accounts she well thanks friday february pm dear spoke kindly asking her extend her ad since she how log she needs possible without date thank kind regards administrator friday pm re hi has signed required disclosure agreement her ad re please again four weeks needed suggest february disable automatically date want prompt needed kind regards re hi thank signaling recommendation enable until signed assume notify enable thank hi please let re enable today after disclosure agreement has signed hold until received regards analyst ext hub re hi again got confirmation ad re enable her complete activities during also ask added ad re until st disable again required after st come back thread extended must also ask sign form additional disclosure agreement latest version modify wording slightly available next couple days then ask ask sign kind regards information compliance officer extension re hi leave disabled moment come back next action once heard back possible want continue allow because strictly speaking has retired she has resigned going off work competitor continued post retirement knowledge transfer continued least normal cases hence nature question watch update kind regards re hi please advised disabled ad did change sorted please let additional tickets logged order process accounts regards analyst ext hub re importance high hello far gather under contract then she bound by whatnot precedent other methods assuring adheres advise please input until matter resolved please ensure temporarily disabled perform other change her until clarified thank leave notice december thank kind regards administrator thursday december pm re hello please advised fill leaver form her tickets raised her disabled procedure please advise closing person after person has left permitted kind regards analyst ext hub thursday december pm dear forwarding post her resignation please copy further communication related subject order her confirmation regarding status order provide additional information thank regards received information about retirement delay she leave her terminated she available she needs communicate knowledge information upcoming period please let her won terminated thank kind regards administrator,Hardware,Access,0.3458987875871954
access for hi guys please write location possible he implementing cr over weekend documentation needs updating thank,HR Support,Storage,0.3456833656188775
admin access to downloads com hi guys had access issues when logged downloads already found still won work but everything works ie transfer ticket,Hardware,HR Support,0.3454423748609735
site decommission friday november pm site decommission hi site old ready decommissioned thank officer,HR Support,Hardware,0.34542186576731015
request for apple developer account apple developer hi understand help apple developer marketplace let how proceed order add colleagues thank friday re apple developer hello thank proposal during meeting happening today discussed recycle map proposal review let few apple accounts hopefully serve needs advise getting touch subject also colleague assist keen more about marketplace initiative keeping touch god pm apple developer dear please find attached form apple developer let other information needed beside ones document thank,Access,Hardware,0.345182902524215
urgent access required urgent required hi key urgently resolve next two please regards client,HR Support,Hardware,0.3451125407252749
time cards multiple users reported receiving multiple mails for already submitted old cards,HR Support,Access,0.34511238677736894
ref access for ref hello please include which created about two weeks ago also persons excluded thank best regards,HR Support,Miscellaneous,0.3448742577267246
project management search fields issue sent thursday re assignment for hi issue with search option cannot find any codes could you please have look his rights added him solved regards sent thursday re assignment for hello sorry insist matter but still below unable find any via search fusion could be rights related manager head date wednesday re assignment for hello please note you have insert number field please note mentioned change be performed by analyst ext hub sent wednesday re assignment for hello understand procedure for changing however does seam exist created can but fusion print screen below manager head date wednesday assignment for hello please be advised if needs be changed current can perform change with help attached guide longer interferes these matters if you encounter any issues or should you require further details please let know thank you for your understanding collaboration best regards analyst ext hub sent tuesday assignment for hello please assign code fusion thank you manager head,Hardware,Miscellaneous,0.3447696695169946
access to training tuesday pm training hi please add allowed thank vacation discipline lead,Hardware,HR Support,0.3445575051467228
issues sent tuesday help dear we need your help with have problems with tool submitted her career received review please attached but tool can anything also cannot approve please screen below same happened with review when submitted also information disappeared her profile after she submitted can you please help thanks officer,Miscellaneous,Administrative rights,0.34415985635930013
queue performance by period report not received sent monday queue performance by period report received hello for friday th monday th below report was generated can you please help getting these reports report queue performance by period site date range device broad st created thanks,Miscellaneous,Hardware,0.3441373225185853
check permissions thursday re item publicly hello please log assign queue thank senior engineer re item publicly,Purchase,Hardware,0.3439263883970408
please install package on thursday october re please update package hi rights crucible fisheye instance install package best regards architect wednesday october pm please update package hello received because owner part routine kindly invited update package installed mentioned please let help best regards ext hub registered under number whose registered old broad street kingdom provide clients each subsidiaries separate entity,Hardware,Administrative rights,0.3432953026691954
user days missing sent monday march days hi kindly ask you check february days for for projects haven imported thank you,HR Support,Access,0.3432118201440619
access to oracle and wednesday november pm dear please create please viewer role planner well add level thanks kind regards officer november re approved wednesday november pm hi want please reports kindly approve thanks head november wait re hi level looking how call solution client level approve well own requests each license implication consider skip training how give extracts work part well kind regards officer november wait hi told help budgeting application view onto appreciate lot help available find thank much senior blvd fax subscribe notified about events publications choice please consider environment printing,Hardware,Miscellaneous,0.3431358954899308
account urgent request question urgent question hi plan infrastructure change members automatically via secured token please let export phone approx persons form appreciate prompt regards senior,Access,Miscellaneous,0.34309383233992824
urgent new pas permission issue urgent permission issue hi can any client data for period everything greyed out for client level level etc can you please review possible vice president client transportation,Hardware,Internal Project,0.3429355062196926
oracle issues wednesday october ii inactive bun print screen update flash,HR Support,Administrative rights,0.342831418025932
query about editing files thursday pm cannot files hi feature seems cannot commit file directly despite version has feature license restriction difference hosted versions kind regards technical consultant,Hardware,Storage,0.3427184279552733
journals not getting posted secondary sent thursday november journals getting posted secondary hi could you please raise ticket for below with high priority best regards applications analyst en sent thursday november journals getting posted secondary hi we have issue with october journals shown below these get posted with error saying unbalanced amounts we have checked amounts debit these come primary ledger if error appear there wonder what happens secondary please investigate or escalate asap we should get these resolved asap we have close period thanks kind regards accountant ext en,Hardware,Miscellaneous,0.3423439774588502
bug satisfaction score sent thursday re high satisfaction score for access request hello could you please verify if there bug related negative scores please details below thank you sent thursday high satisfaction score for access request take moment enjoy you earned notify you access request assigned you received excellent satisfaction score overall satisfaction with provided by ability understand issue having repeat information about issue communication steps required for resolution taken by solve your issue effectively what influenced you give these markings thank you for contributing high customer satisfaction rates kind regards improvement ref msg,Hardware,Miscellaneous,0.3422637896985557
badge not working sent monday july badge working hello there seems be some kind problem with badge sense can leave rooms but can enter them badge number there way fix thank you,Access,Hardware,0.3421022544937356
is not responding responding hi available we got error within space after become unresponsive completely thanks manager,Hardware,Administrative rights,0.34181809597508195
access to the ms it service now queue thursday february queue re shadowing hello agreed points honest intent work bit nostalgia speaking commence tickets today granted him daresay next great opportunity bit tough test out since undergo trainings he second colleagues providing course his schedule allows please queue thanks kindest regards engineer re shadowing hello thank help input suggested shadowing strategy seems fine by help better view re doing how multi client works remains discussed queue shared mailbox relocation avoid purpose keep members same location more think also benefit near other second teams also third colleagues he daily process shadowing represents concept suggest find way come days agree shadowing sessions regards leader,Hardware,Storage,0.3416276095109775
oracle view sent wednesday october view hello view broken again have write report for exec today needs be fixed today please head managed mob your zone,HR Support,Hardware,0.3411571512049581
disabling wireless service thursday march pm re disabling wireless hi please add similar issue handle please advise receive leaver attached kind regards administrator thursday march pm disabling wireless hello since has taken over ownership wireless process cancel phone plan typically had leave call plan cancelled add termination trigger cancellation please advise thank,Hardware,Miscellaneous,0.3409275273275559
pas data not editable sent monday november data editable hi could you please check why forecast screen forecast screens still locked for screen forecast screen forecast thank you manager,Hardware,Internal Project,0.34032534309255924
account extension oracle wednesday november pm disable importance high dear information about extending contract listed delay please disable thank kind regards administrator,Access,HR Support,0.34009979040375327
from outside july hi how thanks head mob,Miscellaneous,HR Support,0.3400443973378782
issue resolved issue resolved hello last week have helped with issue by thank you,HR Support,Miscellaneous,0.3400270685228758
mail boxes boxes hi currently receiving these boxes closed traffic has diminished significantly monitor receipts leave saying recipient has left best chief officer,Storage,Hardware,0.3398314712586512
list creation creation please thanks let additional information require chief digital officer,Access,Miscellaneous,0.3393687617579271
for profile picture low resolution sent monday july for profile hello set up profile picture by editing profile one name about change your photo other for etc have started using profile picture but even though used high resolution image resulting profile for horribly low can you please advise or offer alternative for adding good picture thanks,Administrative rights,Miscellaneous,0.33863353362169546
tech support storage tech storage hi amend follows please leave leave leave add regards,HR Support,Storage,0.3385841114408124
expense report expense report hi have uploaded several tried putting them into one report when get step allowing getting error message have get these submitted later than tomorrow or won get approved by manager can you please look into asap please make high priority thank you advertising,Hardware,Miscellaneous,0.3382378367890195
warning disk detected error sent wednesday warning disk detected error event error was reported by disk drive disk channel id sn enclosure slot key code qual unit attention disk drive reset itself event id event code event severity warning event name location client name contact address additional information disk drive reset itself due logic error recommended action event logged with warning severity if indicated disk running latest update disk if event logged with warning severity for same disk more than five times one week indicated disk running latest replace disk,Miscellaneous,HR Support,0.3381862316864926
problem with electric pillar from the fifth floor tuesday october electric problem hello had problem electric pillar fifth floor fuse pillar off reason advise thank kindest regards,Administrative rights,HR Support,0.3378504811004686
issue with import from oracle fusion to pas sent wednesday march dear seem have issue with fusion where some either rejected or left approved gets imported there multiple approvers for could you please provide some guidance thanks manager mob en,Miscellaneous,HR Support,0.3377340185443894
problems receiving mails problems receiving mails hello have trouble receiving mails following address please help best regards,Administrative rights,Hardware,0.33747983159539735
contractor extension and access required contractor extension required hello teams apologize contractor has locked out his his contract needs extended he working please help understand needs done extend his contract well him back his accounts work order needed please blank document complete importantly needs asap thank best regards specialist nj upcoming out dates december,Miscellaneous,Access,0.33746880593386563
urgent request access urgent hello working today require wont presently allow please advise how thanks counsel old broad street,HR Support,Hardware,0.33743132552327265
development and support good afternoon please import opportunity forecasting reasons swift resolution sweet thank programme officer,Internal Project,Miscellaneous,0.33720356016578285
report poll suspended but up report poll suspended,HR Support,Miscellaneous,0.337137882820335
remove and from main dashboard tuesday main dashboard hello please main dashboard active polls monitored thank best regards,HR Support,Miscellaneous,0.33665950357770563
purchasing licenses for turners project dear we need professional licenses for before we start can you please check for price please thanks lot manager,Access,Internal Project,0.33595522856897947
access net thursday july pm member hello please provide hosting member please include his ad hosting ad also please him best regards technical consultant,Access,HR Support,0.33560393167044816
oracle sign issues sign issues dears assign please regards engineer sign issues importance high good noon dear colleagues since yesterday sign help possible create urgent thank specialist,Hardware,Administrative rights,0.3349364796655741
configure address re import hello please review further assist thank best regards analyst wednesday pm import hi adjusted replaced by also removed well part thanks import la database ball import hello please advised ball import job has executed files type file ball import file found conforming balls file found please files wait about minutes files available job import thank automated,Hardware,Internal Project,0.3346577080005158
space on db hi please log name clean staging redesign redesign redesign thank re hi far delete too thank engineer re hi thank same apply redesign redesign redesign dedicated environment want make delete regards re hi delete folders thank engineer thursday re hello think old maybe regards pm hi wondering help re clear manchester related shared digital environment re anymore more heads highlighted related archived staging needs these resources other archived please let thank core redesign golf tickets tickets tickets core logging logging core tickets redesign graduates redesign core core copy tickets benchmarking core core logging logging logging core core core core redesign internship redesign prod redesign prod,Miscellaneous,Hardware,0.33437493975828764
missing july time for for pm july hello previously approved entries currently report user name name unit reported card date card status name number reported date location approved short term relocated approved short term relocated approved short term relocated approved short term relocated approved short term relocated did other days approved earlier currently leave unable enter his again please manually add days follows user name name unit reported card date card status name number reported date location approved short term relocated approved short term relocated approved short term relocated approved short term relocated approved short term relocated approved short term relocated approved approved approved approved approved thanks,Miscellaneous,HR Support,0.33437357571527737
dashboard bug export hello when downloading export results for october noticed have good resolution satisfaction word could you please fix resolution issues thanks,Miscellaneous,Hardware,0.33392824311782715
status monitoring system delays on us server status monitoring delays server delays server monitoring you experience slowness survey taking or app we working get everything stable quickly possible appreciate your while we work towards resolution incident status status,Miscellaneous,Hardware,0.33369844166949836
incident statuses for issues the sprint report not updated sent monday incident statuses for issues sprint report aligned with actual statuses please for web with kind regards tester,Miscellaneous,Hardware,0.33336274251033854
win thursday pm win sis senior software developer,HR Support,Administrative rights,0.3333575060776533
tasks sent july tasks hi guys trying enter for week against code however task list available have set up task but cannot when try enter can you please look into thanks,HR Support,Internal Project,0.33266986245034935
pc rebuild request pc rebuild hello please he returned previously assigned him requested wipe because he assigned type walk thank engineer ext,Miscellaneous,Hardware,0.3322678499368529
internal transfer from to starting with st of october remove from all from please also him shared groups,HR Support,Miscellaneous,0.3321302096534339
oracle print preview not available for expenses hi have submit expense report according accounts payable accountant should also print expense report information how order print report please follow steps about approval click line without opening turn actions print preview unfortunately print preview option available for how can provide accountants print expense report regards,HR Support,Miscellaneous,0.33179766285164414
process request blocked sent wednesday process request blocked hi when trying post throughout process request since while waiting for file processing status therefore cannot post option delete terminate request can you please advise senior accountant,Miscellaneous,Hardware,0.33179052002175197
tickets with no sent monday tickets with hello have discovered large number tickets seem have running please below requests number summary by planned end date priority task site survey request desktop laptop hardware request for request desktop laptop generic request request battery replacement for request desktop laptop request fuze request hardware request for request desktop laptop directory title change request single hardware request for flood request desktop laptop hardware request for request desktop laptop hardware request for request desktop laptop hardware request for request desktop laptop starter start date request starter fuze request single password reset originated request single fuze install request single leaver leave location manila client site automated request leaver starter start location client site automated request starter workday password reset request single starter start date request starter hardware request for request desktop laptop hardware request for request desktop laptop access leaver mailbox for request leaver forward leaver request leaver activation request single hardware request for request desktop laptop hardware request for request desktop laptop install for request single install for request single password reset request single password reset request single hardware request for request desktop laptop device belongs quarantined be blocked until you take action request single transfer for effective date automated request single leaver leave location client site automated request leaver leaver leave location client site automated request leaver starter ford start location client automated request starter starter start location barcelona virtual automated request starter install root certificate for request single create list request single phone activation request single workday log request single incidents number summary incident resolution awaiting third party black screen single active operations knowledge site related projects awaiting info issues single awaiting info workday issues single awaiting info incorrect password workday single awaiting info cannot log into workday single awaiting info fuze issue single awaiting info cannot log into workday single awaiting info product activation failure single awaiting info issues setting up client single awaiting info cannot log into workday single could you please assist thanks kind regards incident manager,Miscellaneous,Hardware,0.33156875932246765
extend partition on local machine extend partition machine dear currently low partition much delete yet plenty please help extend drive transferring perfect thanks engineer,Hardware,Storage,0.3306771353009602
issues with access to location sent thursday re request for hello still have access file leadership library forms leadership library reports db view db can you please help thank you sent tuesday request for hello please be advised request below completed if further assistance required please let know thank you kind regards analyst ext hub sent thursday re request for dear kindly ask you make receive access only specific folder thanks sent thursday re request for approved sent thursday re request for hello thank you for providing with information we were aware should be one approve request was omission our side for including him initial approval request part owners being said please let know level access you require for below mentioned location could you please advise whether we have your approval for request best regards analyst ext hub sent thursday re request for dear can you provide additional details related how there set up approvers for specific locations specific location we have stored some reports for one should approve should be can you help understand situation thanks kind regards sent thursday request for hello owner below location could one you please approve below request please indicate access level needed or contribute thank you analyst ext hub sent wednesday request for dear kindly ask you provide access bellow location possible leadership library forms leadership library reports db view db please let know if additional information needed side gladly clarify everything kind regards,Hardware,Storage,0.3305352645213524
update passwords update passwords,Access,Administrative rights,0.32933977381650736
communication to users for oracle fusion doubled absences thursday july pm communication users doubled absences hi please prepare users attached form well let needed dear please advised saturday july pm application unavailable activities related correction doubled absences timecards application possible kindly ask perform actions order preserve integrity thank understanding other details please let thank,Access,Hardware,0.32927462427897813
access to november pm hey permission link forms grades job titles archives tube maps maps disciplines model view link looking site thanks digital creative,HR Support,Hardware,0.3290758486536895
missing date on date hi date populated makes difficult know when request book be returned regards,Miscellaneous,HR Support,0.3288856341256946
updates pas tuesday july pm updates dear kindly ask update clients under please also maintain write clients affected by thanks officer friday july updates hi please update ensure client attributions made update client reports also update regards director registered under number whose registered old broad street kingdom provide clients each subsidiaries separate entity has liability entity,Hardware,Internal Project,0.3287752154483763
system synchronization synchronization hi which process synchronization cannot recently assigned thank lead,Access,Miscellaneous,0.32773039429510986
one com account friday pm re hello everyone please same rights write well thank regards officer friday pm re thank greetings please write rights please approve confirmation needed order proceed thank kind regards officer,Access,HR Support,0.3276314693838633
assigned re equipment thanks returned back pc got please,Miscellaneous,Hardware,0.327201607425217
oracle issue sent thursday issues regarding tracking web application hello week experiencing some issues with tracking web application can add or remove tracked for whatever reasons says have work hours per instead attaching with whole situation thanks,HR Support,Administrative rights,0.3265241620191218
quarantine thursday february pm re hi thanks exactly thing avoid manually enter release each every gets quarantined question way filter stop messages coming certain senders instead deliver directly filter worked fine until couple weeks ago started thanks thursday february pm hello thank regarding side after received mails please follow steps button log please prefer then log then out messages release button order let pass filter reach mailbox press delete button please let further details best regards analyst ext hub thursday february pm hello since couple weeks receive etc kept deliver unfortunately way side receive want log release manually each thanks thursday february dear big community february bounces response kb invitation central eastern bounces response kb deleted automatically after days change frequency these within log,Hardware,Miscellaneous,0.32643198582304456
backup storage error occurred to disk of on backup storage error occurred disk dear user hard disk had error working properly after several retries caused by bad sectors error occurs again please back run test hard drive examine hard drive status sincerely,HR Support,Storage,0.32579750110199
investigate stored procedures triggers ant other jobs thursday pm re procedure error hello please assign order investigate stored procedures triggers ant other jobs which work mentioned table kind regards senior engineer thursday pm re procedure error hi way production database table anywhere store procedures triggers etc thank application engineer,Hardware,HR Support,0.32559998058625944
reports tuesday december reports hi please extract create reports monitored parameters minimum days name thanks technical consultant re reports hello attach report period december st st graphs reports unfortunately allow collecting number values poll groups included disks cpu usual report again traffic polls reflected well add traffic polls assets monitoring where possible please kindly let additional information needed thanks analyst wednesday december re reports hi cpu reports values needed period graph report polls included traffic disk load great because client load decide enough resources assigned prove reason bottleneck site excuse description explain reasons reports decide reports technical consultant reports hello per hi please extract create reports monitored parameters minimum days name please kind report exactly graph reports report also which polls assets listed included report disks cpu etc example polls monitored thanks analyst,Hardware,Miscellaneous,0.32525345017960533
called to report cannot access called report cannot access hi kindly have look above mentioned incident having problems with she approve requests thank you best regards analyst,Hardware,Miscellaneous,0.32441111962551666
not able to generate reports oracle sent friday march able generate reports importance high hi able generate any costs assignment details reports following errors being thrown please investigate asap kind regards unit manager,HR Support,Hardware,0.3243876073288851
service now issue re ocurred re issue hello raising again with you have once again same issues previously described could you please help thank you,Administrative rights,Hardware,0.32438253257842387
oracle requisitioning wednesday july pm requisitioning hello kindly ask give select other entities doing purchase requisition ones choose moment next ones thank best regards shared officer,Purchase,HR Support,0.3237826284427726
combination not valid for po and combination valid for po hi please raise ticket for below request assign thank you kind regards engineer sent thursday combination valid for po hi could you please take look have invalid combination error can erase line or invoice thank you kind regards en accounts payable accountant phone,Miscellaneous,Purchase,0.3237782076927727
request for cooler friday october pm cooler hi asking cooler informed by purchased anymore thanks kind regards senior tester engineer,Purchase,Hardware,0.323691207944531
november dear items help please exclude add make wish share share client important possibility thank ext,Storage,Miscellaneous,0.3236547041872531
pas rights rights view dear please rights view reports thank planning officer ext,HR Support,Storage,0.323367473624345
project resource access october pm importance high hi help please member storage resources thank advances kind regards did tester,Storage,HR Support,0.3228966936335263
new ticket for helping me with thursday pm helping hi please assign he helping jobs code doing assign same node running jobs engine job gulp build dashboard repository thanks senior software developer,Access,Internal Project,0.3228666187671421
unable to access the self service portal unable access self portal hello finds you well please be advised we have logged above mentioned incident cannot access self portal she receives error message telling her she successfully logged out we have checked her snow her ad neither locked have resent her link still same error message thanks kind regards specialist,Hardware,Miscellaneous,0.3228135230556827
report report hi please mentioned computer for,HR Support,Miscellaneous,0.32279789050336133
docking station request tuesday december pm docking station importance high hi log he has requested docking station his installed setup require booked thank,Purchase,Hardware,0.32202593789439843
requests for macedonian staff july requests macedonian hello please personal details requests macedonian her thanks mobility officer,Storage,Miscellaneous,0.32160045866733256
new editing hello please provide name site where want stream section kind regards engineer october re re editing ah stream section then move resources middle under announcements let how looks october re re editing hello sorry recently agreed site owners change layout help provide details want kind regards engineer october re re editing menu attached permission thanks october re editing hello site cog then upper right corner editing mode add more questions hesitate ask kind regards engineer,Hardware,Miscellaneous,0.3214080882949075
for log issues sent thursday for hi can you reset password for for please unable log thank you manager trainer production managed one largest multimedia publishers with award winning portfolio brands,Access,Administrative rights,0.3214046252652544
access rights to send to all staff october rights hi please rights members members thanks,Miscellaneous,Storage,0.32078129421356916
update cs project team members tuesday october pm update cs members hi please take consideration attached document order update user rights cs thank blvd floor district,Access,Miscellaneous,0.3206327668336079
close oxford tuesday pm re close oxford thank best date tuesday re close oxford done best regards application engineer ext re close oxford thank please ahead same production best date tuesday re close oxford done staging moving production links staging about locations amsterdam best application engineer ext close oxford hi please close hide oxford did glasgow oxford confirmation done please within stream thank best,Miscellaneous,Hardware,0.3203623793614473
adding a printer th printer dear add printer appears credentials connect please advise located floor right wing,Hardware,HR Support,0.3203115777101886
on july pm hello please investigate assigned starting july she part application discipline under thank,HR Support,Miscellaneous,0.32015081007521007
bulk issues import bulk issues import hi could you please log ticket assign was kind helped with bulk issue import thank you kind regards applications analyst en,Hardware,Miscellaneous,0.3201279519966544
turnstile not working turnstile working dear could you please help with turnstile left side tower working please investigate thank you manager,Access,Hardware,0.31984152582972347
access to site on access site hi could you please give writing permission for location following colleagues was able personally give them permission before for would like have same rights for well thank you communication specialist,Hardware,Storage,0.31955914220206927
permission to send to all bogota staff and to check for all country staff permissions tuesday december pm avoid sharing hi give permission please assume permission other populated kind regards december undeliverable avoid sharing has failed these groups because permissions ask owner permissions then again more information about issue code diagnostic information administrators generating remote returned resolver authorized id id content type application name content transfer encoding binary avoid sharing thread topic avoid sharing thread index date deferred id cd accept language content language has attach cd mime version transport hosted originating return path response suppress,Miscellaneous,Storage,0.31939208809106895
display name and address update wrong user real name hello guys please he named his real name kind regards engineer ext,Miscellaneous,Access,0.31886634807929193
credentials request credentials hello dearest assistance requested credentials whatever connect instance installed computer files right folder connect name fails please help out kindest regards,Hardware,Storage,0.3186825812659286
access to project tuesday pm re sorry tuesday pm hello please again encounter issues please let kind regards analyst ext hub tuesday re updated hello cannot version made after after insert tried receive receive please take working thank updated resolved fellow think query logged has resolved did well details reference summary description user provide cpi mortgage cpi link needed cpi want migrate test cases zephyr right resolution granted good provided resolution response issue persist recur resolved please best provide assistance matter how how how warm regards ext,Miscellaneous,Hardware,0.3180926497071788
mini required for project friday mini required dear mini assigned namely tower floor allocation period tentative till prompt resolution much appreciated thanks,HR Support,Internal Project,0.31790183414731926
neon database restore request friday pm neon database restore hi please production neon circulation database restored database asap thanks,HR Support,Hardware,0.31761818121988783
site ad access security groups site please create hello please assist creating link folder later published follow keep loop great various inside please initial more details way please attached best regards analyst community builder ext friday pm re site exact link allocate area few fine decide write addition site hello please advised logged process further please specify exact link wish name addresses users which create level write best regards analyst community builder ext tuesday pm site guys site plus accounts externals clients securely owner his back approver etc client director mob fixed zone registered under number whose registered old broad street kingdom provide clients each subsidiaries separate entity,Hardware,Access,0.31708271193292875
commit policy tuesday december pm re commit policy forgot add image tuesday december pm commit policy hi add hook repository looks currently available want how work plan add feature regards design lead,Access,Miscellaneous,0.3162892708049405
please provide info action item under time constraint please provide action item under constraint please provide information boxes under constraints purposes image thank se forgive errors,Purchase,HR Support,0.31623985151913175
public public hi guys please public client thank senior,HR Support,Hardware,0.3162273506592418
upload and transfer to upload transfer hi please rise assign reports thanks best regards application engineer wednesday pm re upload transfer please provide reports thanks wednesday pm re upload transfer hi cost transactions report regards wednesday pm re upload transfer discussed please find attached ledgers mapping had call explained usage cost transactions report how he ledgers well please ask kind regards friday pm re upload transfer want details around justify variations budget forecast how other uploaded via justified variations head thursday pm re upload transfer hi compare forecast coming cost loaded based file which far also included narratives majority transactions question about forecast then known by moment question understanding question properly regards thursday pm re upload transfer hi please thanks head tuesday pm re upload transfer hi saying wants details therefore question myself prepares journal how did past justify variations budget vs head tuesday pm re upload transfer hello load means movement per combination natural provided file details available his please provide question thanks tuesday pm re upload transfer hi store information transactional level more details about load regards tuesday pm upload transfer hi received today question upload after transfer transactions thanks head,HR Support,Hardware,0.31622556573556854
changing the fatal error value from to a for and update the score re fatal error hi could you please log incident for below kindly assist with changing fatal error value for update score let know if you require further assistance side best regards customer care en sent wednesday fatal error hello finds you well could you please replace value with instance for incident we have identified error decided consider fatal error originally intended apologies for confusion let know whether there any additional information needed end best regards specialist,HR Support,Hardware,0.3161800037016953
subscription query creating main client side hello please consider creating main client side well communicate name role product owner expert stein application administrator expert pm expert pm same note teams available within subscription looks excellent substitution slack thank senior analyst ext,Hardware,Access,0.31615912548828856
oracle could not be logged friday logged hi please log assign she helped solve log attached find evidence best regards tester,HR Support,Miscellaneous,0.3161570681075479
create job oracle consultant senior manager create job consultant senior,Access,HR Support,0.3160571756612036
prod access thursday july prod hello link described attached capture order save files ledger please help issue thank accounts payable,Access,HR Support,0.3159464492652956
include pc include pc hello please include pc thanks,Access,Miscellaneous,0.3156999886897977
test incident test incident test kind regards analyst ext hub,Miscellaneous,Hardware,0.3156396765559272
access november pm dear please path sox thank sox controls,HR Support,Storage,0.3154886125487596
need your help urgently need your help urgently dear can submit could you help asap otherwise line manager be informed thanks br manager frankfurt main frankfurt main,Hardware,HR Support,0.3154647032100421
access to vacation file hello please module also needs work her vacation regards leader,Storage,HR Support,0.3151922054038481
access to am com thursday march pm la hi please users thanks,HR Support,Access,0.3151349533714493
task is not active as of the expenditure item date task active expenditure item date hello dear was trying submit but she received following errors for lines requisition we have tried changing dates but result ends same error can you please assist checking if code active if task activated for code can you also raise ticket thank you very much for your best regards compliance ext,HR Support,Miscellaneous,0.3151142632969791
change project manager for november hello please help thanks november si la care si developer twitter registered registered triton street regents content attachments confidential intended recipient otherwise received error please delete inform possible disclosed copied by anyone other than intended recipient opinions statements comments contained necessarily wish clarification matter please confirmation writing take precautions containing software virus virus checking software,Miscellaneous,Hardware,0.3147710359159004
sync issues with sent monday sync issues with hello please log non request assign queue for below directory sync thank you best regards senior engineer en,Access,Hardware,0.3147016298840495
request for new headphones wednesday march pm headphones hi headphones old ones problem thanks software developer,Hardware,HR Support,0.31468941481538043
job is deleting the configuration sent tuesday february job deleting configuration dear we have set jobs for jobs have integration every days parameters for step disappear please attached image causes job fail every happens have manually add configuration screen error log taken job please investigate thanks,Hardware,HR Support,0.3138097204334936
customize project demand tuesday pm customize demand hi recently created demand thank track matching staffing requests arrived available candidates pipeline rotations enable help configuring custom issues types custom issue customizing detailed please create issues type vacancy having custom drop down user select option predefined options add values add these values client name custom drop down user select option predefined options add values priority existing please update available options keep option high medium low please investigate icon medium loading name text default text renderer date date date picker form editing core skills text default text renderer grade wanted custom multi select similar component available values grades st se cl sc job description text description rename job description intern vs recruiting drop down single option empty issue created available options intern recruiting candidate name text default text renderer actual grade custom drop down single option available values grades st se cl sc actual date date date picker form editing role summary rename role please make mandatory creating editing vacancy issue type client name priority name date core skills grade wanted grade wanted job description role issue type icon story issue type please activate these issue types story task test create separate configured these type issues available more details needed thanks,Hardware,Internal Project,0.31377601662146987
cannot be transferred to hi please raise ticket for below request thank you kind regards sent tuesday hello below can be transferred either can you please check let know why thank you have great accounts payable,HR Support,Miscellaneous,0.3136200125726652
new obi report tuesday pm obi report hello planning migrate away excel obi least far demand file concerned order creating report obi every each has joiners vs recruiting report challenge report created based existing demand template via application therefore extract same report directly were unable find existing report satisfies also run report every template job grade months view opened tickets date unit client name job family requisition title number openings requisition grade moth requisition expected closed formula detailed date requisition created function date requisition requested grade usual grade formula calculates automatically present date demand demand formulas false demand demand formulas false days according different grades st se cl sc please let help additional details best regards find out more about experience blvd floor district please refer section entities tuesday job grade months view opened tickets date clearing analyst,Hardware,Miscellaneous,0.31353673980161006
configuration help configuration help hello help steps take regards senior developer,Internal Project,Hardware,0.3133826350640742
phase project more issue types tuesday november pm phase more issue types hi please add issue types platform phase currently task story epic tests spikes well thank,Hardware,Miscellaneous,0.31336821970212503
new wednesday december pm please create members name role senior designer senior designer senior designer designer architect specialist,Miscellaneous,Access,0.31312377738435043
review leaver accounts for available re please assign asap also please extend rest fleet assign other multiple targeted fail buy additional pure help please take commercial please timely thanks,HR Support,Access,0.3123487135613565
manager you have messages july messages messages identified junk default locale copy paste browser note summary refer messages recently deleted messages held automatically deleted after days wish receive these wish change frequency then please select options subject date overnight shipment problem replica watch unique sale pm times displayed please remember messages held by automatically deleted after days further information assistance please organization administrator,Purchase,Miscellaneous,0.3123107694052688
new pas project issue sent wednesday february issue dear kindly request your open ticket related with next issue id issue cost calculated automatically by have difference with calculation cost requirement provide detail cost calculation performed by for month order check what would be difference troubleshooting already performed grade confirmed location confirmed name grade location cl bod cl bod se bod en bod en bod bod detail difference found cost cost difference regards manager colombia,Miscellaneous,Hardware,0.3119797308268915
us hr hello possible currently receive ability please advise best,Purchase,Hardware,0.31053176644889413
access february pm hello please ad he needs several machines thanks client policy computer host file,HR Support,Hardware,0.3101976283291804
update update hi please log queue verify update applicable two devices thankyou,Miscellaneous,Administrative rights,0.3096386264006465
configure job job hello help reconfigure jobs because migration mobile please assign he helping issue thank,Hardware,HR Support,0.30956692197501723
request for access to hello install order draft couple diagrams far understood required therefore included thread please help regarding thank best regards leader,HR Support,Hardware,0.309565865290156
critical alert original message sent wednesday critical alert following alert occurred status active description tape failed failed perform operation since tape free tape available tape library based for more information open administrator console review alert details monitoring task area,Hardware,HR Support,0.30921018339713885
oracle mobile app credentials wednesday android app hi please provide android app thanks,Administrative rights,HR Support,0.3091824289613378
send headsets back to the supplier hi guys please headsets back supplier per attached kind regards administrator,HR Support,Purchase,0.3090050991291391
access to net october pm hosting bastion hi member please provide hosting bastion also include ad hosting ad thank technical consultant,Miscellaneous,Access,0.3089509226402994
access to module for us module hello please module entity both processing auditing order perform daily tasks thank accounts payable accountant phone,Hardware,HR Support,0.3086935588695426
local help for for christmas party thursday december pm christmas party help hi christmas party technical projector location prepare technical checks location etc party tomorrow please appoint locally help thank head,Internal Project,Hardware,0.3083552662258639
support hello colleagues area please make updates feedback activity functionality thank,HR Support,Hardware,0.30823996194996717
item item hi staging today thank best,Purchase,Hardware,0.30819623321521744
access to oracle expenses app pm app hello mobile downloaded installed app please provide needed credentials thanks host user name main germany phone mobile,Hardware,Access,0.3080255136805506
please check and update oracle new is wrote hi manually updated seems change form did please ensure also updated thank friday re fixed assets meeting recording moved has gone thru also needs wrote hi please thanks analyst ext hub fixed assets meeting recording hello please give fixed assets fixed assets meeting thank thursday fixed assets meeting recording dear recording fixed assets meeting today too large by find saved folder please gain possible please let find solution kind regards fixed assets fixed assets meeting,Hardware,Storage,0.3075023221782156
no from com hi one our suppliers contacted by phone because send by him getting through sent our supplier for licenses can you please check why we receive form him thank you administrator,Access,Hardware,0.30743008297395363
write rights pas as pm for salvo write rights pm hi please create based assign thank engineer wednesday december pm write rights pm hi needs add forecast pre she currently rights please give her pm rights officer,HR Support,Storage,0.3072446244678615
service now disable exact updates required every wednesday public folder exact target hello kindly sr requested by thanks best regards analyst friday november pm public folder exact target hi please requests discontinue task disable scheduled weekly details exact updates required every wednesday name name category application summary weekly exact updates priority assigned manchester masters embedded needed let thank november re public folder hi needed update requirements change regards richardson richardson november richardson re public folder hi weekly update required about weekly task usually update report file done please let thoughts about thank application engineer thursday november pm richardson re public folder hi confirmed weekly update required closed thanks senior november public folder hello regarding weekly exact updates task public folder which seems disappeared near language lists folder order complete weekly exact updates languages suggestions regarding issue thank application engineer please consider environment print manchester registered number having registered sir busby way old manchester confidential intended solely individual whom addressed views opinions presented solely author necessarily represent manchester companies intended recipient advised received error dissemination forwarding printing copying strictly prohibited received error please notify by replying by please consider environment print manchester registered number having registered sir busby way old manchester confidential intended solely individual whom addressed views opinions presented solely author necessarily represent manchester companies intended recipient advised received error dissemination forwarding printing copying strictly prohibited received error please notify by replying by,Storage,Hardware,0.3071628059667765
restart multiple polls testing down on restart multiple polls testing down,HR Support,Hardware,0.3064780613532015
for october hello noticed has please predefined working schedule her calendar she same other members regards,Administrative rights,Hardware,0.30634239833852484
re logged project equipment needed to be sent back to client re logged equipment needed back client please material,Miscellaneous,Hardware,0.30631370989479756
critical alert sent critical alert following alert occurred status active description tape failed unexpected tape detected drive drive tape library based for more information open administrator console review alert details monitoring task area,HR Support,Miscellaneous,0.30557149642136605
assets en friday november pm hello please split individual requests thank,Hardware,Miscellaneous,0.3052397401904818
mail address as notes wednesday attached regards levin developer information confidential legally privileged intended solely addressee opinions expressed mine necessarily represent opinions susceptible interference intended recipient disclosure copying action taken omitted taken reliance strictly prohibited unlawful received error attachments please,Access,Administrative rights,0.3047419228688479
the server for hi until until thank senior architect,HR Support,Hardware,0.30332793183135137
terminated employees active oracle pm terminated employees active hello currently employees active even left issue appears due import done july were terminated except please perform leaver process employees panic panic questions please kind regards engineer,Hardware,HR Support,0.3029092781872266
tools people section tools section hi colleagues have appears section members tab tools still have had past can you provide fix for list have currently please verify if you encounter similar issue best regards,Hardware,Miscellaneous,0.30239396068199287
account assignment to tuesday july pm assignment hi please help creating opportunity contract allocated different automatically selecting client take example which creating variation thank best regards programme portfolio officer,Access,Miscellaneous,0.30234373138946824
mailbox access new tuesday july re hi please find filled pp configuration plan doc kind regards mobile july hello please provide kind regards analyst ext july pm hello please provide users sources he allocated part added loop thanks lead registered under number whose registered old broad street kingdom provide clients each subsidiaries separate entity has,Hardware,HR Support,0.30226293709533203
new request based on recent security patches tuesday november pm based hello please assist thank regards specialist tuesday november pm based hello please based assign best regards senior engineer please consider environment print,Hardware,HR Support,0.3020808572216573
deletion deletion hi guys please log assign helped out deleting confidential had reached wrong thank,Hardware,Miscellaneous,0.30198639428101964
urgent access to urgent dear apologize subject urgent she has joined has yet received please her tool also client codes needs possible cycle started she needs prepare forecasts reports thanks officer,HR Support,Internal Project,0.3017401091700067
additions report reports updated hi these reports created by changes made these cannot kept installing updates these reports return default structure solution copy stored reports custom folder adjust required changes please rise assign reports thanks best regards application engineer friday pm reports updated dear please help by key mentioned reports reports additions report assets retirements report cost adjustment report how key looks further details needed help thank regards lead,Storage,Miscellaneous,0.3017232155573663
project required to work from friday october required work hi sites work needed required has approved by working configuration please regards senior technician,Miscellaneous,Hardware,0.30165448040178794
access via via dear please he logging different user than possible him also option sign everyone make process he losing rights kind regards officer,Hardware,Access,0.30151861758418114
md local support please hardware receive regards engineer date friday november pm dear lightning cables regards engineer,Hardware,HR Support,0.3003756814898252
trouble viewing images on share drive trouble viewing images share drive hi share drive there able view used have problem using but pc cannot view without downloading can you please help thank you senior manager,Hardware,Storage,0.2998167140198056
assistance october assistance hello please log assistance enabling thank kind regards engineer,HR Support,Hardware,0.2993247235202016
re following up on requests re requests hi approved member please make well his secure area thank thursday pm requests hello please advise re him his rights please note granted log also arrives make modifications well kind regards analyst ext hub thursday pm requests hello getting back regarding two requests placed yesterday updates matter raw estimation thank kindly,HR Support,Miscellaneous,0.29827600056365167
network mappings net friday pm mappings hi mappings which help easily reach crucial resources bring overall convenience whole mappings follows nexus thanks senior developer information confidential legally privileged intended solely addressee opinions expressed mine necessarily represent opinions susceptible interference intended recipient disclosure copying,Hardware,Access,0.2982553795958603
hello sir sent monday november hello sir hello sending attached for reason recognize,HR Support,Hardware,0.29822210740632715
access to hello reports site custom site created by site provided by owner custom sites manage permissions please advise attached guidelines permissions implement automatically additional work related permission schema please discuss best regards engineer tuesday october pm re required hi approved various requests etc site complete reports rights reports follow rights automatically thanks october required hello everyone please approve regards analyst ext hub tuesday october pm required hi please provide link reports community thank officer registered st floor registration vat social,Hardware,Storage,0.29805026423382475
new mobile practice write rights mobile write rights dear mobile want migrate content old also want add descriptions links etc please give write kind regards consultant registered under number whose registered old broad street kingdom provide clients each subsidiaries separate entity has liability,Hardware,Storage,0.29801218273130914
pas hi please unit levels update figures currently accesses writing well thanks programme portfolio officer,Internal Project,HR Support,0.2974153159645651
support com information hi please identify owner let story required problem has form running regards,Miscellaneous,Hardware,0.2967608812330234
new head of analysis discipline head analysis discipline dear join please create her order important communication until she join thanks interim tuesday november pm head analysis discipline head discipline dear recent opening head analysis position received four experienced candidates during selection process had opportunity present ideas front panel thank involvement proposals which consider valuable result process nominated head analysis great pleasure her role starting head analysis discipline image passionate senior analyst years experience working various fraud prevention she has previously years doing engagement initiation product mastering leading eager rest analysts leverage cumulated experiences aspirations order turn analysis discipline veritable center excellence please join congratulating her role unit,HR Support,Hardware,0.29643574627404223
oracle projects for seal and customer working moment client working grouped under single out container create seal both myself supporting his accounts please attached forms per having these requirement finalizing budgeting budgeting meeting scheduled kindly ask high degree urgency thank,Internal Project,Hardware,0.2963681693336514
pm for and friday pm pm hello please assign kind regards friday pm pm hi please pm thanks accounts receivable lead,Access,Miscellaneous,0.2956474887280167
install ram memory march pm install memory hi please install remaining memories purchased po which were thank much,Hardware,Purchase,0.2949385131292753
access for july hello please create permissions regards leader,Access,Storage,0.29430818696101035
cleaning staff changes tuesday july personal bun rile cur july pm personal care tot fax mobil,Hardware,Miscellaneous,0.29419988340375774
issues all agents are on make busy caller is on the line for less than seconds mail attached scenario agents make busy caller line for less than seconds expected behavior call listed short abandoned reports actual behavior call was listed reports call was listed dashboard,Hardware,Miscellaneous,0.29401168724246207
rights wednesday rights hello please polls section please selected section attached image possible entire configuration section thanks application engineer,Purchase,Hardware,0.2939611204771596
wrong personal information wrong personal information hi have noticed gender wrong personal information tab platform thanks,Miscellaneous,Hardware,0.2929626405790658
printer set up wednesday july printer hi please help printer computer floor thanks information confidential legally privileged intended solely addressee opinions expressed mine necessarily represent opinions comp,Access,Administrative rights,0.29265349513426414
digital evolution digital evolution hi please create two landing pages digital evolution text word file both link different files photo girl equipment please let questions please within stream thanks,Internal Project,Hardware,0.29201958225544544
last survey date calculation hi please help confirmation survey date stands reflect responses registered also accounts which surveys survey date these accounts example responses surveys were way survey date added dashboard database stamp were added show surveys other ideas around thanks,Access,Miscellaneous,0.29162644024932793
please block sender begin forwarded date december secure secure please find attached secure please review complete return completed via relating feel free please note must enable content order view secure confidentiality note information contained transmitted communication strictly confidential intended intended recipient affiliates subsidiaries intended recipient hereby notified information contained transmitted communication dissemination copying communication strictly prohibited by received communication error please immediately return communication delete copy possession,HR Support,Access,0.29139648780492916
empty fields empty dear please initiate teams update empty test colic colic senior consultant,Storage,Hardware,0.2912037453223341
configuration wednesday july pm configuration hello several colleagues received four client kindly allow location floor stations allocated allocated allocated his station colleague opened please treat high thank much,HR Support,Hardware,0.291163760853571
req incorrect route tuesday pm req incorrect route hello please investigate requisition went has raised code had route thank administrator phone st,Hardware,Purchase,0.2899595575757628
invoicing portal list friday november pm re invoicing hi about invoicing old ask guys please give connected starting thank best friday november pm re invoicing hello think has rights old redirect discipline lead friday november pm re invoicing hi number parent site again has change kind regards officer november re invoicing hi had links which please provide sites connected exclude mode starting december thank best friday november pm re invoicing hello provide information maybe ask question site owners regards discipline lead friday november pm invoicing hi guys please provide sites related invoicing portals kept alive once old decommissioned please back by next thank,Hardware,Miscellaneous,0.28980263177576093
ticket request dear please create issue today upload profile picture authentication administrator told fill computer worked kind regards,Miscellaneous,Hardware,0.2896799825087131
running low on disk space on pc running low disk space pc,Hardware,Administrative rights,0.2894354591054875
it ops tuesday hello registered hardware since hot monitors screens rather than individual users lead information confidential legally privileged intended solely addressee opinions expressed mine necessarily represent opinions,Hardware,Access,0.28872729110947004
com decommissioning decommissioning hi please log order decommission assign appropriate anymore discovered several vulnerabilities regards engineer,Miscellaneous,Hardware,0.288365694755019
domain admin credentials for net credentials hi currently working please arrange asap thanks kind regards senior infrastructure engineer infrastructure mob,Hardware,Access,0.28805469927456223
report thursday pm report hello please advise how extract report opportunities cleared did find combination filters tool thanks clearing analyst,HR Support,Miscellaneous,0.28778878068594704
pc need moving pc moving within,Access,Hardware,0.2873259753962303
task reactivation for projects wednesday july task reactivation importance high hi please thank kind regards wednesday july task reactivation importance high hello kind reactivate task must submit urgently task provides errors respective provided please let reactivate thank best regards compliance,Miscellaneous,HR Support,0.2871489990090354
required to functions wednesday pm required functions importance high hi please help view delete functions reports layouts community highlighted red upload change information level today thank,Miscellaneous,Hardware,0.2869645671949133
access to wednesday november pm question requests importance high hi please let make different order change little bit name default same both instead started process share information different folders dedicated otherwise information visible inside two teams members write delete privileges existing members privileges also write delete privileges starting today please let other details best regards,Miscellaneous,Storage,0.28689544815623497
weekly closed defect report wednesday march pm weekly closed defect report hello please thread please log advise reference number thank lovely best regards analyst wednesday march pm weekly closed defect report hello please arrange automated report stopped unsure recipient required thanks march wrote please find attached weeks closed defect report regards ref msg largest multimedia publishers award winning portfolio brands important notice attachments meant intended recipient also contain confidential privileged information intended recipient reliance disclosure copying attachments strictly prohibited please notify immediately by received by mistake delete attachments views opinions solely author necessarily represent companies hereinafter referred tm tm accept liability content consequences actions taken basis information provided information subsequently confirmed writing although every reasonable effort made keep free viruses tm accept liability virus transmitted by attachments recipient date virus checking software subject interception monitoring operational reasons lawful practices parent companies registered canada square canary wharf,Miscellaneous,Hardware,0.2867420508413849
credentials co com credentials hi please your bellow error even though cleared cached passwords control panel still pops up bellow credential issue mailbox cannot be updated cannot send neither thank you kind regards senior accounts payable,Administrative rights,Access,0.2863126618811853
for signature july pm signature hi recently promoted cl sc please update signature information accordingly outdated updated senior thank,Miscellaneous,Hardware,0.2862283042062419
and tuesday pm dear ask allocate joining per contractual agreement assigned work were few persons recently left order other initiate thank officer,Hardware,HR Support,0.2861967238929663
forward forward hi formal has forward past weeks anymore needed please stop forwarding thanks lot kind regards facilities id image,HR Support,Hardware,0.2861802197832626
oracle expenses app no longer working original message sent app longer working hi app saying password valid have changed anything clear why working thanks,Administrative rights,Access,0.28563545890782366
quiz retake missed quizzes quiz retake missed quizzes hello found missed quizzes which require information annual refresher quiz which expired take best regards developer,HR Support,Hardware,0.2855172902091546
oracle staff utilization report improvement utilization report improvement hello guys when running report for utilization there seems be some obsolete columns excel file please have look attached take relevant actions for fixing best regards lead,HR Support,Hardware,0.2852798978748109
polls polls hello please update description polls according attached document thanks,Hardware,Miscellaneous,0.28463889603317055
check if access to is still needed tuesday pm re devices hi apologies thought had replied remember looking approved requester how required duration disabled removing user once devices required once requester has confirmed duration trigger action period also expected duration more than months requirement re validated months trigger action months maximum thanks,Miscellaneous,Hardware,0.284638399920125
access rights for team on server rights hello please order rights instance running please please assign directly configured best regards engineer,HR Support,Hardware,0.2839330124568305
remove account extension friday march pm re ad hi has extend availability kind regards march re ad importance high dear sorry late waiting please extend until possibility extended after date happened let thank much kind regards administrator february pm ad dear her march kindly asking extend her ad till march thank much kind regards administrator february ad hello date february advised purposes each calendar she needs her accounts active also her active confirmed currently reactivation process please further information assistance needed thank analyst ext hub february re hi allowed remain active without date least review date want requirement verified each calendar please please log trigger review requirement february she needs march confirmed then kind regards information compliance officer extension february hi checked since she trains take over her responsibilities she both thank regards administrator friday february pm re hi about accounts she well thanks friday february pm dear spoke kindly asking her extend her ad since she how log she needs possible without date thank kind regards administrator friday pm re hi has signed required disclosure agreement her ad re please again four weeks needed suggest february disable automatically date want prompt needed kind regards re hi thank signaling recommendation enable until signed assume notify enable thank hi please let re enable today after disclosure agreement has signed hold until received regards analyst ext hub re hi again got confirmation ad re enable her complete activities during also ask added ad re until st disable again required after st come back thread extended must also ask sign form additional disclosure agreement latest version modify wording slightly available next couple days then ask ask sign kind regards information compliance officer extension re hi leave disabled moment come back next action once heard back possible want continue allow because strictly speaking has retired she has resigned going off work competitor continued post retirement knowledge transfer continued least normal cases hence nature question watch update kind regards re hi please advised disabled ad did change sorted please let additional tickets logged order process accounts regards analyst ext hub re importance high hello far gather under contract then she bound by whatnot precedent other methods assuring adheres advise please input until matter resolved please ensure temporarily disabled perform other change her until clarified thank leave notice december thank kind regards administrator thursday december pm re hello please advised fill leaver form her tickets raised her disabled procedure please advise closing person after person has left permitted kind regards analyst ext hub thursday december pm dear forwarding post her resignation please copy further communication related subject order her confirmation regarding status order provide additional information thank regards received information about retirement delay she leave her terminated she available she needs communicate knowledge information upcoming period please let her won terminated thank kind regards administrator,Hardware,Access,0.2832714294278275
access to network from location location hi please log bellow please location because order migrate integrate different nexus sonar thank engineer,HR Support,Hardware,0.283267479452241
received from account tuesday november received hello received tried include picture which by also track included junk folder attached copy wanted keep posted thank best regards software developer,Purchase,Storage,0.282377745216245
printer supplies printer supplies hello make order printer supplies printer floor color laserjet pro unfortunately supplier procedure talked she told she never made order she more information please help,Hardware,HR Support,0.28202353079281506
access to the project thursday hello please give rights thanks tester registered under number whose registered old broad street kingdom provide clients each subsidiaries separate entity has liability,HR Support,Internal Project,0.28187530406936473
software list tuesday pm software dear information regarding software please provide link mentioned thank best regards compliance,Administrative rights,Miscellaneous,0.28158312709157807
cross validation rules module tuesday pm cross validation rules module importance high hi please assign thank kind regards engineer tuesday pm cross validation rules module importance high hi please disable july cross validation allow bookings string allow bookings string adjust bookings string cancel initial bookings thank best regards,Hardware,HR Support,0.2814742293345244
update project finish date thursday pm update finish date hello please update finish date regards senior,HR Support,Internal Project,0.28117593136494046
consolidate the snapshot of consolidate snapshot hi consolidate snapshot prod instance please assign please thank senior engineer,HR Support,Access,0.2811754172831766
modify friday march pm hello dear please enable change level policy kind regards discipline lead date march more progress hi thanks more little progress regarding he has discovered prompt fired by fired by browser itself sites properties pass without prompt authentication applies chrome enter credentials gat configuration chrome done by best regards senior infrastructure engineer infrastructure,Hardware,HR Support,0.2805581750905357
profile with no admin rights hello please be advised machine wrongly configured profile rights would you be kind assist,Hardware,Storage,0.28027869375368086
snapshot tuesday october pm snapshot hi please let create snapshot sec has perform tests restore possible os crash think help please let he must please treat matter urgency perform tests today tomorrow thanks,Access,Hardware,0.2799974225580213
modify ibm sd service now thursday pm modify ibm sd hi under user administration companies old imported called ibm sd applies needs transformed name sd phone manila require more details please let thanks help kind regards,Miscellaneous,Access,0.2794537993440402
expenses for team hi report run incurred far kind regards planning officer infrastructure upcoming holiday none please consider environment print,Hardware,HR Support,0.279430208470607
include deployment images july include images hi please log include framework feature images requests install since automated option fails thank,Hardware,Administrative rights,0.27933837177139875
errors reports errors reports dear kindly ask you provide order solve issue we have with one report open requisitions candidate step referring pro technical manager product report we can bellow candidates but same know for we have others process you can bellow but those appear report can you help clarify issue kind regards head,Hardware,HR Support,0.27926346117917344
update march issue hello cannot him please assign him also please urgent update his status thanks senior developer,Hardware,Miscellaneous,0.2791417922972679
drive is missing from computer drive computer hello seems have partition mapped computer can you please help matter thank you,Hardware,Storage,0.27907072560064256
add to thursday pm partnership hello dear please take suspicious which suspicious kind regards analyst client thursday pm partnership originates keep mind file attachments dear friend please attached letter harmful thank god bless regards mr,HR Support,Hardware,0.27835838679824054
oracle bug tuesday hello while application section error appeared which allow add change thank let way solve fix information confidential legally privileged intended solely addressee opinions expressed mine necessarily represent opinions susceptible interference intended recipient disclosure copying action taken omitted taken reliance strictly prohibited unlawful received error attachments please notify delete accepts responsibility information,HR Support,Miscellaneous,0.27825632356429575
badges allocation school of th february friday february badges allocation school february importance high dear february joiners programme help badges allocation please help matter possible help other information hesitate regards,Purchase,HR Support,0.2781551414518027
order to be able to easier with the customer need a telephone february re order easier good morning has order phone since kind regards administrator february order easier hello please help thank kind regards analyst ext hub february re order easier hi tried purchase requisitions type resource select nor other details add please assist thank best regards analyst thursday february pm order easier hello thank please note receiving phone make purchase valid justification kind regards analyst ext hub thursday february has assigned hello please advised record number has assigned please review details take appropriate action reference number details null choose template applicable please provide short description order easier details add requested analysis location location please link kind regards ref msg,Purchase,Hardware,0.27795778498572915
error pm re error hi please log thank kind regards analyst error hello please advise thank best regards analyst ext hub pm error hi please help thanks commercial adviser old broad street information confidential legally privileged intended solely addressee opinions expressed mine necessarily represent opinions susceptible interference intended recipient disclosure copying action taken omitted taken reliance strictly prohibited unlawful received error attachments please notify delete accepts responsibility information errors omissions,HR Support,Access,0.27787146764588616
receive from wednesday december pm receive hello please prepared receive around noon thank,Purchase,HR Support,0.27778415597401596
jobs are not triggered anymore from commits jobs triggered anymore commits hello build jobs for several projects triggered anymore when commits pushed ex projects build blocked for view build jobs job mock integrator best regards senior developer,Miscellaneous,Hardware,0.2775292949839062
re request check list for leavers press account has been assigned to am support re leavers press has assigned hi please related share checking also has escalated thank kind regards analyst,HR Support,Miscellaneous,0.2773304350130746
to read status please check notes dear sirs madames please generate status database files explanations model planned iterative agile path thank kind regards,Storage,Hardware,0.27658287953882754
remove users from wednesday february re hi looked old members removed moved want thanks developer wednesday february hi please advised has updated per assist please let thank analyst ext hub tuesday february pm hi guys update contains next thank developer,Hardware,Access,0.2757417624992439
git access tuesday october pm re hi please find attached updated added members git also please make myself thanks october upload edited version location afterwards kind regards analyst ext hub tuesday october pm re hi currently switched cannot location possible file thanks october hi please forms write permission location please let comes along thank analyst ext hub october pm re way retrieve old concerned version create impact configuration existing thanks october hi confirmed by kindly note filled proceed thank kind regards analyst ext hub october pm re hi re rush add members please add platform rebuild whilst complete thanks october hello please find attached blank kind regards analyst ext hub friday october re hi has left think lost please fill out thanks october hello please advised keep active base available please liaise order obtain latest version required assist other way please hesitate thanks kind regards analyst ext hub thursday october pm re hi currently thanks october hello order process please provide updated configuration plan kind regards analyst ext hub thursday october pm hi please give myself privileges platform rebuild previously had permission he has left thanks architect registered under number whose registered old broad street kingdom provide clients each subsidiaries separate entity has,Hardware,Access,0.2756665577273192
create two for and services recovery tests tuesday december pm create two recovery tests hi please create two virtual severs follows name cpu name cpu needed fulfil annual recovery test annual recovery test intrusion detection regards engineer,Hardware,Access,0.2751413267453902
connection set up wednesday july hi please help work out offices thanks information confidential legally privileged intended solely addressee opinions expressed mine necessarily represent opinions,Hardware,Administrative rights,0.2748091015909194
turnstile not working turnstile working dear turnstile floor tower constantly rotating does stop could you please look into problem asap urgent matter thank you manager,Access,Hardware,0.27441423176457397
local admin rights required rights required hello please enable order update receiver latest version thank senior application engineer,Access,Administrative rights,0.27412621040854623
us location addition location addition hi please create work location ability hire seattle washington please let has completed thank assistance best regards location states washington seattle specialist,Storage,Miscellaneous,0.2731457535296343
needs access to from win needs win,HR Support,Hardware,0.2731281804358103
new columns for employee details report columns details report hi kindly asking amend details report details attached excel questions please let please thank analyst,Internal Project,Miscellaneous,0.27290916537476906
set up calendar sync friday november pm re passwords consistent fixed please make tickets messages app calendar sync thanks senior engineer ext date thursday november pm re passwords consistent after reboot requires old best regards digital cell date thursday november re passwords consistent please let which ones old which thanks senior engineer ext date thursday november passwords consistent hello kindly ask she further advise thank analyst ext hub thursday november pm re passwords consistent please let which ones old which thanks senior engineer ext date wednesday november pm passwords consistent hello please assist resolving issues described thanks kind regards analyst ext hub wednesday november pm passwords consistent hi several weeks ago had change since then several were changed passwords successfully several remained old passwords issue fixed please also maybe related issue mobile calendar updated changes updated canceled added meetings change mobile please both these issues copying thanks best regards digital cell,Access,Miscellaneous,0.27265000898838215
admin rights on old wednesday december pm re rights old importance high hi please defined quickly because mode old announced today thank best wednesday december rights old importance high hi please provide rights old users please assign give context requests migration which done needed run scripts export files also additional approvals let questions best regards,Hardware,Access,0.2723408883145153
oracle delegate delegate good wonder while holiday delegate approvals thanks probably tells user guide detail thank planned holiday st st back,Access,Miscellaneous,0.2721182248839111
service now question question hello question how clone existing configuration item thanks senior infrastructure consultant,Access,Miscellaneous,0.2717422870692143
forwarding march pm re problem accessing two shared amsterdam hello thank meantime wondering kind rule forwarding mails personal insights coming amsterdam forward mails coming personal forward mails enquiries subject title trends report thank campaign,HR Support,Hardware,0.2716312168151649
projects to be removed added pm site pm perfect pm pm pm pm automata ca se pm va site pm fie friday december pm removed added hi hello please informed deleted sites which mentioned also granted write sites create more information code persons permission level thank best regards engineer please also add called testing possibility rights add existing please let how thank,Hardware,Internal Project,0.2713863983751199
unwanted march pm unwanted hi received please needs done thank,HR Support,Hardware,0.27135672071399153
account pm hi regular make regular tasks please asap because discovered issue tried make changes within where moment stuck moment best regards technical consultant upcoming holiday february rd,Access,Hardware,0.2711878131380845
extension of drive extension drive hello drive extended by order update thank developer,Storage,Hardware,0.2708693436190326
access to sonar for wallet thursday please sonar wallet hello please make possible members wallet sonar also please rights order create sonar wallet app find attached updated thank consultant mobile,HR Support,Access,0.27073094374073686
to creation errors have generated request request number kindly note after generating request fields within requestor information step have populated properly attached,Miscellaneous,Hardware,0.2707300738671525
new locations saturday march pm locations hello please two locations added germany various germany germany please let thanks,HR Support,Miscellaneous,0.270397337377203
development team access pm hi please add ad give site old kind regards re thanks moment review training materials thanks again senior software engineer date re hi ask modify right ad add permissions by creating locally starts bit messy needs permissions possible needs write write reading materials then provide level kind regards hey add users review documentation thank sir senior software engineer,Miscellaneous,Storage,0.2703163811817591
fwd capacity report all windows servers tuesday november fwd report hi please raised these receive moving forward thanks best regards,Hardware,Miscellaneous,0.27024367115361964
its area clean up en phone area clean hello please kind log each assets attached reallocated these tickets assigned colleagues take care physically removing assets area thank best regards leader,HR Support,Purchase,0.2699999278915615
mail hi dear receive any mails dec can you please help identify solve issue,Administrative rights,Hardware,0.2699094563208206
for app for tuesday pm app hi app work thanks,Administrative rights,Access,0.2698307313370199
who is for tudor dear please help find out thank best regards test lead,Hardware,HR Support,0.26975119063471437
customize project demand issue tuesday pm customize demand issue hi please create demand by vacancy issues types creation vacancy issues type requested bit earlier separate contain states filled hold recruiting cancelled transitions possible statuses other status more details needed side feel free thanks,Access,Internal Project,0.2697317519370093
notification new pas thursday pm dear please out users taking evening agreed owner client heads addition information please hesitate kind regards engineer,HR Support,Miscellaneous,0.26906014713165893
space required on drive thursday required drive hello help drive talked solve issue thanks senior developer,Storage,Hardware,0.26896378278671684
claim button on procurement items claim button items hi please thank kind regards thursday december claim button items hi occasionally items queue information button claim button want because advise example hanks advice client,Storage,Hardware,0.2687707584424274
suspicious mail again suspicious again hi received yet suspicious attached thanks,Administrative rights,Hardware,0.2684519647384635
add to november re question hi definitely related suppose kind regards analyst question hi please bellow advise thank analyst ext hub november pm hi how rolls link latest vacancies rolls please yours sincerely,Hardware,Miscellaneous,0.26831462217852875
request november pm senior tester zone,HR Support,Hardware,0.2676837360622588
requests vs windows wednesday pm requests vs hi during audits noticed assets responded requests order better understand how possible please let configured respond requests connected networks marked public thanks,Storage,Miscellaneous,0.2676391454400817
request team wednesday july needed hi please create myself thank kind regards,HR Support,Access,0.26740485299240907
job to start caps pilot com every day job caps pilot every hello job each working friday instance caps pilot thank,HR Support,Hardware,0.2672124016772826
access for rights dear please exactly same rights old eel also link link link link link link reason move keep rights let questions thank planning officer,HR Support,Storage,0.26684877235839927
new headset headset hi let grabbed headset old broad street believe record transaction thanks director,HR Support,Miscellaneous,0.2668332397304996
cleaning staff access change check notes wednesday re personal cur bun la cur intra sector cur area mas pm personal cur bun cur la program conform program,Hardware,Access,0.26661590474537744
acceptance criteria to be editable at story level acceptance criteria editable story level,HR Support,Hardware,0.2662488610240702
turnstile not working turnstile working dear turnstile left side tower working please investigate thank you administrator id image cd,Access,Hardware,0.26622477670853434
job titles updates wednesday july pm job titles update hi please job titles impression job titles were updated please let assist thank senior tester ext mob,HR Support,Hardware,0.26539745111047197
access to unit forecast required tuesday re unit forecast required approved side same level rights thanks pm unit forecast required dear head testing unit forecast please assist kind regards test consultant registered under number whose registered old broad street kingdom provide clients each subsidiaries separate entity has,Hardware,HR Support,0.26516848089293615
update pas wednesday pm hi update profile please her display thank,Miscellaneous,Internal Project,0.26496251082808076
notification maintenance works on oracle fusion december pm re performing bounce december hello good side kind regards december pm performing bounce december hello please approve attached form schedule performing bounce december help rid issue users faced recently possibility reassign card best regards analyst,Hardware,HR Support,0.26475221018253964
decommissioned old hardware wednesday pm re hello out history sell good money clouding adapt hardware failure lose history thanks wednesday pm re way history lose history thanks wednesday pm hi please tasks dear decommissioned old hardware meet requirements create resources cpu please advise required resources take ownership migration regards engineer,Hardware,Miscellaneous,0.26470916305345643
list of buyer role employees buyer role employees hi guys please provide again employees buyer rights seems after upgrade few got role out sudden ensure role removed authorized changes please kindly thanks kind regards,Administrative rights,Miscellaneous,0.264647510730585
oracle requisitions wednesday pm requisitions hello transform po noticed requisitioning bus stands cannot create created other locations help much appreciated thanks content,Access,Purchase,0.2645142082301024
missing information for active directory information active directory hello please update information related active directory location job title job grade etc kind information give her rights platform thank design lead,Hardware,Access,0.2644143913309082
address set up friday hi asking want add accounts please help noticed requested thank best regards programme portfolio officer,Access,Miscellaneous,0.26387369225659235
en ooh reboot tuesday pm ooh reboot dear sd please call reboot due vulnerability assign queue short description order mitigate impact device passing traffic urges customers reboot appliances run affected versions software reboot appliance must performed prior days uptime after reboot appliance avoids encounter issue days days cluster days find link additional best regards engineer,HR Support,Hardware,0.2634491663015879
discuss set up discuss set up,Internal Project,Administrative rights,0.2627088900427612
printer not working hi printer laserjet stuck please assign thanks,Administrative rights,Hardware,0.26243662225613196
new project on thursday october pm re hi reason creating because short by february next starting december coming bench jabber hear decided close these positions manage somehow large number identified quite big tendency grow focused aspects rump down thinking about tool best has things ability create sort board where track status tasks identified upload maintain various skill matrix profiles possible opportunities resources probably other mention lot sensitive information which control by mid next close regards head testing date thursday october re hi please ask purpose manage discipline reason attempt rationalizing usage closed never redundant test focusing keep running smoothly better experience best head agile thursday october please create speed creation highly appreciated approve required regards head testing,Hardware,Miscellaneous,0.2623764076815974
stuck job sent tuesday stuck job hi have jobs seems be stuck status pending waiting for next available executor for hours can you take look thanks,Miscellaneous,HR Support,0.2621427188537383
for the collection collection thank dear second unsolicited same please addresses thursday december pm collection software developer,HR Support,Hardware,0.2608644758238317
profile for the wednesday november pm profile hi profile please let asap thanks much help senior engineer ext,HR Support,Access,0.26078033914891036
issues all agents are on make busy caller is on the line for more than seconds mail attached scenario agents make busy caller line for less than seconds expected behavior caller hears greeting seconds if caller stays line for more than seconds call transferred secondary if caller stays line for less than seconds hangs up call should be listed abandoned reports actual behavior call was transferred,Hardware,Miscellaneous,0.2605794879787392
please me access to create announcement pages on the new hello please advised currently unable create announcement pages care error receive sorry site has shared attached please kind create required thanks,HR Support,Access,0.260107767997151
delete dashboards wednesday march pm cleanup boards dashboards delete please help replace lead delete boards sign off test delete dashboards dashboard old created by thank,HR Support,Hardware,0.2594337826844015
customize modified dear modified sites thanks best regards tester,HR Support,Hardware,0.2591517460724555
import new job details for belgrade staff thursday pm re hi agreed reference date job title which st mentioned order perform import please provide information excel file hi please log assign queue import job details thank kind regards analyst hi guys perform import job details st order capture please let provide order import enough reference number rest details job remain same thank wednesday pm hello moved location please added other where needed hide old selected valid provide applies information updated individual records regards,Hardware,HR Support,0.25832541204157833
vs employee locator vs dear eel please investigate has started active eel yet thank planning officer ext,Access,Miscellaneous,0.2579196784460326
fake as requested fake requested hi please addresses transfer mobile thursday december pm re fake requested per hi please kind regards december re fake requested per hi source has forwarded trough which seems origin well thursday december pm re fake requested per thanks well written attempt fraud compromise going share entity representatives continued awareness kind threat entries added filters regards december fake requested per head director,Hardware,HR Support,0.2578900418119
assets status tuesday pm assets status hello please assets deleted persist ad regards technician,Administrative rights,Miscellaneous,0.25780317830593275
re client manager permission pas re client permission approved phone date client permission hello client permission thanks,Hardware,Internal Project,0.2568812364313141
to space for hi please interview tomorrow he december thank,HR Support,Hardware,0.25638235380936314
po copy not generated for sent monday po copy generated for hello appears we raise for generate document when approved but rather error please original notification can please be investigated kind regards,Hardware,Purchase,0.25610103015732494
help needed report on entrances wednesday february pm re help needed report entrances please note information february thanks wednesday february pm help needed report entrances dear please report entrances based badge colleagues thanks lead,Hardware,HR Support,0.255952557313728
new please consider also equipment same file thanks sent thursday november dear please ask for quotes for items attached file necessary for installation thank you regards lead ext,Hardware,Purchase,0.25569483832481527
legacy question friday july pm legacy question hi please testing scenario thanks analyst friday july re legacy question multiple po old legacies costs continue arrive once date costs automatically structure please test scenario respective these results continue decision making thanks head thursday july pm re legacy question hi legacy date which means remain costs against visible future entries kind regards analyst thursday july pm legacy question hi please once deactivate legacy costs booked po approved legacy kind regards head,Hardware,Miscellaneous,0.25534933441030616
quotes for its project tuesday quotes hi please log bellow thank administrator july quotes hi guys quotes please switches console console also requires installed sovereign spitfire give options quotes available thanks mo senior infrastructure consultant,HR Support,Hardware,0.2541541313559744
policy settings check tuesday pm policy hi ask relevant probably mobile devices please has mentioned afternoon his android device displayed saying update lists remote administrator rights rights setting existed kind regards information compliance officer extension,Hardware,Purchase,0.25409332736776374
to wednesday pm hi give client please thanks regards architect information,HR Support,Hardware,0.2540067702124576
access rights july rights hi cannot connect received control failed please rights thank software tester,Hardware,HR Support,0.2532827175856309
documentation billing documentation billing hello please where documentation contracts module hello please assign thank best regards tester,Storage,Miscellaneous,0.253087923823795
policies missing for policies hi friday results noticed he comparing write write missed policies please investigate he included policies assigned correctly him he needs resources regards,Storage,Hardware,0.2520838155095642
new pm dear please create name accessed also myself administrator followings part thanks,Miscellaneous,Access,0.2519957409458882
delete host name wednesday july pm delete host name hello two host which points same please delete kind regards engineer,Miscellaneous,HR Support,0.25193345262372574
removal from project november removal hi please allocation leave requested which needs signed off by instead thanks regards architect,HR Support,Internal Project,0.25180657238403226
low space on drive wednesday cleaning drive hi inform had problem cleaning drive colleague helped sort out please consider closed appreciate,Miscellaneous,Hardware,0.25177504420860575
submitted expenses tuesday pm submitted dear way view expense reports which submitted thanks registered under number whose registered old broad street kingdom provide clients each subsidiaries separate entity has,Hardware,HR Support,0.2505004449977926
oracle unable to add bench records for today and tomorrow unable add bench records for today tomorrow hi unfortunately can enter records st onwards for bench code bench task details bench you can find attached looks like reached expiration date kindest wishes senior applications engineer en,HR Support,Internal Project,0.2502182883290015
mass nj ny staff thursday pm mass nj ny hi somehow sits received well please ensure appropriate employees these two addresses thank best administrator nj,Hardware,Miscellaneous,0.24930740211902355
problem with logging to sent friday problem with logging hello have changed password few days ago after can regards head testing belgrade,Hardware,HR Support,0.24929826831875115
access bid vault wednesday october pm site bid vault etc urgent hi please ensure sites please important he needs pipeline etc him today please he take him these sites thanks history forms head,Internal Project,HR Support,0.2486249013233456
missing timecard notification sent hi data for for below dates dates did enter before can you what happened pull data back thanks person number country manager job discipline grade assignment person date senior engineer senior engineer applications belgrade senior engineer active senior engineer senior engineer applications belgrade senior engineer active senior engineer senior engineer applications belgrade senior engineer active senior engineer senior engineer applications belgrade senior engineer active senior engineer senior engineer applications belgrade senior engineer active senior engineer senior engineer applications belgrade senior engineer active senior engineer senior engineer applications belgrade senior engineer active senior engineer senior engineer applications belgrade senior engineer active senior engineer senior engineer applications belgrade senior engineer active senior engineer senior engineer applications belgrade senior engineer active senior engineer senior engineer applications belgrade senior engineer active senior engineer senior engineer applications belgrade senior engineer active senior engineer senior engineer applications belgrade senior engineer active senior engineer senior engineer applications belgrade senior engineer active senior engineer senior engineer applications belgrade senior engineer active senior engineer senior engineer applications belgrade senior engineer active senior engineer senior engineer applications belgrade senior engineer active senior engineer senior engineer applications belgrade senior engineer active senior engineer senior engineer applications belgrade senior engineer active senior engineer senior engineer applications belgrade senior engineer active,Access,HR Support,0.2483903073953042
set up hello has has simplified changed order needs today thanks,Purchase,Hardware,0.24776400685878033
access to links to update tools links update tools hi link update builds tools android studio entire useful thank best regards senior developer,Administrative rights,Access,0.24731605290479197
grooming board and pm grooming board hello working currently board want grooming board refining stories prepare ahead currently please help create please let information require comply thank lead,Access,Hardware,0.24727394611890333
access hi kindly ask provide until received two credentials pin code activate swivel mobile app order best regards tester,Internal Project,Hardware,0.2471021848830297
sales printer to be added to the printers list thursday pm printers dear kindly ask printer added printers assess working ask kindly provide instructions how install printers circulate everyone thank,HR Support,Miscellaneous,0.24683736596567182
cancel cancel hello please delete thank engineer,Miscellaneous,HR Support,0.24569109049832077
update explorer favorites bar wednesday pm update explorer favorites bar hello please update explorer favorites bar obsolete items thanks,Hardware,Miscellaneous,0.24403152592033103
allocation tuesday october pm allocation hi part changed today must added please assign thanks,Purchase,Miscellaneous,0.24343101417493332
admin hello cine pee thank,Access,HR Support,0.24340749825779853
pro wednesday february pm pro pro mine la tester,Hardware,Access,0.24249352877626354
review assets with type not defended december pm review assets type defended dear please assign review assets type defended senior consultant,HR Support,Administrative rights,0.2416148455691377
cleanup temp file from pc tuesday pm cleanup temp file pc hi please help cleaning file pc thanks thanks ext mob,Storage,Hardware,0.2411481570060666
board configuration board configuration hi please assign please board filter columns thank,HR Support,Miscellaneous,0.24070912771742256
access to turners server hi please granted addition folders listed locations deploys test thank kind regards software tester ext,HR Support,Hardware,0.239845165512012
restrictions wednesday pm restrictions hi re public client azure where bastion setup environment ports restrictions around cheers digital upcoming leave,Hardware,Internal Project,0.23983655868943127
new address friday pm dear yearly dinner event next possible create thanks lovely weekend br main main,Access,Hardware,0.23483139686347415
set july hi received morning looks bit dodgy wondered out thanks kind regards july,HR Support,Hardware,0.2337615578465856
lost access to oracle please restore access for for integration framework users seems does have access data what roles should have access data thanks sent monday re integration data extracts clarifications hi we can use same server for prod we create one folder for prod under directory extracts entities internally refer tables we cannot directly query for entities you can navigate fusion application can underlying query for navigation fusion application data data loader view entity details query for shown below you can view underlying tables used for entity,Hardware,Storage,0.23357799196710238
suspicious mail tuesday march pm suspicious hi received attached unsolicited unknown source please let thank senior developer,Internal Project,HR Support,0.23290654358114105
admin hi make administrator board thanks senior id image,Purchase,Miscellaneous,0.2315210699387502
help setting the pin code for march pm re starter extension dear thank kind having troubles greatly appreciate assistance folder please add tower st printer enable easy scanning process please give tower st color printer please include assistants asking warmly update assistants where pin phone extension thank hoping prompt senior administrator friday march pm starter extension hello please informed has created assigned extension per example please find guide usage make calls via further assistance please hesitate contacting kind regards analyst ext hub information confidential legally privileged intended solely addressee opinions expressed mine necessarily represent opinions susceptible interference intended recipient disclosure copying,Hardware,Storage,0.23115799761318265
reject and oracle issues tuesday reject issues hello reject period also please help errors he unable book his moment regards,HR Support,Miscellaneous,0.2295460055883216
yammer conversations not appearing one com practice saturday february pm conversations appearing hi please make conversation looks today conversation appearing thank,Hardware,Miscellaneous,0.22940618521742714
request update account to be able to send messages from the name of am support team update messages name dear please update messages name currently receive error given privileges regards senior engineer,Miscellaneous,Access,0.2287106342912729
request for new sections wednesday november pm sections hi please log thank wednesday november pm re sections hi working ask enable done stories tasks bugs please thanks,HR Support,Hardware,0.228632152468489
creative cloud all renewal october re creative renewal hello attached creative please advise thanks,Miscellaneous,HR Support,0.2244041370945101
delete assets wednesday pm delete assets hi guys please que delete assets recycled best regards engineer ext,Access,Miscellaneous,0.21791775560582127
sync sync hello please advise kind regards engineer sync head holidays coming october october,Access,Miscellaneous,0.21704047424435777
access to pm hi please give owner permissions site regards registered under number whose registered old broad street kingdom provide clients each subsidiaries separate entity has,HR Support,Storage,0.21341254442285873
software tuesday pm software hello wondering has mocking tool mockingbird sketch appreciate required once recent regards senior tester information,Administrative rights,Hardware,0.21292247226216826
mails are disappearing from the mails disappearing randomly called she advised she cannot find mails sent her by her colleagues attached you find example such example forwarded original one somehow disappeared even when searching through her have re created her profile repaired searched for or surplus re indexed her mails disabled forwarding rules,Administrative rights,Miscellaneous,0.21258616159758884
expenses app tuesday pm app hello please issue app thanks digital product strategy,Administrative rights,Access,0.21181156681816232
new board con merchant portal board hello please creation board con merchant assign thank much kind regards analyst,Access,HR Support,0.21134614201400584
copy of for copy dear please assign thank kind regards analyst,Miscellaneous,HR Support,0.2111301412548528
responses to be imported from re responses imported thanks gap chart detailed satisfied satisfied also charts loading,HR Support,Miscellaneous,0.20918406741095616
anti bribery policy new version for thursday october pm bribery policy version hello bribery policy attached please version replace version locations thanks,Administrative rights,Hardware,0.2035350004802707
sharing filter with the project sent thursday february sharing filter with hi can you please help with allowing him share filters with seems does have option anymore thank you master analyst,Storage,Hardware,0.20349260390735516
not enough rights on portal com tuesday pm enough rights hello got rights install thank best regards engineer,Storage,Access,0.19495732496469395
oversized attachment request for information tuesday pm oversized dear please advise how oversized mb thank kind regards sox controls,HR Support,Storage,0.1871787043555323
