text,true,pred,confidence
transfer request oracle tuesday october re next steps regards director october next steps hello please assist completing transfer form kind regards analyst ext hub thursday october pm re next steps hello kind reminder help transfer form great administration officer re next steps hello please advise updates thank analyst community builder ext hub tuesday october pm re next steps hello please help by filling transfer form added zone which please kind fill entire form thank administration officer re next steps hello waiting transfer form make changes accounts best regards analyst community builder ext hub friday pm next steps hello per please transfer entity transfer date possible otherwise also transfer beginning st please let steps doing thank regards friday re next steps cum rand ii ca head architecture inca la la si pus si si la si si parte va la la rand interim head interim head architecture multi si ca ii la hands ii se si va tot si discipline ne cat va si va fie si va next steps va spun ca mine si si va la si zone si si care spun ca si va ca si ca la si si ales bun nominal spun ii care inca si care ca vin si ca mentor si ca va si logistic ca head fie si ca head architecture fie tot ca si success si se si continua si ca ca si ca va drag si ne face ca programmer ca si tot face ca si va inca octet ca programmer signing off head architecture,Hardware,HR Support,0.9994802
access to july pm hello tester tried connect said please regards automation tester,HR Support,Hardware,0.9993824
please add to to integrated planning thursday pm integrated planning hello got today did hunch thanks thursday pm integrated planning dear doing well contacting regarding upcoming integrated planning which scheduled amsterdam please find attached event agenda great combination experts over sharing views interactive study presentations workshop panel discussions key topics discussed reassessing role organizations how push process continuous improvement big enhance demand driven forecasting planning journey towards maturity predictive how planning take advantage more panels comprised senior professionals several years experience manufacturing prestigious companies more event link parity sop integrated planning currently running bird discount event price valid until friday questions feel free directly otherwise expecting professional feedback colleagues amsterdam best regards coordinator corporate parity parity,Storage,Hardware,0.9993642
access to files tuesday pm hi please give thank,Storage,HR Support,0.99934727
annual adjustment users move to pm annual adjustment users move hello please generic users annual adjustment moved kind regards application developer,Miscellaneous,HR Support,0.99933773
service support description pas re description la hello please location thank respect thursday october pm re description pot link se pare ca merci thursday october pm description hello prepared draft description appreciate bring inputs document suggestions require additional clarifications please let also schedule call over details thank,HR Support,Hardware,0.99931645
po tuesday december pm po keyboards scattered over blame please create replenishment him his supporters please perform intend delivering remaining keyboards by thank administrator phone,Hardware,Purchase,0.9993073
update and connections service now with technical update technical,Administrative rights,Hardware,0.99929094
welcome day access to october dear friday colleagues since badges please help meeting rooms cafeteria during follow st departure st departure departure departure thanks help,HR Support,Hardware,0.99924314
enable line management configuration oracle enable configuration dear think options related transfer reports menu available please help sort out meanwhile holidays directly allocate colleague regards,Miscellaneous,HR Support,0.99921846
access to net october pm hosting bastion hi member please provide hosting bastion also include ad hosting ad thank technical consultant,Miscellaneous,HR Support,0.99918944
impediments at logging time impediments logging hi activity deleted delete more than takes almost minute thank,Storage,HR Support,0.9991641
access thursday july pm hello cannot kind regards developer,Hardware,HR Support,0.9990527
ram from leavers from leavers hello please split nine tickets each person queue thank engineer leavers hi several members leaving had additional added take back make available coming whom needs removed left regarding receiving available ones person needs more requests come later please help thank,HR Support,Hardware,0.9989876
request for conference code friday july pm code hello code order via thank much best regards cs tester,Hardware,Internal Project,0.9989537
problem with virtual machine sent thursday problem server se abs problem tome st one se ne se,Administrative rights,Hardware,0.99894685
changes thursday march pm re changes hi please kind help assistance needed side let thank thursday march pm changes si bench va ca la pm care va senior analyst,Miscellaneous,Hardware,0.99892116
form amendment form amendment hello could you please be kind log ticket assign appropriate for below quality form incorrectly marked trigger id record needs modifying fatal error currently marked needs be modified since form was submitted december please ensure record correctly updated scores recalculate for month order reflect reality kindly let know when completed scores recalculated accordingly moment overall score we can amend personal records reports well let know if you require further assistance gladly help thank you sent tuesday form amendment hello please be kind assist with correction form was generated for ticket was marked with fatal error however incorrect with blessing please be kind take following action with regards fatal error field currently fatal error should be fatal error also kindly ensure records updated correctly scores updated well impact negatively overall score per per individual thank you kind regards specialist en ext,Miscellaneous,HR Support,0.9988967
unable to use spark desktop for client meetings sent thursday february investigation unable use spark desktop for client meetings teams floor dear did something change last days because we cannot use anymore spark desktop version everything was perfect until yesterday thank you best regards agile manager next annual leave february,HR Support,Hardware,0.99885297
new starter access card enabling bucharest friday pm se va va ne si el va va la specialist blvd floor district,Access,HR Support,0.9988451
and pas account update thursday pm re urgent update hi please help thank wednesday pm urgent update hello little housekeeping done created against opportunity called opportunity link opportunity id please transfer known pipeline currently against client titled opportunity against opportunity unclear please feel free reach out understanding must swamped requests please treat matter urgency,HR Support,Internal Project,0.99883753
unable to setup account re notification for was trying setup got following error qui ones senior manager bogota sent monday notification for importance high for dear part continuous improvements supporting tools have received access for product please be advised your action be required order activate use for order make use please make follow attached setup guide look up product details features use for governed by usage policy kindly make you understand contents prior signing up for use should you require assistance setting up for your computer after going through setup guide please raise ticket via or we gladly assist thank you kind regards ext,Purchase,Hardware,0.99882907
adding generics for start up project codes sent thursday november adding generics for start up codes hi please could someone your check why cannot add generic member codes seem like does display option for them maybe matter access rights added generics for them round but would like make available directly them for future rounds please log ticket thank you sent thursday november re grade si start up ca regards sent thursday november grade si start up sa ne si sa start up sa face forecast si member generic sa ne grade si si grade engineer si technician officer,Internal Project,Hardware,0.9987746
access to vacation file hello please module also needs work her vacation regards leader,Storage,HR Support,0.998733
trunk usage statistics during one week trunk usage statistics during dear please assign prepare short excel diagram number usage trunks provide short training how these effort book problem code thanks senior consultant,Internal Project,Hardware,0.99868494
now account chow chow,Miscellaneous,Access,0.99865496
fill thursday pm kind hello starting st until december leave pre si post natal great help automatically sheet order myself every makes sense doable thanks,Hardware,HR Support,0.9986098
remove absence july re rejected hi please days holiday sheet thanks regards head testing mob july rejected hello everyone assistance required please let gladly help specialist ext hub thursday july re rejected hi although client pm agreed book working kind regards july rejected hi had holiday work regards head testing mob,Hardware,HR Support,0.99859494
change patch cord change patch cord dear patch cord connector defected help replace,Hardware,Miscellaneous,0.9985826
set a new availability date for and re errors task details hi help issue regarding these two codes bench told availability date these codes enter timecards these codes until july thank,HR Support,Internal Project,0.99857414
no from com hi one our suppliers contacted by phone because send by him getting through sent our supplier for licenses can you please check why we receive form him thank you administrator,Access,Hardware,0.99856734
assigned re equipment thanks returned back pc got please,Miscellaneous,Hardware,0.9985513
new discipline name wednesday pm discipline name hello discipline strategic growth which change corporate please strategic growth selected going forward retained history add corporate job details record has discipline let regards,HR Support,Miscellaneous,0.9985455
oracle time card card hello guys understood submitted has approved meantime shifts changed by possible order make changes thank kind regards analyst,Access,HR Support,0.9985366
oracle maintain absence records issue sent july maintain absence records issue hi had submitted annual leave for period one line manager manager neither neither did receive any notification approve request attached you can status last request approval required another interesting thing previous request also approval required but requests where approved ago could you please take look tester,Miscellaneous,HR Support,0.9985342
access to mail hello please add starting november join talked decided good receive additional information date thank help kindest regards,Miscellaneous,HR Support,0.9985166
com thursday october pm re please hi add also ask identify attached document contains kind similar future mind various engines by finds file clean because file saved seems provided body effect encrypting content malicious script code strong which engines cannot break cannot find file better remind think never document file unexpected where document included by way file means also cannot file malicious embedded malicious code malicious starts run opens doc enters kind regards october please hi please analyse attached kind second receiving shift delete after speaking think report filtering review possibly signatures attached file thanks senior infrastructure consultant,Internal Project,Hardware,0.9984615
re access oracle test re access test hi still cannot access test instance thank you regards accounts receivable accountant sent wednesday access test hi please access test instance test faces null ctrl thank you regards accounts receivable accountant,HR Support,Hardware,0.99844724
access to hi forwarded element inside which thanks re velocity campaign hi please find video walks existing experience positioning chat help cheers head id image engineer velocity member id profile delivering exceptional agile execution model,Hardware,HR Support,0.9984457
amend account type thursday pm amend type hi please change type client prospect locked editing thanks thursday pm re please help figure out these clients ours survey date thanks re think marked prospect each bid response regards,Miscellaneous,Access,0.9983909
pixel on live tuesday july pm pixel hello please queue thank july re pixel hello activated pages mentioned want please let best regards tuesday july pm re pixel hi please turn within these pages more locations location pages example locations central etc think forms let test thank best date tuesday july re pixel hello pages want activate pixel also forms please let which filled thank tuesday july pixel hi please enable pixel environment test active campaigns way gather much more audiences thank best,HR Support,Hardware,0.99838877
account overwritten friday november pm overwritten hello overwritten originally created please update modify perform other changes let thank administration officer,Miscellaneous,Access,0.9983796
virtual machine setup sent friday virtual machine hello tried install laptop using but get error vt disabled there with error attached can you please help changing bios settings thank you,HR Support,Hardware,0.998365
com domain registration registration hi please log change order add records related logged by thank let require other details side kind regards leader,Purchase,Miscellaneous,0.99834096
access to pas for read only access wednesday hi kindly provide update asap immediate attention resolution much needed highly appreciated head re hi scenario deal big pool different individuals every ensuring guess has supervising taking responsibility actions contractual commitment regarding confidentiality indemnities against damages arising then approve creation shared caveat log assigned make restriction prevent logging etc means cannot log other screen keyboard also shared comply policy requirement changed least every days think pain believe much other find random generator excel spreadsheet randomly tips creating strong passwords guide setting more memorable based words biggest concern about personal auditors accessing future view personal part activities restrict view without preventing doing job guess question yet issue fin module contains details stage backwards step think best way subject future requests ad sounds contain ad accounts existing auditor per also spare allocated auditor please interactively screen keyboard computer other kind regards re hi thanks help highly appreciated permanent auditors consist these two auditors more big pool different individuals every want created these two because ongoing process were different called these plus more future etc efficient way mobile enable while traveling locations kept by let under supervision clarifies matter head re hi perhaps generic wrong word better known shared by more than person must known more than person generic shared interchangeably which perhaps help members employees own folders different required level auditors must given via individually assigned accounts effectively becoming contractors supervised by supervising efficient appreciate member conduct activities separate want separate two own same user simultaneously auditors must gain agree temporarily permanently assigned hand along individually assigned log relevant how two auditors accounts other auditors similar term short periods sounds longish term please create accounts two auditors suggested await then suggest create ad called add two auditor accounts give relevant dedicated folders ad accounts created other auditors members added same give same required sounds two auditors engaged duration disable date yet kind regards re did ask generic constantly by myself bounded has right within purposes head re hi keen providing generic shared providing named accounts auditors fine await possible provide these accounts sayst possible whichever site auditors folders where stores client contracts obviously these accounts activated period needed probably extended days times then disabled required these course has also spare auditor hopefully available contingent please ask generic accounts critical especially by parties fully supervised which well work supervising party computer logged supervising party think auditors mean understand importance associating even individuals performing realise how inappropriate generic let how these user accounts needed please kind regards information compliance officer extension importance high hello please provide believe requires generic auditors kind regards analyst ext tuesday wait importance high hi kindly give create by various members guest designated also provide which remain also require kindly arrange asap middle work contracts information urgently immediate attention highly appreciated head await re hi haven got purpose requested same well let issues regards await re thanks id give then wrote hi provide id thanks re provide ad user ids copied also wrote hi auditors ensure executed copies contracts etc provide give trail ensure updated records regards ext mob glee zone,Access,Hardware,0.9983209
add somebody to add somebody hi kindly ask add billing billing thanks best regards,Access,Miscellaneous,0.99830794
pas hi please unit levels update figures currently accesses writing well thanks programme portfolio officer,Internal Project,HR Support,0.99827385
time sheet approvals october pm sheet approvals hello please move sheet also same change needs sheet thank regards leader,HR Support,Miscellaneous,0.998273
access to unit forecast required tuesday re unit forecast required approved side same level rights thanks pm unit forecast required dear head testing unit forecast please assist kind regards test consultant registered under number whose registered old broad street kingdom provide clients each subsidiaries separate entity has,Hardware,HR Support,0.9982614
learning management system complete self assessment guide received mailbox,Hardware,Storage,0.9982382
team mail wednesday pm hi please create folder named comprised thank officer,Miscellaneous,Storage,0.9981852
new organizational unit request belgrade customers users hi created order add user accounts created users per procedure thanks,HR Support,Access,0.998171
issue issue hi guys need delete draft contract annex we can push through for approval contract id dc when we try gives message file only won delete can you please advise help around cheers manager,Hardware,Miscellaneous,0.99814653
roaming ad no longer required pm re roaming profile ad hello please ad delete roaming profile kind regards roaming profile ad hello updates thank analyst community builder ext hub friday roaming profile ad dear performed ad accounts yours containing roaming profile please advise setting roaming profile ad please provide justification looking forward hearing best regards analyst community builder ext hub information confidential legally privileged intended solely addressee opinions expressed mine necessarily represent opinions susceptible interference intended recipient disclosure copying action taken omitted taken reliance strictly prohibited unlawful received error attachments,HR Support,Access,0.9980882
assignment to thursday february assignment hi please help assigning her absence schedule calendar vacations flow she allocated thanks,Miscellaneous,HR Support,0.99806625
for it equipment catalogue needs to be updated thursday march re equipment catalogue needs updated hello please link shopping shopping please update form thanks thursday march equipment catalogue needs updated dear please advised realized equipment catalogue old works thank much kind regards analyst ext hub,HR Support,Hardware,0.99805224
raid controller module replacement controller replacement raid controller module replacement controller replacement hello please raise low incident for raid controller module replacement moment controller works with module supports maximum one disk third party did bring last saturday module supports disks controller replacement controller was brought last saturday was faulty card issue going schedule change for saturday for physical replacement third party be thank you engineer managed phone,Access,Hardware,0.9980432
appointments massage chair approval flow wednesday july pm appointments massage chair hello ask help make flow booking massage chairs thanks,Hardware,Miscellaneous,0.9980331
mailbox access new tuesday july re hi please find filled pp configuration plan doc kind regards mobile july hello please provide kind regards analyst ext july pm hello please provide users sources he allocated part added loop thanks lead registered under number whose registered old broad street kingdom provide clients each subsidiaries separate entity has,Hardware,Storage,0.99800974
error when submitting urgent original message sent july re error when submitting urgent hi sent but ticket kind regards senior server infrastructure engineer managed mobile sent july re error when submitting urgent did you get logged ticket with planning officer infrastructure upcoming holiday none please consider environment you really need print sent july re error when submitting urgent hi there any update unable submit for rd july th july get same error for weeks kind regards senior server infrastructure engineer sent july re error when submitting urgent hi able save changes but when submitting get following error kind regards senior server infrastructure engineer sent july error when submitting urgent please below kind regards senior server infrastructure engineer sent july re one drive cr hi could you help kind regards senior server infrastructure engineer sent july re one drive cr hi should be working technical programme manager planned holiday th return monday th sent july re one drive cr hi still can add kind regards senior server infrastructure engineer sent july re one drive cr thanks kind regards senior server infrastructure engineer sent july re one drive cr added retain we can discuss details with when back technical programme manager planned holiday th return monday th sent july re one drive cr hi there should be unused days remaining retain updated five days implement change phase remaining users days for any additional work mon rd july th july be fine kind regards senior server infrastructure engineer sent july re one drive cr last one can you please let know days each week you need complete work including past starting st july until you think you be finished then two things enter retain update confirm with when back about total cost for technical programme manager planned holiday th return monday th sent july re one drive cr hi was split into two phases by phase test groups phase remaining users work included creating guide guide sessions requested by kind regards senior server infrastructure engineer sent july re one drive cr was what you doing july there booking retain getting some lunch but be easier have call little later unless you can send help thanks technical programme manager planned holiday th return monday th sent july one drive cr hi kind regards senior server infrastructure engineer sent re one drive cr shall sent re one drive cr hi could you please move unused days forward retain can book for week kind regards senior server infrastructure engineer sent re one drive cr mate can you changes for test friday cheers sent re one drive cr change with cab kind regards senior server infrastructure engineer sent one drive cr importance high hi noticed peer review task closed good there but can kindly ask why cr draft would mean reached yesterday cab would lead delay kind regards infrastructure manager mob ext en address street center,Hardware,HR Support,0.99794036
critical cannot access her computer thursday october pm critical cannot her computer hi cannot log her anymore her has expired she change please help her sort out please note vital due role analyst product owner thank,Access,Hardware,0.9979032
new employees available oracle new pas wednesday october employees available hi please make available employees belonging thanks floor blvd district,Internal Project,HR Support,0.9978999
software licence software licence hi require licence software experienced issues built zip facility currently update package deployments tool investigating approach package modification until tool required regards build release,Administrative rights,Access,0.9978668
problem logging oracle problem logging hi have problem logging application order working hours enter credential right side nothing happens thank you click here find out more about experience specialist mobile blvd th floor district,Hardware,HR Support,0.9978625
wireless th floor wireless floor hello kindly ask review wireless cause today download app testing comes blocker whole floor test engineer,Hardware,HR Support,0.9978611
wrong caller name for wrong caller name for hello please log ticket was called by but caller looks be someone cheers application engineer,Hardware,Miscellaneous,0.9978415
add at drive on db server tuesday december pm re procedure error hello please add drive order make task kind regards senior engineer thursday december pm re procedure error hi create column increment true then constraint thank application engineer tuesday december re procedure error hello please inform delete column primary key because same won allow create mentioned index without duplicate key find columns primary key find trigger insert same same kind regards senior engineer december pm procedure error hello please advised referenced has logged has assigned queue kindly assist best regards analyst,Hardware,HR Support,0.99774337
computer out of order sent tuesday march computer out order hello computer out order yesterday march today guys change respectfully,Purchase,Hardware,0.9977416
approvers report approvers report hi could you please rise ticket for below assign for reports thanks hi sorry for delay we investigate issue possible best regards application engineer sent wednesday re approvers report hi guys sorry push but there any please tanks kind regards sent monday approvers report hi have some good after playing for few weeks with pending report looks like report does bring data older than there any you could please have another look thanks kind regards sent friday approvers report hi created template report below image could you please check if you have any suggestions report structure contact best regards application engineer sent monday approvers report dear can you please let know if there way produce report would display current approver with whom sits days sat their queue would be real help if we could build one hi could you please kindly log ticket with our thanks kind regards,Hardware,Miscellaneous,0.9977028
service now service close codes review pm hi guys seems tm engineering has close codes other than none snow investigated please thank monitoring engineer ext,Miscellaneous,Internal Project,0.9976941
close and archive site for thursday november pm re migration hi closed migrate please archive close site kind regards migration hello move beyond beta phase excited site transition site which launched st old records show site owner receiving site transferred please close down otherwise please continue reading transfer old site think where files find description where files placed hub content employees locations content events reference links disciplines content links files profiles connected official disciplines practices content links files profiles connected official practices functions functions sectors content files profiles connected sectors links toward accounts hub content files profiles connected accounts links toward please note site bit slow working make better weeks drop let where site located under function site name site old let change after site owners location where want upload files site transfer relevant editing rights also guideline upload yourself recommend upload relevant files delete rest download create archive next two weeks files old afterwards old become two weeks means unable change upload files download moment finally after date proceed closing down kindly note deadline site file transfer october enjoy browsing looking forward thank kind regards ext hub,Storage,Hardware,0.9976866
downloading copies from setting is not available si cum pot important view ribbon la library si ca owner folder merge individual oh god merge file explorer si merge ti pot ca ca la ah se la cine si owner tot ca la super si pot si la se,Storage,Hardware,0.99766845
account hi cannot log well thanks kind regards main main,Hardware,Access,0.9976592
contractor extension and access required contractor extension required hello teams apologize contractor has locked out his his contract needs extended he working please help understand needs done extend his contract well him back his accounts work order needed please blank document complete importantly needs asap thank best regards specialist nj upcoming out dates december,Miscellaneous,Access,0.9976319
all buyers mail february pm buyers hello please exclude form buyers include she information thank kindest regards tester,Miscellaneous,HR Support,0.9975649
account request pm va la,Hardware,Access,0.99753916
access to october dear please took over part his responsibilities his old mails regards officer,Storage,HR Support,0.99746454
error with sent thursday error with hello please advise attached error trying change sales owner thanks best regards manager,HR Support,Miscellaneous,0.99746263
action required leave the windows updates issues re action required leave hi friday can leave laptop evening works sent friday action required leave hello our indicate you might still be vulnerable infections due updates we kindly ask you leave your laptop en during weekend can have look them apply updates please leave them either your or bring them over where can be retrieved monday failing apply these updates could lead infections manifest through blocked access files by encrypting them turn could lead commercial consequences for our thank you for your understanding analyst ext hub,HR Support,Hardware,0.9974445
add user to com wednesday february hello please add since months thank best,Miscellaneous,Access,0.99738055
weekly closed defect report wednesday march pm weekly closed defect report hello please thread please log advise reference number thank lovely best regards analyst wednesday march pm weekly closed defect report hello please arrange automated report stopped unsure recipient required thanks march wrote please find attached weeks closed defect report regards ref msg largest multimedia publishers award winning portfolio brands important notice attachments meant intended recipient also contain confidential privileged information intended recipient reliance disclosure copying attachments strictly prohibited please notify immediately by received by mistake delete attachments views opinions solely author necessarily represent companies hereinafter referred tm tm accept liability content consequences actions taken basis information provided information subsequently confirmed writing although every reasonable effort made keep free viruses tm accept liability virus transmitted by attachments recipient date virus checking software subject interception monitoring operational reasons lawful practices parent companies registered canada square canary wharf,Miscellaneous,Hardware,0.99736327
access share point thursday share hi please colleague share thank regards senior accountant,Storage,HR Support,0.99723095
new desktop hi guys please que build best regards engineer ext,HR Support,Hardware,0.9971915
undeliverable for com end sent monday october undeliverable logged direct dial request failed these or groups end your message delivered because recipient provider rejected,Miscellaneous,Hardware,0.99715316
issues synchronizing freezing,Hardware,Access,0.99713635
feedback question on the feedback question name rating suggestion help text editors were text especially comes feedback helps lot improve visual text by underline color words bullet lists etc especially visual helps lot thank,Access,Hardware,0.9971277
issues for sent tuesday february hello have given work instruction install but can log using kind regards senior server infrastructure engineer managed mobile,Purchase,Hardware,0.9971113
stuck job sent tuesday stuck job hi have jobs seems be stuck status pending waiting for next available executor for hours can you take look thanks,Miscellaneous,HR Support,0.9970994
request to delete assignment re delete assignment hi deleted assignment please hi please log thank kind regards analyst delete assignment hello contacting kind help deleting assignment please once has completed thank help kind regards ext,Miscellaneous,HR Support,0.99708444
oracle time awaiting withdrawal approval awaiting withdrawal hi had planned vacation which approved because unforeseen circumstances had cancel record awaiting withdrawal cannot enter regular please awaiting withdrawal record thanks,Miscellaneous,HR Support,0.99706167
access to am com shared mailbox friday re hi please confluence mailbox please create accounts credentials thank senior engineer,Access,Storage,0.9970464
switch os from to wednesday november pm switch os hi eel has test machine which prod environment machine requires cleanup continuous pipeline ideally format partition thank regards engineer,Hardware,Internal Project,0.99704105
new pas access for projects and clients october pm clients hi please clients belonging moment code thanks upcoming holiday october floor blvd district,HR Support,Internal Project,0.99703336
locked project field sent wednesday march locked field hi can access drop down for contact can you get touch with what problem thanks sent tuesday february re pre survey notification failure apologies hi contacts setup against however mandatory field locked empty you know how field gets published regards sent february pre survey notification failure apologies hi everyone apologies for mass sent you earlier pre survey campaign excel fields got mixed up you ll receive correct for your accounts we ll move process into we work with excel sheets anymore once again sorry for customer care manager,Hardware,Access,0.9970312
outlook error sent tuesday july error hi getting following error message there problem with proxy server certificate certificate trusted certifying authority please find attached for more details could you please help solve issue thank you software tester en,Hardware,Administrative rights,0.9970092
and access to pas wednesday march pm re hello after discussions seems needs please proceed thanks kind regards infrastructure tuesday march pm re hello per conversation over require requests please advise how proceed thread started topic looking forward hearing kindest regards analyst ext hub tuesday march pm hi guys please issue has tried different options log none seems working sorry hassle thanks tuesday march pm re tot single merge tuesday march pm re si single tuesday march pm re pus la next screen user si merge merge thanks tuesday march pm re la identity ti si tuesday march pm re merge pare ca user thanks tuesday march pm re tuesday march pm re si user name care la thanks tuesday march re hi please link thanks tuesday march re please link where log thank wednesday march re expect reminder friday safe side wednesday march re thanks think wednesday march re hi logged separate yesterday out yourself regarding opportunities checked cannot yet far fully configured yet pipeline keep posted thanks tuesday march pm re hi level level program level he understood possible him level level level level level level level two opportunities well please give well create later thank tuesday march pm re hi please clients sort out thanks,HR Support,Hardware,0.99697673
modify azure modify azure hello please log assign order add azure best regards senior engineer,Purchase,Miscellaneous,0.9969036
add to mail quarantine dear you have kb be deleted automatically after days you can change frequency these within your portal log,Hardware,Miscellaneous,0.9968727
access to all staff tuesday pm recipient hi please add thank best regards,Miscellaneous,HR Support,0.9968432
bogota access control software wednesday pm fwd control software hi please log assign activation begin forwarded date re control software hello install control software issue software running trial version license setup kind regards control software hi please advise install control software thanks kind regards officer,Administrative rights,Access,0.99683964
request for new headphones wednesday march pm headphones hi headphones old ones problem thanks software developer,Hardware,HR Support,0.99683076
change computer change computer hello for your information computer stopped work monday yesterday guys form give one respectfully,Hardware,Miscellaneous,0.9967931
access to mailbox mailbox hello please disable forwarding mailbox disable his required anymore thank regards leader,HR Support,Storage,0.99678695
status monitoring system delays on us server status monitoring delays server delays server monitoring you experience slowness survey taking or app we working get everything stable quickly possible appreciate your while we work towards resolution incident status status,Miscellaneous,Hardware,0.99676824
access to project for friday pm user hi joined working needs moment he receives error saying he permission please add him required groups ad mobile thank officer,Miscellaneous,Access,0.99674726
request for connection hello intern tester reasons work perform tasks by deadline ask allow thank best regards intern tester mobile,HR Support,Hardware,0.9967146
please set as project manager for project tuesday please importance high dear please except code thank best regards,Miscellaneous,Internal Project,0.9966396
new macs thursday october macs hi please add addresses machines thanks discipline lead,Hardware,Miscellaneous,0.9966049
info for hello moment has feature regarding advise migrate content old attached guidelines migration help hesitate best regards engineer pm re migration hi client accessing part site via content needs remain published via until whatever name term accessible content des move moved folder under hub hosting kind regards migration hello move beyond beta phase excited site transition site which launched st old records show site owner receiving site transferred please close down otherwise please continue reading transfer old site think where files find description where files placed hub content employees locations content events reference links disciplines content links files profiles connected official disciplines practices content links files profiles connected official practices functions functions sectors content files profiles connected sectors links toward accounts hub content files profiles connected accounts links toward please note site bit slow working make better weeks drop let where site located under function site name site old let change after site owners location where want upload files site transfer relevant editing rights also guideline upload yourself recommend upload relevant files delete rest download create archive next two weeks files old afterwards old become two weeks means unable change upload files download moment finally after date proceed closing down kindly note deadline site file transfer october enjoy browsing looking forward thank kind regards ext hub,Storage,Hardware,0.99660397
access rights to send to all staff october rights hi please rights members members thanks,Miscellaneous,HR Support,0.99656564
access to folders via calls mobile access folders via dear please could you help with following seem be unable make calls mobile phone cannot access files folders when using can access but then can access folders travelling next week require above by end week thanks head tax treasury,Storage,Hardware,0.9965655
list creation creation please thanks let additional information require chief digital officer,Access,Miscellaneous,0.9965327
metes missing sn caller field sn caller field could you please have look thanks,Miscellaneous,Hardware,0.9965166
internal audit forbidden software en sent monday forbidden software hi have checked report with forbidden software generated please find report here looks like there still some colleagues having games or based file sharing file store clients installed assets can you please send another reminder ask them remove these forbidden applications thanks,Hardware,Administrative rights,0.9964909
reporting access sent saturday november re awaiting your response access forget sent galaxy hello please be informed we checked you members could you please provide full file best regards engineer sent friday november dear have access for area where supposed help please,HR Support,Hardware,0.9964644
shutdown restart hardware tuesday pm re shutdown hi added she touch she did mention several tickets logged reached queue logged assigned thank shutdown hello appears window weekend haven seen requests needed down equipment usually needed gracefully down equipment bring equipment back again once completed thanks re shutdown dear building thing let thank re shutdown hi building thing made well gracefully down devices room event backup manually after kind regards shutdown fellow please advised scheduled electrical shutdown upon return holiday please make log phones again thank yours sincerely,Miscellaneous,Hardware,0.9964514
access to sent friday december la via,HR Support,Hardware,0.9964142
poll flow full status down poll flow full status down poll output partition flow over threshold,Miscellaneous,Storage,0.9963678
send rights to all staff pm dear let how proceed kind regards communications,Miscellaneous,HR Support,0.9963672
windows dual boot thursday dual boot dear machine special requirements by policies follow together dual boot installation thanks,Purchase,Hardware,0.9963393
retrieve unused hardware tuesday november pm upgrade query hello based please reassign unused regards technician tuesday november pm re upgrade query device virtual machine chief date tuesday november upgrade query hello upgrade devices received upgrade because inventory assigned device number please let decommission regards technician october pm re upgrade also chief,Purchase,Administrative rights,0.9963013
issues with sent thursday issue with when friday dublin edinburgh lisbon where meeting hi have issues with cannot join there more conf id can use join over phone please can you help tx,Administrative rights,Hardware,0.99622846
question guest wednesday october question guest hi issues guest wired issues connect client thank,Administrative rights,Hardware,0.99621034
needed outlook setup issue sent monday november needed setup issue dear could you please kindly create request per issue below assign thanks analyst sent monday november re needed hi have successfully installed suite but setup working according attached file gives information error could you please advice thank you test consultant sent monday november re needed hello had assigned license you please be informed license assigned you order use required licenses accounts should be used log portal enter your address when you go password field screen be redirected federation there please remove your address enter domain details your password you can download for portal also attach here guides for setup case please kindly let know if we can assist further kind regards analyst sent november suite for hi guys received pro but need suite could you please direct right location where could download what need most word excel thank you test consultant,Hardware,Administrative rights,0.99618596
account pm hi has left kind code his receiving his vacation requests want currently bench thank officer,Internal Project,Access,0.9961738
devices to be assigned tuesday july pm assign devices hi please assign devices galaxy note serial thanks software tester,HR Support,Purchase,0.99606824
please set up weekly complaint report notification wednesday november pm feedback progression please weekly complaint report hello please report weekly complaints opened name please name helps wednesday november re feedback progression hello thank detailed added comments maybe short discussion teach least best fastest solution weekly basis about complaints tickets name sorry did bit lost these reports information contain tuesday november pm re feedback progression hello thanks escalated complaints due lack apologies today were escalations probably took initiative after yesterday steering meeting looked number outstanding complaints clear escalated filter yet implemented both receive alerts attached complaint close breaching please were received probably receive these coming together other hundreds least option also complaints feedback owners tried find report did couple avoid future himself recurrent calendar appointment complaints he has issues taking priority he cannot follow schedule take part quarterly meetings good idea meanwhile commit updated report outstanding complaints owners older than slide added report received by work believe good report help speed handling complaints want outstanding complaints dashboard dashboard embedded true dashboard ca tab ca breakdown source element scroll bottom feedback owners outstanding complaints opened dashboard again cannot find ones name lot information let help mitigate risks progressed complaints tuesday november re feedback progression la ca complaints ca ca si la minimum pot ca ca ole object picture device independent wednesday re feedback progression hi discussed progress complaints within weeks provide feedback tickets outstanding complaints implement filter dashboard identify complaints kind regards appointment pm feedback progression wednesday athens where inspire meeting room floor hello appreciate reviewing how feedback handled during improve make please suggest meeting outstanding complaints id added date resolved date closed date forename surname summary category sub category sub category assignee escalation level low satisfaction score git feedback complaint sputa low satisfaction score phone meeting room feedback complaint sputa name change feedback complaint sputa low satisfaction score stash inability create user feedback complaint sputa complaint issue feedback complaint sputa low satisfaction score browser automation selenium feedback complaint low satisfaction score move feedback complaint sputa thank,Hardware,Miscellaneous,0.99606544
maintenance windows wednesday february pm hi want implement attached currently clients identified color coding follows client allowed change window client allowed change window client allowed change window client allowed change window client allowed change window client allowed change window cross accounts window single relevant warning messages displayed cr indicating planned date planned date both allowed also way track changes were done entirely partly example true false true implemented within change false date both useful populated based dates after cr implemented let questions about please raised thanks,Hardware,Miscellaneous,0.99592376
survey modifications service now point tuesday pm re survey modifications done starting hello guys thank kindly ask log each points initial separate requests keep log two additional ones please assigned these well discussed since second rd requests rather easy implement kindly offered help by friday morning more complicated needs analysis committing kindly ask further commitment performed other forums discussing high priorities working justification needed pile thanks kind regards leader tuesday pm survey modifications done starting hello has logged yesterday thank much kind regards analyst ext history reference history additional comments visible re survey modifications hello log assign discussed take implement due resources factor other priorities logged consultant fully allocated other cannot commit resolved by st best analyse accordingly provide thank thanks kind regards leader tuesday re survey modifications hello chat about think deadline bit short feel free convenience how requests take implement two working requests incidents right thanks leader pm survey modifications hello assistance modifications survey alterations made starting st please made survey triggers moment both generic triggers selecting tickets well triggers generic triggers triggers forms mailbox review reference triggers linked surveys please sync survey updated form instance please weight fatal error question survey please let beforehand please log call assign accordingly questions please let care additional comments visible re survey modifications hello chat about think deadline bit short feel free convenience how requests take implement two working requests incidents right thanks leader pm survey modifications hello assistance modifications survey alterations made starting st please made survey triggers moment both generic triggers selecting tickets well triggers generic triggers triggers forms mailbox review reference triggers linked surveys please sync survey updated form instance please weight fatal error question survey please let beforehand please log call assign accordingly questions please let care additional comments visible update task task assignment assignee owner closed complete work notes description survey modifications hello assistance modifications survey alterations made starting st please made survey triggers moment both generic triggers selecting tickets well triggers generic triggers triggers forms mailbox review reference triggers linked surveys please sync survey updated form instance please weight fatal error question survey please let beforehand more ref msg,Miscellaneous,Hardware,0.9959196
account ad account end of march february pm ad dear her march kindly asking extend her ad till march thank much kind regards administrator february ad hello date february advised purposes each calendar she needs her accounts active also her active confirmed currently reactivation process please further information assistance needed thank analyst ext hub february re hi allowed remain active without date least review date want requirement verified each calendar please please log trigger review requirement february she needs march confirmed then kind regards information compliance officer extension february hi checked since she trains take over her responsibilities she both thank regards administrator friday february pm re hi about accounts she well thanks friday february pm dear spoke kindly asking her extend her ad since she how log she needs possible without date thank kind regards administrator friday pm re hi has signed required disclosure agreement her ad re please again four weeks needed suggest february disable automatically date want prompt needed kind regards re hi thank signaling recommendation enable until signed assume notify enable thank hi please let re enable today after disclosure agreement has signed hold until received regards analyst ext hub re hi again got confirmation ad re enable her complete activities during also ask added ad re until st disable again required after st come back thread extended must also ask sign form additional disclosure agreement latest version modify wording slightly available next couple days then ask ask sign kind regards information compliance officer extension re hi leave disabled moment come back next action once heard back possible want continue allow because strictly speaking has retired she has resigned going off work competitor continued post retirement knowledge transfer continued least normal cases hence nature question watch update kind regards re hi please advised disabled ad did change sorted please let additional tickets logged order process accounts regards analyst ext hub re importance high hello far gather under contract then she bound by whatnot precedent other methods assuring adheres advise please input until matter resolved please ensure temporarily disabled perform other change her until clarified thank leave notice december thank kind regards administrator thursday december pm re hello please advised fill leaver form her tickets raised her disabled procedure please advise closing person after person has left permitted kind regards analyst ext hub thursday december pm dear forwarding post her resignation please copy further communication related subject order her confirmation regarding status order provide additional information thank regards received information about retirement delay she leave her terminated she available she needs communicate knowledge information upcoming period please let her won terminated thank kind regards administrator,Hardware,Access,0.9958889
can not log time sent thursday november re update starter hello far know colleague still some issued when she tries enter her for week could you please try get contact with her order solve query her name thanks accounts receivable accountant ext sent thursday november update starter dear further our recent communication we believe your below query resolved if you with resolution there need for response however please let know if we can be any further assistance matter please note interactions between clients regularly monitored order make high quality maintained reference number summary starter resolver resolution details membership start date profile description sent wednesday november re starter hello could you please help enter for week because still work for second week there was problem thanks sent monday october starter hello please be advised mentioned below issue tracked by our rd party provider individual fixes by our senior colleagues for each employee please retry enter your week or if there anything we can assist with please hesitate contact thanks kind regards analyst ext hub sent monday october re starter hello could you please help colleague she tried log her today but her side show same options mine please find attached what does shows when she tries log thanks accounts receivables accountant ext sent wednesday october starter hello your created if you report message for your st days without possibility enter code please let know note issue tracked by our rd party provider you be able log your properly only for weeks following your start date thank you for your understanding analyst ext hub sent wednesday october access hello kindly be advised there another ticket raised for we provide resolution depending workload we sorry for any inconveniences might cause colleague get back you with updates when available thank you for your best regards analyst ext hub sent monday october access hello could you please replicate access if you need additional information please let know regards accounts receivables accountant ext kind regards ext hub ref msg,Hardware,HR Support,0.99584574
oracle remittance advice issue thursday pm remittance advice issue hi please help query automatic run made submit process remittance advice employees informing employees did receive remittance has confirmed please advise possible remittances process followed additional information required please let thank accountant ext,Miscellaneous,HR Support,0.9958366
increase pm increase hi currently replaced according please help thank head,Miscellaneous,Storage,0.99582005
new cord friday november cord hi require cord received device cord provide european cable unit thanks best regards tester st center,Purchase,Hardware,0.99580634
new accounts for azure wednesday december pm re accounts azure platform comparison thanks about azure next step further information card required opening thanks wednesday december accounts azure platform comparison hello please advised discussed assist please let kind regards analyst ext hub please take few moments fill annual survey feedback sweet thursday december pm has assigned hello please advised record number has assigned please review details take appropriate action summary reference number details null choose template applicable please provide short description accounts azure platform comparison details please advise kind accounts has available number messages by devices cost azure professional licence guessing cost communication gateway how procedure starting december appreciate prompt replay regards add requested unknown location location please link kind regards ref msg,Hardware,Access,0.99573404
menu bug after upgrade to windows menu bug after upgrade hello after recent update noticed context menu right click explorer also bugged showing up properly please attached how context menu looks when right click something pictures with number name how looks after move through options picture with number name colleague same problem can you help with solution problem regards senior developer,Hardware,Administrative rights,0.99571985
for leaver wednesday july pm leaver hello please fill person left name period code task component type regular each working period code public holiday leave each thank bur software developer,Internal Project,HR Support,0.9956701
laptop battery change required battery change required hello hereby batter change due run down thank best regards,Miscellaneous,Hardware,0.9955914
new client into network client hello writing order arrived client by please find addresses thank best regards tester,Access,Hardware,0.9955355
full control for one site requested over control permissions order restrict item,Purchase,Storage,0.995535
password problem sent wednesday march password problem hello have problem with for connection failed then wanted again could access by password except for best regards accountant payable accountant phone,Hardware,Access,0.9954905
site tuesday pm site guys site plus accounts externals clients securely owner his back approver etc client director mob fixed zone registered under number whose registered old broad street kingdom provide clients each subsidiaries separate entity has,Hardware,Access,0.99546885
link log error link log error hi could you please help fix log problem referral tool tried several times with credentials but error displayed attached image occurs thank you administration officer,HR Support,Hardware,0.9954442
access to training tuesday pm training hi please add allowed thank vacation discipline lead,Hardware,HR Support,0.99538815
printer issue sent friday october printer hello had trouble connecting printer problem solved thanks,Administrative rights,Hardware,0.99537957
disk drive check thursday july verifying disk drives hello please log queue verifying spare disk drives thank kind regards engineer,Miscellaneous,Hardware,0.9953679
for thursday re setup dear please requested thanks kind regards engineer re setup hello please provide package technician thursday re setup add colleagues visibility well also since user waiting his configured package finish setup thanks kind regards engineer re setup cum se packet special care technician setup hello getting more more requests setting macs pretty clear procedures except which idea how where install think useful sort guide how please remember requested similar guide gave him thanks kind regards engineer,Hardware,Internal Project,0.99527955
mailbox user creation mailbox volume purchase plan apple apple profile push apple please,Purchase,Storage,0.9952604
your is ready tuesday thread ready hello guys believe legit poses thread cheers ready hello latest currently performed arc document thank,HR Support,Hardware,0.99524826
error error hi can you please reset for november also line manager be changed above thanks software developer,Miscellaneous,HR Support,0.9951363
root access to servers and wednesday july pm re users application hello has helped resolve issues even yet operational continue investigation come back more assistance needed works let asap meantime create since perform transition application having lot trouble configurations two staging production requested root engineer unfortunately he holiday root myself until configurations done please create based help kind regards senior developer wednesday july pm users application hello per discussion remain hold queue awaiting confirmation application side created has tested works fine please keep further details matter best regards analyst ext hub wednesday july re users application hello reason placed hold nor queue reason moving back attempt understand issue notes requester enough details available help thank july users application hi thank input placing hold awaiting final decision best regards analyst ext hub tuesday july pm re users application hello meeting tomorrow hopefully help unblock progress thank july re users application importance high hi deploy application root level permission needed provide root until app deployed configured after his facing important delays approach speed lot progress kind regards friday july re users application hi discussed looks working properly available needed moment please assign needed head also provided export error encountered please let thank july users application hi please input related present nor working application assistance finding out how deal query best regards analyst ext hub wednesday july users application hello application application going same purpose requires two purposes user needs application his credentials job run retrieve users storing database fast loading users please help users tried works about types users needed please further questions name user contain preference onwards kind regards senior developer,Access,Hardware,0.99509674
closing thursday pm stingray effort hi please move july effort after please close costs under anymore thanks officer,HR Support,Miscellaneous,0.9950805
project for wednesday november pm hi please allocated add him thank mobile next vacations,Internal Project,Miscellaneous,0.99506015
report generated for maternity leaver after the leave date sent thursday november please action direct reports hi can you please help with something maternity leave left be able fill data can you please make correction or redirect someone can help with thank you head sent thursday november please action direct reports dear manager part established processes each required submit his weekly basis each friday for past week must be submitted for approval you receiving because some your direct reports haven followed process please help cascade accordingly gets possible below breakdown your direct reports manager country for for date total days,Miscellaneous,HR Support,0.9950009
oracle fusion empty timecards for approval wednesday december empty timecards hi please issue thank regards analyst tuesday december pm empty timecards hi tasks pending various which empty please cards screen important approved pending dismiss pending wanted dismiss myself unfortunately actions available please thank regards,HR Support,Miscellaneous,0.994987
badges allocation school of th february friday february badges allocation school february importance high dear february joiners programme help badges allocation please help matter possible help other information hesitate regards,Purchase,HR Support,0.9949705
conference approval flow needs to be changed re flow needs changed hi regards back forth please let change final approver instead close anytime flight tickets thank much help shared officer ext st emergency number tuesday pm re needed confirmed please ahead tuesday pm re needed hi per instructions received looks flow correctly correctly please discuss meanwhile process bookings thank shared officer ext st emergency number tuesday pm re needed guys unit led by by same thing leading multiple accounts which unit approve costs which charged accounts unit represented by give neighbors groceries these said sorry acronyms lesson thanks reading solution based acknowledgement costs re budget agreed ahead make purchase today benefit offer cost reduction tuesday pm re needed hi per flow approver final approver since vacation please let approve costs traveling flow thank shared officer ext st emergency number tuesday pm re needed hello approve considered approved progress regards tuesday pm re needed maybe approve accounts tuesday pm re needed hi room breakfast included needs approved by he vacation please let approve trip take advantage discount today thank shared officer ext st emergency number tuesday re hello flight tickets good accommodation closest venue price per higher tho has breakfast included room without window aid label gen aw kb checkout room atlas sr thank re hi please find quotation requested off today accommodation propose close barbican area apartments street apartments central bed apartment let think other suggestion please let thank shared officer ext st emergency number pm re hello around code please attached excel sheet br re dear colleagues glad help please kind fill attached form details come best fit budget receive information endeavor timely manner thank kind regards shared officer ext st emergency number thursday pm hello si re la please merci thursday pm re done vendor added ca opera card se va cum ca ca ii si wednesday re updates merci re dada bird inca merci friday pm re la registration ne ca bird tickets friday pm re si workshop friday pm re ca ne si part la avion si loc la ca inca si personal avion please merci,Hardware,Miscellaneous,0.9949528
wrong account details outlook sent thursday october wrong details hello guys please note there problem with details job title location could you please correct information displayed with following details title safety officer location center thank you for help provided best regards safety officer,Miscellaneous,Administrative rights,0.9949169
approved timecards error sent wednesday error hi leave taken year until present awaiting approval status yesterday was approved should have except for one for entered could you please have look let know if you can fix or if need something thank you,HR Support,Miscellaneous,0.9948809
approval flow oracle cod flow cod bun cod ca care se care la mine,Hardware,Miscellaneous,0.9946865
reassign equipment reassign equipment dear please reassign equipment thanks,Hardware,HR Support,0.9946021
creative cloud all renewal october re creative renewal hello attached creative please advise thanks,Miscellaneous,Access,0.99455535
requester preparer buyer roles for managed services technology requester preparer buyer roles hello please requester preparer buyer roles roles thank best regards vetting officer street center,Hardware,HR Support,0.9945444
com thursday march acquisition hi looks think take action regards march pm acquisition acquire platform dear user pleasure inform exciting step has executed specialized video strategies definitive agreement acquire platform contemplated after closing acquisition remain platform continue operated under brand combination platform experience customized video create synergies allow users continue benefit platform also receive exciting upcoming features order enable operate platform continue build personalized video memories achievements users related transferred transfer include collected according privacy policy videos transfer made march personal transferred governed by same privacy policy remains unchanged link further action required agree personal transferred want about looking forward continuing provide personal videos favorite sporting events best regards switzerland hello,Purchase,Hardware,0.99454355
ticket setup client rise tickets hello please rise tickets setup setup setup setup setup setup client kind regards engineer,Internal Project,Miscellaneous,0.9945351
issues using issues using hello finds you well please be advised recently tried using apply for position but received various errors ranging being able log or position was unavailable have already managed apply for job via work around but providing heads up other users be experiencing similar issues with kind regards analyst pl,Administrative rights,Hardware,0.9944593
upgrade users notification works completed re upgrade users hi everyone upgrade application went successfully application running fully functional users users ad groups version upgrade dear colleagues has successfully upgraded version version extended administration administrators modify own screens backlog way epics versions panels expand hide backlog sprint goal add goal each sprints keep focused renaming deleting sprint rename delete sprints workload by assignee easier performance sprint priorities schemes different priorities different subtasks drag drop drag subtasks drop anywhere saved more awesome export export issues find out more information about please hesitate good how warm regards concerns please let best regards friday november upgrade users importance high hi going upgrade application users users ad groups version upgrade dear colleagues planning upgrade application version saturday november mean application accessible version extended administration administrators modify own screens backlog way epics versions panels expand hide backlog sprint goal add goal each sprints keep focused renaming deleting sprint rename delete sprints workload by assignee easier performance sprint priorities schemes different priorities different subtasks drag drop drag subtasks drop anywhere saved more awesome export export issues find out more information about please hesitate note wish notified planned works please accept invitation attached good how warm regards concerns please let best regards senior engineer,Hardware,Administrative rights,0.9944171
printer not working hi printer laserjet stuck please assign thanks,Administrative rights,Hardware,0.9944019
for sent tuesday for hi trying open for for got error attached image cannot log thanks,HR Support,Hardware,0.9943193
encrypted portable for data backup re win upgrade thank kind regards infrastructure ext phone tuesday re win upgrade portable please thank kind regards engineer win upgrade hello guys tomorrow he want upgrade his os he solution back his secure storage assist him solution please thank kind regards infrastructure ext phone pm re win upgrade backed kind regards re win upgrade hello thanks updates tomorrow he upgrade his os event good want join,Storage,Administrative rights,0.99426234
important month end expenses tuesday re important hi please help per yellow column starting st july thanks entity client code operational number tuesday important good morning attached document reflecting loaded accounts far please note amount kindly ask recognition by noon order enable reach agreed thanks accounts receivables accountant heads important good afternoon please advised decided july won july incurred please labor fixed price resale usual process july invoiced clients holiday myself working better coverage process deadline agreed tuesday please make timely manner which booked which were pending invoicing attached find export posted far please note haven succeed post working regular updates order offer better visibility over question hesitate thanks accounts receivables accountant import cut off billing recognition importance high good morning everyone delay import final transactions upload date cob tuesday final upload same recognition billing cut off july tuesday cob order offer visibility over cob thursday extract over per client code labour fixed price resale cut off tuesday please by cob instructions july issues hesitate thanks accounts receivables accountant heads import importance high dear teams please follow instructions delay import final transactions upload date cob please reports described retrieve visibility costs against codes help generate clients described sessions pm induction please usual channels raising draft recognition forecasts currently forecasting reports because delay releasing fully complete reports until imported thank during transition period kind regards hello everyone approaching going important take action key tasks immediately ensure entered july please submitted weekly july friday st july going form basis july bills clients hence important everyone enters please review approve submitted please approve where back where please review approve purchase requisitions sitting authority limits mean approvals which relate these come because other required authority approve expenditure please receipt goods requisitioned july details how complete these tasks available please make every effort complete these tasks possible frustrated since launched weeks ago working hard issues raised improve experience update critical issues tracking moment performance overall performance application has good since launched taking much than complete simplest tasks submitting purchase requests regular issue adjustments were made environment over weekend which assured significantly improve performance continue monitor provide feedback performance significantly improve further action taken visibility charged report logged against available report under shared folders custom programme report name reported members please make members added otherwise report working hard ensure other reports become available discipline type packs reports available looking build addition looking reports ensure report items visibility costs charged costs charged against by navigating analyse manage costs both committed approved accounted yet by actual which accounted costs approved coming costed phase setting corresponding rights today tomorrow please bear immediately section active employees submit employees cannot enter present appears issue pursuing resolution flow purchase requisitions approvals raised against corporate cost centres working correctly having issues where relate relate corporate cost centres requirement these approved by working ensure flows work correctly flow process flows these different advances budget owner validate approve requisition then find per has right authority approve certain cost amount required approve receive although approve working make more meaningful approve expense reports advances has approve requests advances tasks actual has built action task details status name preferences want receive want filter out mentioned working improving both please reference pending actions tasks assigned please continue log issues best way monitor overall status thanks continued important move forward platform kind regards ext mob glee zone,Miscellaneous,Hardware,0.9942374
internal audit forbidden software forbidden software hi checked report forbidden software november looks colleagues having games based file sharing file store clients installed assets please find please reminder ask these forbidden growth assets please status user location software product name assigned assigned legends growth counter strike offensive growth warcraft growth legends assigned assigned battle assigned counter strike offensive assigned battle assigned counter strike thanks,Administrative rights,Miscellaneous,0.99422
allocation december pm allocation dear please allocate client members pm approvals thanks,Purchase,Miscellaneous,0.9941962
the server for hi until until thank senior architect,HR Support,Hardware,0.9941521
permission to send to all staff and to all staff friday october pm add shared mailbox hello regarding ask please permission members thank much best regards specialist,Miscellaneous,Storage,0.9941239
secure data to be added as assignment snow secure added assignment snow hello finds well writing respect log guys namely add secure assignment snow close tickets currently vendor show change assignment let require additional information assist way thank lovely best regards specialist,Storage,HR Support,0.9940876
data content oracle sent wednesday re access for managed hi have noticed able address for any employee manage person have checked have issue for countries could you please assist thank you have kind regards assistant,HR Support,Hardware,0.9940667
data hi guys seems costing amount added sort plan left phone pocket even yet consumed over thanks,Purchase,Hardware,0.99403197
direct line july pm re visitor pass please assist issues thank july re visitor pass hi problem had few problems regarding shall follow amend signature accordingly kind regards july re visitor pass dear extension number dial work mobile please update signature please let calls come lunch take calls thank july visitor pass hi please visitor pass created wednesday july pm pm thanks,HR Support,Hardware,0.99388546
issues thursday issues working once administrator rights removed unblocked issue thanks,Hardware,Administrative rights,0.9938698
enable service now access to the pm re hello please proceed actions enable regards infrastructure friday re hello decision synchronize order restrict users accessing knowledge about again back possible regards infrastructure friday good morning well has created under checked requested synchronized thus moment unable create kindly advise also synchronized looking forward hearing thank much kind regards analyst ext hub thursday re hello please proceed regards costs please consider member approves costs license created etc regards infrastructure thursday hello please advise part regarding please advise approve costs license best regards analyst community builder ext hub wednesday pm hello please create same level thanks technical leader,Hardware,Access,0.99369615
hard disk problem sent thursday hard disk problem hi got message have nothing important there were other issues with except message could you please check if there real issue with regards,Administrative rights,Hardware,0.9936825
change this bid manager thursday pm re appointed bid opportunity va digital automation phase hi variation has bid attached maybe initial had bid he received change bid contract id thanks officer thursday re appointed bid opportunity va digital automation phase hi opportunity thanks re appointed bid opportunity va digital automation phase bid work package please change whomever advises thanks appointed bid opportunity va digital automation phase hello appointed bid va digital automation phase order view opportunity add forecast please link opportunity id wish view opportunities which bid etc cd thank,Internal Project,Miscellaneous,0.9936179
improvement service now sent monday november improvement dear some our commercial projects teams also using for their processes observed following functionality implemented there when replies update or was sent automatically added note incident could we please have enabled our well would help improve our efficiency reduce some efforts well thanks engineer,Miscellaneous,Hardware,0.9935642
oracle fusion non chargeable task to wednesday october chargeable task dear ask please add chargeable task please redirect guideline how by myself thank officer,Miscellaneous,HR Support,0.99350715
for called asking where installer found,Administrative rights,Hardware,0.99334854
import of final for into import final dear please assign thank kind regards analyst,Purchase,Internal Project,0.9933444
need your help urgently need your help urgently dear can submit could you help asap otherwise line manager be informed thanks br manager frankfurt main frankfurt main,Hardware,HR Support,0.99330187
access to module for us module hello please module entity both processing auditing order perform daily tasks thank accounts payable accountant phone,Hardware,HR Support,0.9932768
non starter ion hardware allocation october pm re ad hello inform announced coming employment please cancel his accounts close initiated processes his employment thank friday october pm ad hello please advised ad has created user user required change further assistance please let best regards analyst community builder ext hub,HR Support,Access,0.9932111
pm for projects october pm re pm sorry few more found pm pm assigned these besides please leave replace again pm thank senior date october pm pm hi please pm make pm agent experience agent agent pm these please leave him pm pm please let missed thank senior,Hardware,HR Support,0.99311334
info regarding for licenses process friday july pm re information requested approve requisition hi logged please name flow running background back update working properly redirected towards provide more logic configuration please let regards july re information requested approve requisition hello providing licenses providing basic license rather license inventory issue follow categories license itself activity previously covered by assume take over please take flow different discussion which require investigation logged flow correctly please follow thank best regards client friday july pm re information requested approve requisition also interested approve accounts show which useful show july re information requested approve requisition let respond ext mob friday july information requested approve requisition hello licenses understanding covers cost these licenses happens moment has depleted restocking question needs make since managing licenses commercial code since purchase thanks head analysis friday july information requested approve requisition senior developer friday july information requested approve requisition task application amount requester licenses justification faster helpful lines license cost center action history requested information code against cant information submitted future approvers,Access,Miscellaneous,0.99305737
access to wednesday pm denied importance high hi cannot user user directory update please problem asap equal thanks test lead,Hardware,Access,0.99300873
approval friday pm hi please best regards analyst friday pm re hi please give clarity where expense row thanks expense care manchester cam se merci tester,Hardware,Miscellaneous,0.9927899
and account tuesday pm re please help log thanks tuesday pm re merge incorrect thanks tuesday pm users has expired developer,Hardware,Access,0.99278826
subscription query creating main client side hello please consider creating main client side well communicate name role product owner expert stein application administrator expert pm expert pm same note teams available within subscription looks excellent substitution slack thank senior analyst ext,Hardware,Access,0.9927618
empty fields empty dear please initiate teams update empty test colic colic senior consultant,Storage,HR Support,0.99270564
mouse request mouse originally wrong november mouse hi picked mouse responding trail thanks regards build release,HR Support,Hardware,0.9927021
missing rights oracle to add tasks friday pm rights add tasks hi enough rights create task similar rights example manage plan even code which manage plan thanks program,Miscellaneous,Internal Project,0.9926838
req incorrect route tuesday pm req incorrect route hello please investigate requisition went has raised code had route thank administrator phone st,Hardware,Internal Project,0.992661
rejected tuesday pm rejected hello rejected by whom way said she did reject please advise thanks senior architect,HR Support,Miscellaneous,0.9926299
report poll suspended but up report poll suspended,HR Support,Miscellaneous,0.99260956
difference total for thursday pm difference total hi please difference total form review form regards,Miscellaneous,HR Support,0.9925835
please enable on this location hello please enable location forms customers press reports view ribbon thanks kind regards,Storage,HR Support,0.9925614
block domains wednesday pm re attached delete after thanks forwarding content own malicious converted format please add these kind regards,Hardware,Miscellaneous,0.99254155
issue sent friday october re issue hello would like be added groups employees added regularly line manager thank you sent thursday october re issue hello thank you for writing regarding below before we can log request process further please advise exactly lists shared mailboxes you need be added attached you line written approval best regards analyst community builder ext hub sent thursday october issue hello employee contract started th october observed colleagues receive lot usually receive anything talking about or individual mean represent interest for everyone think haven added some if possible appreciate be added be updated with information thank you,Hardware,Miscellaneous,0.9924942
multiple notifications oracle action required entries hi colleague logging receiving same inform about event also same event log thank november action required entries task application take action links actions approve reject more entries details assignee assigned date task number recommended actions entries card details card period status submitted card comments reported code type location task details absences totals location details days comments mon wed sat regular concurrent engineering country enter comments about entered by daily totals calculated type code location task details absences location details days comments totals mon wed sat regular concurrent engineering country comments daily totals related links comments display history updated by action performed assignee updated assigned assigned assigned assigned assigned assigned assigned assigned assigned assigned,HR Support,Miscellaneous,0.9924011
draft contract draft contract hello we tried add but we received error please check could you please help solve issue we need have approved order be able supplier thanks officer sent november draft contract se face lei sent thursday november re draft contract image removed by virus free avast cabana image removed by contract sa ne va si format word sent thursday november re draft contract image removed by virus free avast cabana image removed by va sa ne draft contract sent friday october re draft contract si sa cabana wrote sa va sent thursday october draft contract cum si la va sa draft contract care si sa ne va si si sa ne en address blvd th floor district,Hardware,Miscellaneous,0.9922464
missing costs and for sent wednesday costs for hello calculations for forecasted costs revenues for per please investigate thanks manager,Miscellaneous,Hardware,0.9922363
delegation delegation hi how assign approve certain code thank,Internal Project,Miscellaneous,0.9921147
every time at pm the site goes down sent monday july every site goes down ridiculous brought up several before there scheduled maintenance senior analyst north,HR Support,Hardware,0.99204576
client portal environment open ports and thursday pm client environment ports hi ports machines client environment attached updated form please tried create worked empty regards,Access,Hardware,0.99199975
requests for macedonian staff july requests macedonian hello please personal details requests macedonian her thanks mobility officer,Storage,HR Support,0.99181443
undeliverable notification for mailbox full sent thursday undeliverable lost access card failed these or groups recipient mailbox full can accept please try message later or contact recipient directly following organization rejected your message diagnostic information for administrators generating server remote server returned mailbox full deliver exception failed process message due permanent exception with message cannot open mailbox configuration servers attendant be stage original message headers with server id with id content type application name content transfer encoding binary lost access card thread topic lost access card thread index date message id references cd ad accept language en en content language en attach yes mime version transport hosted originating return path response suppress,Access,Storage,0.99179345
for problem log issue credentials,Access,Hardware,0.9917474
create ticket pm create hello please create automatic regular sn details raised st every name template included summary name category sub category sub category priority type information required included additional resolver queue caller telephony application application information please create status allocation availability result thanks,Access,Miscellaneous,0.9917201
unable to conf com access pm unable conf hello connect conf user tried user help thank,Access,Hardware,0.99162054
new planning analysis a team friday july pm hi please create planning analysis myself also please advise how add thanks,Storage,Miscellaneous,0.9915513
public holidays to be added oracle wednesday pm public holidays added hi please add public holidays each public holidays scheme macedonia please let further details kind regards,Miscellaneous,HR Support,0.9915292
internal transfer access card belgrade hello somehow never received card transfer form please kind proceed issuing appropriate card moment he has card card he card thanks senior engineer,HR Support,Access,0.99152863
list of all people managers re hi moment create taken please log help report coordinator pm hello centralized way together two possible ways teams help maybe ad pull out containing other listed reports added hold information purpose communication which aimed thank best regards leader,Miscellaneous,Hardware,0.9914255
help to resolve local domain name help resolve name hi dear due necessities resolve mode name editing hosts file good solution because mobile devices resolve too help please find solution issue please note name resolved adapter suffix mask default gateway users name wireless adapter suffix mask default gateway users public public find existent question please feel free best regards engineer,Hardware,Miscellaneous,0.99132216
access for wednesday july pm hi guys has please fix problem back speed per thanks,HR Support,Hardware,0.99125963
need cables tuesday pm cables hello moved floor electric extension cord patch cord thank,Hardware,HR Support,0.99117905
low space on drive wednesday cleaning drive hi inform had problem cleaning drive colleague helped sort out please consider closed appreciate,Miscellaneous,Hardware,0.99115795
identify old links used internal wednesday october pm identify old links hello please tickets each application identify existing links each app old suggest locations update part migration coming mind impacted by migration two needed please also let other missed also take part migrated thank,Hardware,Miscellaneous,0.991148
access march pm forecasts follow hi please provide write link order update forecast thank march forecasts follow hello weekend pl cut cum forecast please bookmark ave travels etc trainings holiday buffers sc working days forecast va mid cum merge ave oar officer,Hardware,HR Support,0.99108654
deployment error error sent wednesday october error hi yesterday evening initiated machine unfortunately was unsuccessful with message could you tell steps need make cannot find software center anymore thank you developer,Administrative rights,HR Support,0.9910493
hr us list friday pm hi please assist process changes let kind regards friday pm re thanks agree suggestion please proceed thanks regards hi onboard thinking amend follows structure members proposed structure act back needed let thoughts kind regards,Hardware,Miscellaneous,0.99099356
invalid credentials on for sent tuesday july re invalid credentials update recognize anymore either,Administrative rights,Hardware,0.9909719
action required leave the sent friday re action required leave update ll monday have be analyst en sent friday re action required leave hi leave reason for performing updates have laptop with ll updates weekend or monday latest thank you analyst en sent friday action required leave hello our indicate you might still be vulnerable infections due updates we kindly ask you leave your laptop en during weekend can have look them apply updates please leave them either your or bring them over where can be retrieved monday failing apply these updates could lead infections manifest through blocked access files by encrypting them turn could lead commercial consequences for our thank you for your understanding analyst ext hub,HR Support,Hardware,0.9908992
add to all service delivery re library hi also added senior please think groups where needs added thanks leader re library thanks galaxy date library hi guys please add ad he sub site part spaces setup workshop meeting show around let he thanks leader tuesday library requesting library links library manage setting library please provide pages thanks note site site site provides central storage collaboration information ideas site tool collaboration tool communication meeting tool decision making site helps groups work teams social groups share information work together example site help coordinate calendars schedules discuss ideas review proposals share information keep touch other sites dynamic interactive members site contribute own ideas content well comment contribute other,Miscellaneous,Hardware,0.9908257
account issues sent domain issues hi starting yesterday experiencing issues when using domain access laptop can please investigate advise cheers design lead,Administrative rights,Hardware,0.9906969
permission to send to all bogota staff and to check for all country staff permissions tuesday december pm avoid sharing hi give permission please assume permission other populated kind regards december undeliverable avoid sharing has failed these groups because permissions ask owner permissions then again more information about issue code diagnostic information administrators generating remote returned resolver authorized id id content type application name content transfer encoding binary avoid sharing thread topic avoid sharing thread index date deferred id cd accept language content language has attach cd mime version transport hosted originating return path response suppress,Miscellaneous,Hardware,0.99046797
install install hello please assign caller thank kind regards analyst,Hardware,Administrative rights,0.99042106
needed for new customer project needed dear please help setting excel attached please let more information needed addition near future also accounts client well cheers,Internal Project,Access,0.9904171
missing time invalid code for sa ca ii invalid si si valid si chrome,HR Support,Hardware,0.99023926
metrics team metrics hello please assist by creating environment metrics let details provide during process thank senior tester,Hardware,Access,0.9901057
requester preparer buyer roles for march requester preparer buyer roles hi please rise bellow thank kind regards analyst march requester preparer buyer roles hi please kindly requester preparer buyer roles thanks kind regards,Miscellaneous,HR Support,0.9900007
name change to for saturday november re starter ad importance high dear please notice name joiner uses wrong name since he join st colombian fix his thanks head wednesday november starter ad hello please advised ad has created please find credentials must changed log assist please let thank analyst ext hub wednesday november re complete colombia hi please find attached kind regards head october complete colombia importance high dear please help completed form design lead joining thank compliance officer colombia,Miscellaneous,HR Support,0.98979723
us hr hello possible currently receive ability please advise best,Purchase,HR Support,0.98972005
location one leaver still active sn location leaver active sn hi guys looking marking location decommissioned found two users location inactive he left several months ago please ad well disable his sn also syncs information other his ad location updated has decommissioned once decommission locations sn thank leader,HR Support,Access,0.9897002
project to be closed pas july pm closed hi please close continuous costs were recognized other activity planned pm approved closure thank officer,HR Support,Internal Project,0.9896769
please provide me access to the azure test console for training purposes please provide azure test console training purposes,Hardware,HR Support,0.9896735
icon question pm pm regarding lock icons files pm minute call pm hey pm call pm pm se pare ca pot cine si complaints ca good dam merge pm ca pm si pm good pot pm eventual si ca known issue ca se thanks pm pm pm si pm la weekend fain pm pm regarding lock icons files pm minute call pm hey pm call wednesday re icon question hello please about regards discipline lead wednesday re icon question hi keep noticing everywhere instance location icon appeared after replaced old version app saved same happens throughout site owner thanks leader wednesday re icon question hello please location where locked best regards engineer tuesday pm icon question hi guys requires please let lock means certain thanks leader,Access,Hardware,0.9896283
read access to discipline architecture for wednesday november site requesting links site manage setting site section note site site site provides central storage collaboration information ideas site tool collaboration tool communication meeting tool decision making site helps groups work teams social groups share information work together example site help coordinate calendars schedules discuss ideas review proposals share information keep touch other sites dynamic interactive members site contribute own ideas content well comment contribute other,Miscellaneous,Hardware,0.9895622
modify incorrect user name ad correct format name surname com for all users re licenses hi performing clean difficult especially since match ones due possibility choosing shorter version example vs hundred user please advise users others format ex please advise format unable filter based because thank,Miscellaneous,Access,0.9894996
file share access to infrastructure share sent tuesday march re update file share access hi guys could you please provide access managed access need be same mine please treat request matter urgency thank you senior infrastructure consultant sent march re update file share access hello can you incident please also need access location managed kind regards senior server infrastructure engineer infrastructure sent tuesday february re update file share access hello still unable access shares could you check please regards senior server infrastructure engineer infrastructure sent february update file share access dear further our recent communication we believe your below query resolved if you with resolution there need for response however please let know if we can be any further assistance matter please note interactions between clients regularly monitored order make high quality maintained reference number summary file share access resolver belgrade resolution details can access infrastructure share share description sent wednesday february file share access dear please can you allow access file share like for other senior per colleagues here these two most required infrastructure share share best regards senior server infrastructure engineer infrastructure kind regards ext hub ref msg,Storage,Hardware,0.989498
no tasks available for a certain period sent friday re tool hi unfortunately able any values for task details even after doing steps you sent task details search button display value blank search message displayed still rows display issue appears only for period best regards analyst developer sent friday tool hello order find tasks please try performing below steps order find task enter code task details section please click section click select display value click search complete list available options task should be should be present probably you won be able submit button for period either order please perform below steps please make go icon then go desired period after click icon manage cards view you should be able modify sheet after you have filled order for submit button be become available please perform below steps could you please click save you be prompted with message click then next submit please let know how goes for you looking forward hearing you analyst ext hub sent friday re tool hi tried morning submit for but was able select anything task details field can you check what issue let after fixing problem below you can find screen thank you analyst developer sent wednesday re tool hi today was able log card assigned but functionality available only for week can be seen attached able enter card for period below with options have for period can you please help solving issue well thank you analyst developer sent monday re tool hi was able sign but able code can you please help with issue well best regards analyst developer sent monday tool hello everyone please be advised you were receiving error due fact created if you report message for your st days without possibility enter code please let know note issue tracked by our rd party provider you be able log your properly only for week following your start date please let know if you experience issue described above thank you for your understanding analyst ext hub sent monday re tool hi you have any updates issue still cannot sign for best regards analyst developer sent monday re tool hi you have any updates related sign details for tool still cannot log regards analyst developer sent tuesday tool dear thank you for contacting welcome please be advised we have ticket raised for creating your but unfortunately due high volumes yet processed one colleagues contact you once created we apologize for inconvenience caused thank you very much best regards analyst ext hub sent tuesday tool sa tool se print screen analyst developer,Hardware,HR Support,0.98940676
for unable to retrieve calendar information from hello please log ticket assign thank you best regards,Miscellaneous,Hardware,0.9894001
amend status oracle for and friday pm review hi please these persons stated thanks friday pm re review hello currently suspended contract left his leaver form completed please let actions needed side cheers lead please consider environment print review importance high hello attached aggregated yet submitted days submitted which has significant impact recovery please touch order image thank upcoming holiday october floor blvd district,Hardware,HR Support,0.98933184
com thursday july pm installation dear due improvements site installation sign since urgent sign today resolve please him thank best regards country,Purchase,Hardware,0.98932797
action required approval of project time entries for from to action required approval entries for dear receive with task approve entries for one colleagues application you can there different tasks listed when click highlighted one for can following screen you can there option approve could you please investigate experience issue for obviously have approve possible thanks for your kind regards sent action required approval entries for access task application approval entries for details assignee moth assigned date task number recommended actions entries for approval card details card period status submitted card comments reported code type location task details entry totals location details days comments mon wed sat hours hours hours hours hours hours hours test regular planning country enter comments about entered by daily totals calculated type code location task details absences location details days comments entry totals mon wed sat start stop hours start stop hours start stop hours start stop hours start stop hours start stop hours start stop hours regular test planning country comments daily totals related links comments data display history updated by action performed assignee updated assigned assigned assigned assigned assigned assigned assigned assigned assigned assigned,HR Support,Miscellaneous,0.9893167
ram upgrade yellow purchased requested by please log installing onto his machine usual please proceed receipt thank administrator phone,Purchase,Hardware,0.9892915
people management outlook wednesday november pm hi section moment has ones more please help order updated expect find attached files order section updated senior developer,Administrative rights,Storage,0.9891032
eel mobile update access to tuesday july pm eel mobile update dear cannot update file due issues safari user somebody please upload also please regards,Access,Hardware,0.9889811
user tuesday pm user user ca care pot la user care fie user ad se regards software developer,Hardware,Access,0.9889531
subcontractors can access thursday pm re subcontractors more whole users thank best mobile thursday pm re subcontractors hello guys got more users best mobile,HR Support,Hardware,0.98886114
mail list thursday november pm dear possible add mailbox thank,Miscellaneous,Storage,0.9888043
report issue sent monday october report dear could you help solve issue can raise report get message help thanks br manager frankfurt main frankfurt main,HR Support,Hardware,0.9886764
not responding responding hello have created ticket responding gives timeout we need push merge commits we have release tomorrow can someone have look asap regards,Hardware,Miscellaneous,0.9886136
pop up blocker thursday blocker hi cannot due blocker tried blocker control panel browser working please thanks,Hardware,HR Support,0.9885994
update installation help update hi teams solve quite fast thanks head tuesday december pm re update hi please regular channel regards tuesday december update hello installed software application needs update ordered upgrade package help installation please let further details thank kind regards senior accountant december re update infrastructure has handed over teams documentation supporting documentation found reiterate said solution os level officer annual leave notice december tuesday december re update hi forward colleagues document specifics related installation software where installed functionality thank kind regards senior accountant december re update hi thank because update process itself application related advisable reach out supplier his assistance upgrading newer version cannot accommodate refer commission done by none facilitate upgrade third option where teams out update given language barrier constraint thank officer annual leave notice december tuesday december update hi doing well application installed germany has update version features running possible linked automatization process help installation backup process quite straight forward believe installed best more technical involved please let more details thank kind regards senior accountant,Hardware,Administrative rights,0.9885903
pas access dear please provide her also please change rights want replace needed thank testing discipline lead,Miscellaneous,HR Support,0.9882995
pull request notifications on slack pull slack hi today helped slack pull opened assign please thank best regards engineer,Miscellaneous,Hardware,0.98822623
acceptance criteria to be editable at story level acceptance criteria editable story level,HR Support,Storage,0.9882116
extension of drive extension drive hello drive extended by order update thank developer,Storage,Hardware,0.98791224
for october re approved side tuesday october hi please write files he work planner please reports view ribbon officer,Miscellaneous,Storage,0.98790807
address and creation for dibs easy project friday october creation dibs easy importance high dear please help creating dibs easy please hesitate questions thank best regards agile ext,Internal Project,Access,0.98786294
approver removal request from cr thursday december pm approver removal cr hey please call per assign thanks officer december re approver removal cr hi please thanks december approver removal cr hey please acceptance cr she maternity leave represents appropriate approver cr question kind regards officer transition ext,HR Support,Miscellaneous,0.9878136
account for search re search dear issue match guess different than provided painful unable application please make match required ask name regards engineer,Miscellaneous,Access,0.9877743
advice needed access control domain account logs off after a while control logs off after while has assigned hello please sr advice issue thank engineer friday october pm re control logs off after while has assigned hello these machines installed configured supported by teams software under also installed hardware teams help advice logged please advise thank senior engineer friday october pm control logs off after while has assigned please advised record number has assigned please review details take appropriate action description hello please investigate automatically logged off after period control after communication mentioned main lost problems building want mention created configured same os version everything user remains connected please fix policy find solution issue thanks summary control logs off after while number priority moderate assignment location please link kind regards ref msg,Access,Hardware,0.98777276
issues on resolved re hi unfortunately seem work need another option for issue sorry returning one received thanks sent monday october re hi please raise ticket for allocate premium hub please cancel kind regards administrator sent monday october guys va care sa ne premium hub with ports sa va sa kind regards,Miscellaneous,Hardware,0.9876467
create a new site and permissions dear please create ad groups owners make owner members make owner ad created owner must owners location owners owner members engineer tuesday february pm re create site permissions hi create site please create leads thank best date february re create site permissions hi had today meeting discuss about topic both concluded information want collate needs special area which bid vault area please let going recommend other repository best regards tuesday february re create site permissions hi conversation regarding site please advise updates also help hesitate kind regards analyst friday february re create site permissions hi wanted follow regarding needed materials site please advise help side thank kind regards analyst tuesday february pm re create site permissions hi good glad organizing around please consult about materials within well bid library resources library ebb repeat same content once provide leads site thank best date tuesday february re create site permissions hi initiative wants increase skills awareness related lead role phase program addresses intent increase pool once materials touches mature level moment initiative addresses materials partially discussed also location title leads programme information further developed maintain once moved owning moment responsibility program want public where anyone thought create other suggestion where share materials structured way please advise bets regards tuesday february re create site permissions hi thank contacting please give more details about official level how gathering going future owner provide content keep updated future thank best date february re create site permissions hello approve creating site leads kind regards february pm re moving material confluence hi please create under practices site leads permissions update delete add information thank,Miscellaneous,Access,0.98757756
make user visible thursday pm getting hi second please meetings potential clients reliable enough thanks,HR Support,Access,0.9875288
ready re ready usually handles setup creating providing package dear please provide license setup thanks kind regards engineer november re ready hi great later afternoon suits well thanks wrote hello prepared almost ready rights order create install which provide instructions please let hand over kind regards engineer,Hardware,Access,0.98752135
add user to security practice thursday july pm member hello please add thanks,Miscellaneous,Access,0.9875185
oracle please update for sent monday october please update for importance high hi please could you make following updates for should be similar please could you correct person number for should be person number thank you,HR Support,Hardware,0.98746824
add user to location member friday november add user dear please add location member best regards engineer,Miscellaneous,Access,0.98743045
for no more available addresses incident repeatedly for working days row interval between till related hello could you please send notification there issue with equipment causing issues around more then colleagues reported have today unable receive address via these machines connected via thank you engineer ext en sent december re incident repeatedly for working days row interval between till related hello teams incidents related same issue stack cable problems know you were informed case cables their way there need reopen more tickets with same problem incident core one informed person inform you when there be changes closing rest tickets regards senior engineer en please consider environment you really need print sent tuesday december incident repeatedly for working days row interval between till related please be advised record number assigned please review details take appropriate action description almost every have either none or very slow interval between till colleague sitting next issues during same interval can you guys check why we have different setup or what exactly issue computer name en en en same issues regards summary repeatedly for working days row interval between till related number priority moderate assignment location perform centre access incident please click following link kind regards ref msg,Hardware,Miscellaneous,0.98712236
manager you have messages july messages messages identified junk default locale copy paste browser note summary refer messages recently deleted messages held automatically deleted after days wish receive these wish change frequency then please select options subject date overnight shipment problem replica watch unique sale pm times displayed please remember messages held by automatically deleted after days further information assistance please organization administrator,Purchase,Miscellaneous,0.9871082
for metrics project re metrics dear colleagues updated form order respond remark decided key please consider form software metrics template add story level client environment thank lot please let more details needed kind regards,Hardware,Internal Project,0.98704344
cannot access drive friday november pm drive hi drive pc visible please shortly assist thank,HR Support,Hardware,0.9869703
replace pm for oracle replace pm hello appears pm she involved while please replace her pm further details required please let thank,Miscellaneous,HR Support,0.986772
possible tuesday received hi guys received few minutes ago please take regards,Hardware,HR Support,0.98658633
access request for a list or library pm library hi guys please add ad he kb hub thanks leader library requesting library links library manage setting library please section thank,Miscellaneous,Storage,0.9865476
project manger for pm manger hello please name profile main main,Miscellaneous,Internal Project,0.9864791
md local support please hardware receive regards engineer date friday november pm dear lightning cables regards engineer,Hardware,HR Support,0.9863426
unable to team member time on project sent thursday october unable member importance high hi unable she added but longer visible parties also when running reports longer getting her reports for even though she submitted approved please can you resolve we need provide report client asap regards client manager mob,Hardware,Miscellaneous,0.98610896
access to via access via hi had problem access repository via port outside discussed with provided with help with solution problem informing you problem request by thanks,Access,Hardware,0.98610234
not enough memory enough memory hi have enough space upgrade would need assistance br software tester,Administrative rights,Hardware,0.9857488
project manager setting friday march pm setting hi please his profile currently blank best regards head,Internal Project,Miscellaneous,0.9857082
re request extra disks external hardware has been assigned to ms local support team hi sorry for delay can you please proceed external any those would work route product product path product id code thanks sent monday july re request extra disks external hardware assigned hi we can purchase devices code please specify code device model part number you can share web be more accurate kind regards administrator sent monday july re request extra disks external hardware assigned hello please clarify whether request for equipment related or should be purchased name for purposes we have such external be needed please advise should open thank you engineer ext en sent july request extra disks external hardware assigned hello please be advised record number assigned your please review details take appropriate action reference number details requested for contact address location kale building line manager summary request extra disks external hardware additional comments or requirements sent monday july extra disks hi disks our too small for works with large files we currently doing we have investigated options with discussed quickest way get more disk space procure external disks can we order external disks please should be allocated thanks lot assign ticket reference assignment request summary location kale building access request please click following link kind regards ref msg,Miscellaneous,Hardware,0.9857077
service now changes july pm changes hello view within seems changed changes related myself changes left had selection pane please advise br infrastructure consultant infrastructure upcoming annual leave st july returning,HR Support,Miscellaneous,0.9854515
pas data export excel friday pm export excel hello teams perform statistical analysis operational export structured attached please help out thank care,Hardware,HR Support,0.98544365
update contacts with the service offer attributes wednesday pm update offer attributes hello audited date noticed offer attribute please update working also updated dashboard questions please let kindest regards care,Hardware,Miscellaneous,0.9853102
help needed report on entrances wednesday february pm re help needed report entrances please note information february thanks wednesday february pm help needed report entrances dear please report entrances based badge colleagues thanks lead,Hardware,HR Support,0.9851472
service problem is critical sent tuesday problem critical monitoring message problem critical output critical host lost problem host details host alias address host up type hard attempt duration host data command host up dummy type passive latency host output dummy host up host times last check last change last up details details command stale type passive latency percentage critical type hard attempt duration output critical host lost times last check last change last last critical last warning last unknown contact details contact info name alias info name alias for members statistics hosts totals up totals problems critical,Hardware,Miscellaneous,0.9850311
incorrect grading score the service now call closure feedback survey incorrect grading score call closure feedback survey hello could you please check why we have response our call closure satisfaction survey seen below since we only offer raking option applicable please log issue under ticketing tool dashboard let know if you require further assistance or information our side thank you customer care en,Hardware,Miscellaneous,0.9848958
now wrong sent tuesday wrong hi please raise request below assign thank you for your kind regards applications analyst sent tuesday wrong hello have noticed client under should be under could you please amend thank you officer ext en address blvd,Miscellaneous,Hardware,0.9845575
critical alert sent friday march critical alert following alert occurred status active data source type data source computer resources description last recovery points created was unable access cluster resource resources for protection production protection for more information open administrator console review alert details monitoring task area,HR Support,Hardware,0.9841239
remove users from pm cab application re app cab agenda hello please cab application please add owner added thank pm app cab agenda hello please find agenda today cab application staging deploy patch update sp kb failed none thanks,Hardware,Miscellaneous,0.98393536
can log on to laptop sent thursday november password expired able log please call asap have tried calling you several times yesterday today but says line busy or circuits busy cell based atlanta,Access,Hardware,0.9838659
the day of st july friday st july hi cannot submit july since application single instead interval five days please complete code bench regular billable please how proceed thank developer,Internal Project,HR Support,0.9833068
missing time for leavers incident for leavers assigned hello you please raise separate request for call for issue with card submission should be dialed with them you please provide number task number name for cards should be submitted for would be done by thank you kind regards date wednesday october incident for leavers assigned hello please be informed we closely analyzed you request issue here connected with cards submission for access certain tasks your codes we have call with screen share order better understand what issues still there thank you for understanding kind regards engineer id image cd sent tuesday october incident for leavers assigned please be advised record number assigned please review details take appropriate action description for leavers dear when you have please allow someone assist quest beats have weekend date monday for leavers hello please be advised only allowed have permissions submit employee sheet thus you have add then submit for them longer these permissions you should go look for click then go tasks manage settings select parties tab select icon then look for name employee when adding member always select type role member start date select track choose save close after person added please perform below order log person step section column step click manage cards sign step select required person start date card click step fill card next submit if you encounter any issues please let know best regards analyst ext history ticket reference ticket history additional comments customer visible update task task assignment assignee owner closed complete work notes description please action dear please let know what procedure with for left before completing theirs we have such examples have respectively have filled keep getting these what can thanks date monday please action more info ref msg summary for leavers number priority moderate assignment location center access incident please click following link kind regards ref msg,Miscellaneous,HR Support,0.9830116
duplicate options for severity field thursday re logged duplicate options severity hello few days ago signaled issue related severity options updated order values make sense logical order none minor moderate critical blocker please update thanks,Miscellaneous,Hardware,0.98288614
event notification ground floor balcony door open original message sent tuesday march event notification data event ground floor balcony door open source balcony details details details,HR Support,Hardware,0.98272055
mobile phone allocation document purchase order requisition implemented hello please log thank engineer friday november re document purchase order requisition implemented kind regards administrator friday november re document purchase order requisition implemented ii galaxy cum tine allocate si cum engineer friday november re document purchase order requisition implemented update care ca la ne liber si la contingency update la kind regards administrator friday november re document purchase order requisition implemented importance high ob la ne la per se la alt dup cum si rapid ii date re document purchase order requisition implemented contract kind regards administrator thursday november pm re document purchase order requisition implemented si alt la care facility blvd rd floor thursday november pm re document purchase order requisition implemented nostrum si update kind regards administrator thursday november pm document purchase order requisition implemented status inca mea facility blvd rd floor thursday november pm document purchase order requisition implemented task application document purchase order requisition implemented output text details assignee assigned date pm expiration date pm task number sold entity order buyer ordered nonrecoverable tax justification order details supplier supplier site location supplier order description note supplier requisitioning requisition requester cost center attachments po,Hardware,Purchase,0.98271793
mail purchase requests purchase requests hello could you please help with following issue going through then for approval should be going through after approves manager for set up please below please let know if you need any other information thank you have great upcoming holiday leave th th officer ext address blvd sent tuesday fwd purchase requests hi could you look into please thanks begin forwarded message date purchase requests can you contact have these reassigned you please you want approve these ones,Purchase,Miscellaneous,0.9826942
mailbox access info belgrade com thursday february mailbox dear since receive lot concern position about sparing forwarding every again asking thank communication specialist,HR Support,Storage,0.9826032
new terminal pm terminal hello please help terminal thank,Hardware,HR Support,0.9825587
send headsets back to the supplier hi guys please headsets back supplier per attached kind regards administrator,HR Support,Purchase,0.98252815
mailbox sync issue com sent wednesday march urgent mailbox sync issue importance high hi unplugged cable having attached issue times clicked send receive repaired mailbox but still won connect while you look into having sync issues every unplug cable move meeting room where use can usually connect back after minutes what can about well thank you officer,Administrative rights,Storage,0.9825096
pop up message with entering mail password up message with entering password hi can you help solve problem have regarding accessing constantly receiving notification even if introducing correct password working working only after lots trials restart thank you,Administrative rights,Access,0.98244137
vacation approvers thursday march pm vacation approvers hi please vacation approvers his thanks developer mob,HR Support,Miscellaneous,0.98230654
new resources to be accessed through resources accessed hello enable please accessed thank engineer,Hardware,HR Support,0.9822473
add to hello please add lists thanks october re hello please find attached thanks tuesday hello please fill date thank administration officer,HR Support,Miscellaneous,0.9822076
conversation are not stored the conversation history request query about conversation for remote workers assigned hi would like raise same issue did doing none conversations stored under conversation history except days when does work if used or using have setting done but still nothing stored under conversation history you only store form when was thanks program manager upcoming leave none planned sent wednesday october re request query about conversation for remote workers assigned good morning if something was done for but noticed morning conversations started appearing even past though still up date latest shown th october last week best regards sent monday october re request query about conversation for remote workers assigned hi yes happens for conversations option checked print screen asked other colleagues work remotely experience same issues described with conversations copied let know if need anything side best regards sent monday october re request query about conversation for remote workers assigned hello could you please let know if issue you described specific for for conversation while work remotely also double check could you please verify save conversations conversation history folder option checked best regards engineer managed en sent wednesday october request query about conversation for remote workers assigned hello please be advised record number assigned your please review details take appropriate action reference number details requested for contact managed address location center line manager summary request query about conversation for remote workers additional comments or requirements query about conversation for remote workers hi can you please let know if intended behavior for conversations being saved conversation history when work remotely regardless if connected or or issue you can investigate sort out for best regards kind regards infrastructure manager assign for ticket reference assignment request summary query about conversation for remote workers location center attachments image access request please click following link kind regards ref msg,Miscellaneous,Hardware,0.9821264
friday march pm hi back cover has reason keeps displaying her under her old location please create handle he thanks thank administrator phone,Hardware,Purchase,0.9820242
security access friday saturday march thursday march pm re friday saturday march hello please assign queue thank engineer ext friday saturday march importance high hi guys please add these employees period friday saturday march purpose taking starts friday afternoon ends saturday afternoon possibly overnight stay coordinator thank director,HR Support,Hardware,0.98163855
belgrade users to be visible console please add visible console,Miscellaneous,HR Support,0.98154515
remote access to server tuesday re remote approved tuesday remote dear please remote database currently blocking test functionalities thanks engineer,Hardware,HR Support,0.9815169
create caps pilot quality gate sonar pm create caps pilot gate sonar hello please create gate sonar caps pilot having conditions blocker issues greater than critical issues greater than coverage less than coverage code since version less than duplicated blocks greater than duplicated lines greater than complexity class greater than complexity function greater than unit test success less than skipped unit tests greater than best regards software consultant design lead lead,Access,Hardware,0.9814006
audit access cards july pm re available available care se va care ca ca available si available date va available july available va ne care la ca va analyst ext hub,Access,Hardware,0.98135436
access thursday pm hello problem more exactly told help best,HR Support,Hardware,0.9813318
unable to print expense report oracle sent tuesday unable print expense report hi doing about approval click line without opening turn actions print preview get empty file attached can you help with thank you,HR Support,Miscellaneous,0.98090625
pipeline project codes pas tuesday july pm re pipeline codes closed hi noticed problem help resolve asap pipeline closed within these update within help resolve asap please changes cross agile accumulations testing thanks re pipeline codes closed hi ask close codes were imported these opportunities were won closed please take let proceed action code name status refresh changes changes cross personal lines bas accumulations testing pm under prod technical agile personal galaxy replacement proposal additional spend changes accumulations testing additional big upgrade analysis big upgrade migration environment transactor test pm pm batch pm changes changes changes changes changes changes changes changes changes changes changes refresh changes changes cross personal lines bas accumulations testing pm under prod technical agile personal galaxy replacement proposal additional spend changes accumulations testing additional big upgrade analysis big upgrade migration environment transactor test pm pm batch pm changes changes changes changes changes changes changes changes changes changes changes cal ramp july pm triton cal additional ramp front sites envisioning site build post commit opp opp sow opp sow items opp sow opp sow pet referrer id opp sow opp sow pet additional confused opp sow opp sow opp sow opp sow br pet update opp opp opportunity sow opportunity sow va opportunity sow opportunity sow va accumulations thank officer ext tuesday re pipeline codes closed hi sort out these days thank letting thanks officer ext wednesday pipeline codes closed hi please which opportunities won lost order close pipeline codes accordingly thank officer ext mob blvd zone,Hardware,Internal Project,0.98057866
can not execute sent monday can execute hi can you please advise why cannot execute contract thanks best regards manager,Miscellaneous,Hardware,0.9805165
urgent access to urgent dear apologize subject urgent she has joined has yet received please her tool also client codes needs possible cycle started she needs prepare forecasts reports thanks officer,HR Support,Internal Project,0.98023534
career added to the reports added reports hi add adjustments prod details reports about benefits report secured hi rise thanks best regards application engineer wednesday october re added reports hi thank brings please help by reports prod details reports under details ex details reports under ex details benefits deal later stage please let help kind regards tuesday october pm added reports hi please reports inform find column after name thanks best regards application engineer october re added reports hi attached reports details ex details kind regards wednesday october added reports hi add column way mentioned take work also provide exact storage report order avoid making changes unnecessary reports thank hi rise please assign reports thanks best regards application engineer tuesday october pm added reports hi help assessing add column details report please let possible how takes add near column thank officer,Miscellaneous,Hardware,0.9801892
issue hi have some issues regarding can reach recruiting area turns blank could you please help thank you,Hardware,HR Support,0.9801846
add the tuesday december pm add hello writing add ad member he he going part he going approver branch thanks lot git thanks design lead,Miscellaneous,Access,0.9801358
access to guest passwords for called morning ask link passwords he informed same guest aligned other locations,HR Support,Access,0.9795908
access tuesday march pm dear kindly ask provide file library forms library demand view please let additional information needed side clarify everything gladly kind regards,Storage,HR Support,0.97893506
mail hi dear receive any mails dec can you please help identify solve issue,Administrative rights,Hardware,0.9786024
check if accounts re still valid for access friday november pm undeliverable version upgrade has failed these groups rejected by recipient please recipient recipient directly rejected by recipient please recipient recipient directly rejected by recipient please recipient recipient directly,Administrative rights,Access,0.97838986
git access tuesday october pm re hi please find attached updated added members git also please make myself thanks october upload edited version location afterwards kind regards analyst ext hub tuesday october pm re hi currently switched cannot location possible file thanks october hi please forms write permission location please let comes along thank analyst ext hub october pm re way retrieve old concerned version create impact configuration existing thanks october hi confirmed by kindly note filled proceed thank kind regards analyst ext hub october pm re hi re rush add members please add platform rebuild whilst complete thanks october hello please find attached blank kind regards analyst ext hub friday october re hi has left think lost please fill out thanks october hello please advised keep active base available please liaise order obtain latest version required assist other way please hesitate thanks kind regards analyst ext hub thursday october pm re hi currently thanks october hello order process please provide updated configuration plan kind regards analyst ext hub thursday october pm hi please give myself privileges platform rebuild previously had permission he has left thanks architect registered under number whose registered old broad street kingdom provide clients each subsidiaries separate entity has,Hardware,Access,0.977689
for account issues asking for password sent thursday re for hi working today asking for credentials should be address but also wants password accept password did what need use thanks sent for hello please be informed for created for you assigned extension be your address per below example please following guide for for usage you able make external calls via for kind regards rare analyst ext hub,Hardware,Access,0.9776439
restart multiple polls testing down on restart multiple polls testing down,HR Support,Hardware,0.9776269
acrobat acrobat hi needs acrobat pc please let license create information install software received thanks senior engineer ext cell upcoming days off february december phone number please consider environment print,Hardware,Access,0.9774768
tv projection th floor tv projection floor hello guys help link working good usage display information kind regards,HR Support,Hardware,0.9773886
ms word dictionary word dictionary hello guys help regarding word install dictionary word because yet help install help regards consultant main main,Administrative rights,Hardware,0.97715557
list tuesday pm hi possible create named containing users thank,Miscellaneous,Access,0.977037
access to to shared wednesday november hi please shared thanks senior accountant,Storage,HR Support,0.9768834
oracle issue with project tasks editing sent monday july issue with tasks editing importance high hi best tool fusion giving pain code tasks briefly ll present below what go have visibility for projects looks good choose code want tasks there click indeed description code chose still looks good tasks need go but surprisingly when choose view have already tasks needs show looks bad if you can investigate let know where issues or what doing wrong would much appreciate thank you kind regards officer en,Hardware,HR Support,0.9767139
not present sent wednesday hi please note cannot believe due fact we have name collision colleagues with same name can you please check let know outcome best regards,Miscellaneous,Hardware,0.97649604
cannot tag people comments sent wednesday july re backlog ticket issue hi investigate could you please log ticket if you have any other questions or need assistance please contact thanks best regards engineer en sent tuesday july re backlog ticket issue let give below have another issue working through would you be able help out currently one our users cannot tag comments question have tried look through permissions groups but cannot seem determine why functionality working would you be able help take look thanks,Hardware,Miscellaneous,0.97649527
data on systems usage usage hi working review processes looking usage existing provide usage per towards provide usage thank much senior,HR Support,Hardware,0.9757413
update pas wednesday pm hi update profile please her display thank,Miscellaneous,HR Support,0.9757214
core team member ask you please check if for showing correctly for,Hardware,Miscellaneous,0.97550344
cannot to pm cannot hi tried instructed please assist thank senior,Hardware,HR Support,0.9750143
add domains to thursday march re advise required suspicious hi please add blacklist regards wednesday march pm advise required suspicious hello please advise attached thank kind regards analyst ext hub wednesday march pm suspicious hi received attached which seems suspicious think please investigate take care thank best regards senior tester ext,Hardware,Miscellaneous,0.9748361
servers hi guys these requested needed until were expected kept yet july since then incur costs tried track down while understand where costs eventually advised ask decommission please decommission linked code also clarify linked code were since july thank thursday november re cost hi test earlier instances running incurring costs against code pp test pp test pp test pp test pp test stop costs continuing each environment decommissioned moment instances helps thank,Internal Project,Hardware,0.97458696
access to wednesday november pm question requests importance high hi please let make different order change little bit name default same both instead started process share information different folders dedicated otherwise information visible inside two teams members write delete privileges existing members privileges also write delete privileges starting today please let other details best regards,Miscellaneous,Storage,0.9744262
downloading files from wednesday march pm re downloading files hi writing right please help question thanks thursday march pm re downloading files hi reminder friday march downloading files hi help after technical interview each technical evaluator fills technical report possible download document find thanks,Storage,Hardware,0.9743853
falconer contractor extension to st february pm falconer contractor extension st hi please extend falconer her updated her contract extended until st thank kind regards planning,HR Support,Miscellaneous,0.97431946
development team access pm hi please add ad give site old kind regards re thanks moment review training materials thanks again senior software engineer date re hi ask modify right ad add permissions by creating locally starts bit messy needs permissions possible needs write write reading materials then provide level kind regards hey add users review documentation thank sir senior software engineer,Miscellaneous,Access,0.97414196
service now new service request non service friday february pm hello please create named possible create automatic routing then perfect other details please let thank ext,Access,Miscellaneous,0.97399443
extend pool extend pool hi please log assign order extend poll also please limit duration best regards senior engineer,Hardware,HR Support,0.97347665
deploy the inventory agent via to all assets belgrade july pm users hello were lead understand significant amount workstations tried information please assets which primary os owns said assets understand primary os requirement preference users please log deploy inventory agent via assets except assets which different by controllers thank regards consultant ext,Administrative rights,Hardware,0.9734234
communication to users for oracle fusion doubled absences thursday july pm communication users doubled absences hi please prepare users attached form well let needed dear please advised saturday july pm application unavailable activities related correction doubled absences timecards application possible kindly ask perform actions order preserve integrity thank understanding other details please let thank,Access,HR Support,0.9732324
revisal application not working for pop revisal application working for works for although receiving attached error please notes for further info,Administrative rights,Hardware,0.9732319
sub account request for information pm sub please red bellow proceed best regards pm re sub hi advised related excluding ones regarding redirected advise help users also inform thank administrator friday pm re sub hello progress thank friday december sub dear colleagues create sub which by add consolidated billing existing purpose define method card order avoid personal card same existing more formal step since charges performed possible make approach bring benefits clean separation resources per centralized usage per won impact ability work joint opportunity benefit combined usage discounts etc thank best regards,Hardware,Access,0.973116
windows reinstallation reported she needs reinstallation due her working slowly making her job difficult,Hardware,Administrative rights,0.97271866
problem after upgrading to windows re problem after upgrading hello sorry bother you friendly reminder ticket yet for issue thank you engineer ext en sent october problem after upgrading hello please open ticket she upgraded her but after upgrade laptop keeps restarting can get screen thank you engineer ext en,Hardware,Administrative rights,0.9726873
add to wireless and bucharest tuesday pm add hi please add wireless similar operation forwarded thanks update add dear further recent communication believe query has resolved resolution response please let further assistance matter reference number summary add resolver resolution notes description wednesday pm add hi please add wireless similar thanks lead kind regards ext ref msg,HR Support,Miscellaneous,0.97238356
re reminder we feedback annual it survey re reminder we feedback annual survey hi when try complete survey receive error second could you check please best regards sent thursday december reminder we feedback annual survey importance high annual survey we feedback dear colleagues thank you for feedback provided far we have collected complete responses with your help we believe any feedback useful can help build friendlier more efficient work environment when answering please consider interactions you had with processes survey link needed most deadline st december make count donate for each complete response delicious surprise awaits you you have fill survey provide your address you can be one lucky winners selected randomly answers received be aggregated allow statistical analysis case you have any questions regarding survey please contact customer care annual survey ext,HR Support,Hardware,0.9723098
assistance october assistance hello please log assistance enabling thank kind regards engineer,HR Support,Hardware,0.9722543
create project outlook create hello please create members thank best regards,Miscellaneous,Access,0.9715595
windows for the its team en analyst community builder ext hub wednesday pm re hi per thank hello please log install each based availability ours please advise suffice thank best regards leader ext,Hardware,Purchase,0.9715451
add add hello kindly ask add hiring user profile mirroring thank,Miscellaneous,Access,0.9711712
oracle notification duplicates sent monday notification duplicates dear let you know seems be issue with notification process received for same person same period timecard same below suppose critical for considering amount request you have related although could be added backlog future improvements thanks manager,HR Support,Miscellaneous,0.9710971
meeting option not available outlook re cannot log into meetings hello seems cannot send meeting invites can you please check why option longer available should be here,Administrative rights,Hardware,0.97096294
has left the please attachment details left able update her sheet she was bench for being please update accordingly,Miscellaneous,HR Support,0.97094953
project reporting sent wednesday hi for set should start forecasting for however unable enter forecast please below how forecast screen looks like let add can normally enter forecast other projects managing date tuesday re thank you tried enter forecast but seems like have privileges fields please advise best,HR Support,Hardware,0.9705448
oracle issues issues hi guys having some issues with sheet there task details options tried search but got results can you please advise best regards application engineer en,Administrative rights,HR Support,0.97000724
th floor printer sent wednesday th floor printer dear th floor printer working properly again error jam every second sent for printing please kindly try fix or replace with another one one seems be old broken thank you specialist,Hardware,HR Support,0.96991324
wrong approver sent wednesday cont si ca si manager manager si la la manager tot ca si ca alt ca sa fie se,Miscellaneous,Hardware,0.96971804
user cannot access the self service portal cannot access self portal hello please have look incident we logged thank you best regards analyst,Miscellaneous,Hardware,0.96964586
name correction sent thursday utilization being reflected forecast ability report hi indeed have be corrected well log ticket for colleagues get back you with updates when available thank you best regards analyst ext hub sent thursday re utilization being reflected forecast ability report hi still showing does need be corrected another senior manager date thursday utilization being reflected forecast ability report hi thank you for raising please be advised name corrected if there anything we could assist with please let know best regards analyst ext hub sent wednesday utilization being reflected forecast ability report hi utilization being reflected properly below what forecasted for him his last name appears be spelled incorrectly can be corrected correct spelling senior manager,Hardware,Miscellaneous,0.9694102
not charging charging dear please log ticket for request below thank you kind regards engineer en sent december charging hi stopped charging again you managed fix last happened could you take look for please thanks ext mob en glee your zone,Hardware,Miscellaneous,0.9692946
access to pas dear please assign based bellow thank friday november pm re hello help bellow thank friday november pm re guess closed by also submitted onto gets his want ask assigned thanks tuesday november pm re hi please approve granting write thank best regards engineer tuesday november pm has assigned hello please advised record number has assigned please review details take appropriate action reference number details requested location perform centre summary additional comments requirements requested hi please provide related code newly requested thanks help assign reference assignment summary location perform centre please link kind regards please ref msg,HR Support,Miscellaneous,0.9685402
account access thursday july hello help provided by client he provided credentials host accessing code paste hosts file stash moment receive out thank attention senior developer,Hardware,Access,0.9683492
wrong project code assignment sent friday july need help importance high hi please raise ticket for below request thank you kind regards sent friday july need help importance high hello guys sa subscription care intra can you please help urgent specialist,Internal Project,Miscellaneous,0.96827286
cleanup temp file from pc tuesday pm cleanup temp file pc hi please help cleaning file pc thanks thanks ext mob,Storage,Access,0.96820486
list com reachable from exterior reachable exterior hi please make reachable exterior thanks senior developer zone,Miscellaneous,HR Support,0.9682
local admin rights required rights required hello please enable order update receiver latest version thank senior application engineer,Access,Administrative rights,0.9680154
approval flow issues sent tuesday december re approval flow issues thank you cornel for raising issue reiterating cornel question please launch investigation bod understand why happening verify have rights accesses per other documents investigate why bod employees receive welcome message their st thank you sent monday december approval flow issues ladies there least developers have made recently requests for annual leave arrive because part approval flow remember same happened ago with another one developers think systemic issue since hire dates for them dec could we please launch investigation with understand why happening there zero way for know whether there other cases happening really like know when annual leave requests made thanks head,HR Support,Miscellaneous,0.9677383
missing task for project oracle sent july unable select task for hi guys sorry for bother encountered issue with last week friday find any tasks for code there were least them one after was called workshop logging code for last months never had issue colleague managed log her perfectly fine last week able multiple tasks for other codes well could you please take look let know if you require further info attached helps looking forward your best regards analyst,HR Support,Hardware,0.9675317
excel view thursday october pm excel view help enable excel view thanks,Hardware,HR Support,0.9675067
add new colleagues ms service ops it ops wednesday october add colleagues hi colleagues maybe added moment these colleagues receive calls dial extension please write other colleagues test setting thank best regards monitoring engineer,Miscellaneous,Hardware,0.96749353
internship laptop thursday february pm internship hi person internship weeks because period short going formal procedure kind regards center floor,Hardware,HR Support,0.9674777
change oracle rights sent monday november change rights hi seem have lost ability get projects set up codes can you help did have seems have planing officer infrastructure upcoming holiday st march th,HR Support,Miscellaneous,0.9674444
access rights wednesday march pm hello please log about discipline lead date march hi appears myself colleagues required rights leads screen buttons colleagues button upper left importing exporting leads add export excel import especially import button import lists leads events deadline submitting these leads great quickly arts thank kind regards campaign,Miscellaneous,HR Support,0.9674247
win creators version tuesday pm win creators version hi please ask whoever has grab mentioned subject save thank,Administrative rights,Access,0.967324
a for colombia friday july pm hi purchased colombia kindly asking assign tickets building these machines also please log him replenishment professional backpack plus wireless keyboard mouse jug headset thank administrator ext think ctrl,Hardware,Purchase,0.96710604
notification new pas thursday pm dear please out users taking evening agreed owner client heads addition information please hesitate kind regards engineer,HR Support,Miscellaneous,0.9664942
set owner of site thursday pm re testing hello owner site approve regards thursday pm testing hi please specify level needed assist once replies please part site owner thank kind regards analyst ext hub wednesday pm wants testing please accept decline information confidential legally privileged intended solely addressee opinions expressed mine necessarily represent opinions susceptible interference intended recipient disclosure copying action taken omitted taken reliance strictly prohibited unlawful received error attachments please notify delete accepts responsibility information,Storage,Miscellaneous,0.96529573
contact update update hello please update details thank senior tester,Administrative rights,Miscellaneous,0.96528196
thursday pm hi troops has he has loaded kindly build machine thanks administrator phone,Hardware,Purchase,0.9648303
timecard approval difficulties sent monday sa si click link cam tot ace si ie si chrome ca care si sheet regards software developer,HR Support,Miscellaneous,0.96481174
no team member allocated to the project sent monday march re code hi again forecast again indeed you helped add members code but think something went wrong when change period period there member allocated could you please advise thank you manager sent monday february code hi you need open separate ticket for below kind regards analyst ext hub sent monday february re update code hi please be advised members were added successfully we moment when you were trying add there was process running background please let know if you any other issues kind regards sent monday february re update code manager sent monday february re update code hi could you please let know what users you trying add kind regards sent monday february re update code hi trying forecast code but after adding receive message forecast add was successful but person added happens for different users can you please help thank you manager sent february update code dear further our recent communication we believe your below query resolved if you with resolution there need for response however please let know if we can be any further assistance matter please note interactions between clients regularly monitored order make high quality maintained reference number summary code resolver resolution details code was set up description sent tuesday february re servers please help with confirmation related sub type we need use for offers recovery further details below thank you manager sent tuesday february re servers hello again form template brief description field added also mandatory along with others be filled have information before progressing your request please let know if you require further information best regards analyst ext hub sent tuesday february re servers apologies but any difference between form you have sent one used can you please clarify thank you manager sent tuesday february re servers hello could you please use newest form template available here then send with fields filled best regards analyst ext hub sent tuesday february servers hello could you please help with opening code our please help with confirmation related sub type we need use for offers recovery further details below thank you manager sent monday february re servers hi please find attached set up form upon completion please send mentioning offer cost recovery asking their confirmation related sub type then request needs be sent please let know if you need filling form approved budget recovery infrastructure costs once code set up please add forecast thanks officer sent monday february re servers approved can someone set up code we ll need forecast thanks sent february re servers hi sending for your review proposal updated with outcomes our meeting today infrastructure look forward for your feedback for being able send form thank you manager kind regards ext hub ref msg,Hardware,Internal Project,0.96467066
new request ms its snow support pm re hi part include yet take care once she begins name please snow thanks re hello thank idea definitely wish part believe well perhaps add too since she involved processes also perhaps more oriented name chosen make comply best practices naming convention concerns fine thank best regards leader ext pm hello awesome please create called snow ladies containing users please let part well best regards analyst community builder ext hub,Hardware,Miscellaneous,0.9630837
report issue sent friday december report issue hi guys experiencing following issue with report for report does give logged hrs th november report freshly generated ago but her sheet can she logged hrs th she was work could you please have look thank you manager,HR Support,Hardware,0.96299464
service now issue re ocurred re issue hello raising again with you have once again same issues previously described could you please help thank you,Administrative rights,Hardware,0.962788
exec action list issue sent thursday exec action list issue hi there please below believe should be able used others can what happening resolving links wrongly etc location lead,Hardware,Miscellaneous,0.9626622
change thursday pm please code also he martinez regards qui ones senior,Internal Project,Miscellaneous,0.9623277
import new job details for belgrade staff thursday pm re hi agreed reference date job title which st mentioned order perform import please provide information excel file hi please log assign queue import job details thank kind regards analyst hi guys perform import job details st order capture please let provide order import enough reference number rest details job remain same thank wednesday pm hello moved location please added other where needed hide old selected valid provide applies information updated individual records regards,Hardware,HR Support,0.96201396
problem with approve timecards oracle sent wednesday problem with approve timecards hello have problem approve timecards for for following period when open timecard click approve approve button grayed out nothing happens timecard after disappear work list after couple minutes following error displayed applications discipline lead,HR Support,Miscellaneous,0.9620085
import the new templates on computer wednesday july import templates computer hello everybody templates how import computer order document required style appreciate instructions thanks kind regards recruiting germany main main,Hardware,Internal Project,0.9619858
user creation sonar thursday re hello please add next sonar marked color therefore sonar created by regarding profiles choose profile by choosing configuration profiles were attached existent profiles agrees certain requirements call identify rules custom profile regards thursday re hi confirming ideally everyone sonar reports cannot done then individuals possible also ask individuals elevated permissions ability define profiles etc thank wednesday pm re hi replicated job under sonar reports therefore steps job job framework sonar job framework sonar sonar job changed git user reusable git sources pulled by instead maven build step goals changed deploy number build number clean compile number build number since maven goals getting skipping sonar analysis due bad build status failure added step analysis maven pushes reports sonar please sonar reports sp sonar dashboard index also granted view sonar reports noticed too late written parameters nexus repository build deploy maven goal artifacts were pushed deleted nexus sorry added profiles widgets etc sonar help please unblock reusable ad since known issue regards wednesday pm hello please assist regards analyst ext hub wednesday pm re sonar hi think more details understand needed expectation which push sonar then sonar create push update additional metrics subsequent pushes also give push assign permissions assumptions good also provide user guide how job integrate sonar thanks head wednesday sonar hello please advise ran successfully find name sonar regards analyst ext hub tuesday pm re sonar hello link framework thank lead tuesday sonar hello please note granted generic sonar where log yet find framework sonar ran successfully sonar maybe provide link sonar call hold awaiting response regards analyst ext hub friday re sonar hello understand these steps sonar sp sonar sessions authentication failed enter credentials other hand please let thank lead wednesday sonar hello well kindly attached guide advise steps integrating sonar completed find framework link created by under slightly different name steps taken sonar pm provide details once appears sonar create needed also also updated configuration plan exists tracking purposes looking forward hearing thank much regards analyst ext hub wednesday has assigned hello please advised record number has assigned please review details take appropriate action summary requested item details null choose template applicable please provide short description sonar details user provide link updated aims platform connect main app has called framework sonar sonar user by says authentication fails please help sonar link forms sites procedures view add requested location please link kind regards ref msg,Hardware,Access,0.9619037
customize project demand tuesday pm customize demand hi recently created demand thank track matching staffing requests arrived available candidates pipeline rotations enable help configuring custom issues types custom issue customizing detailed please create issues type vacancy having custom drop down user select option predefined options add values add these values client name custom drop down user select option predefined options add values priority existing please update available options keep option high medium low please investigate icon medium loading name text default text renderer date date date picker form editing core skills text default text renderer grade wanted custom multi select similar component available values grades st se cl sc job description text description rename job description intern vs recruiting drop down single option empty issue created available options intern recruiting candidate name text default text renderer actual grade custom drop down single option available values grades st se cl sc actual date date date picker form editing role summary rename role please make mandatory creating editing vacancy issue type client name priority name date core skills grade wanted grade wanted job description role issue type icon story issue type please activate these issue types story task test create separate configured these type issues available more details needed thanks,Hardware,Access,0.96170163
access to tunnel granted access re access tunnel hello please be advised still have access resources neither by nor received hosts file every developer their computer was installed driver etc folder attached links cannot be accessed thank you,Storage,Hardware,0.9616571
received from account tuesday november received hello received tried include picture which by also track included junk folder attached copy wanted keep posted thank best regards software developer,Purchase,Storage,0.9611529
set july hi received morning looks bit dodgy wondered out thanks kind regards july,HR Support,Hardware,0.9608895
dashboard bug export hello when downloading export results for october noticed have good resolution satisfaction word could you please fix resolution issues thanks,Miscellaneous,Hardware,0.96063447
annual satisfaction results presentation wednesday pm annual satisfaction results presentation hello help please thanks wednesday re annual satisfaction results presentation hi doc re annual satisfaction results presentation hi everyone going presentation today appreciate review report together come prepared recommendations how improved please make attache recommendations kind regards appointment wednesday july pm annual satisfaction results presentation wednesday pm pm where inspire meeting room floor hi attend party friday rescheduling next final presentation thanks attend hello back holidays make attend presentation putting take less depending issues raised make presentation available beforehand relevant instructions how works until then results available please results let meeting causing difference scores having repeat information how plan mitigate quite few comments saying multitasking assisting multiple users same stay front monitors without forgetting connected find comments quite interesting belfast he gets lot praise please share these results via link provided kind regards,HR Support,Hardware,0.9601819
for hi has make implemented notes thank senior engineer client,Hardware,Access,0.9601617
access request for thursday pm library requesting library links library manage setting library note site site site provides central storage collaboration information ideas site tool collaboration tool communication meeting tool decision making site helps groups work teams social groups share information work together example site help coordinate calendars schedules discuss ideas review proposals share information keep touch other sites dynamic interactive members site,Miscellaneous,Hardware,0.9599409
laptop not update windows attached,Administrative rights,Hardware,0.95989007
can select when creating lists users hello guys when try create lists with can select organizational units can you take look please looks like our whole experiencing problem we have for users but for groups,Hardware,Miscellaneous,0.9595393
add user to ms project delivery pm add hi please add regards engineer please consider environment print,Miscellaneous,Access,0.95887315
install friday re kind hello thank help install how thank regards leader kind hello respect please path cd key order install said resource machine license key require further assistance due gladly give helping hand kind regards analyst ext hub friday pm re kind thank kind hello please approve kind regards analyst ext hub friday kind hello please help install pc creating procedures thank regards accountant kind hi please install work near back once done thanks head,Hardware,Access,0.9586993
have access to add or modify columns re request create for hi can you please help configuring board seems have access add or modify columns either rename epics after add them would like set up today thank you manager planned annual leave th th,HR Support,Miscellaneous,0.9584944
for hi please help creation part thank best regards programme portfolio officer,HR Support,Access,0.9584727
responses to be imported from re responses imported thanks gap chart detailed satisfied satisfied also charts loading,HR Support,Hardware,0.95844877
forwarder outlook calendar organizer rights and contact card forwarder calendar organizer rights card hello starting taken leader therefore help matters please forwarder mine next until had series reminders tasks these reminders visible members calendar forward these reminders has right because organizer transfer her rights organizer forward reminders possible create reminders scratch least option card displaying specialist amended please help piece information please hesitate thank best regards leader,Access,HR Support,0.9584416
problems pas problems hello we making updates our we have problems when changes takes minute we need for codes for each please treat with high priority we need have data saved by today thanks programme portfolio officer,Internal Project,Hardware,0.95841545
oracle account hi can access order complete can you please help with thank you specialist,HR Support,Hardware,0.95810455
project does not have any tasks with oracle fusion friday pm tasks submit task thanks registered under number whose registered old broad street kingdom provide clients each subsidiaries separate entity has liability,HR Support,Internal Project,0.9577919
ticket needed for needed hi kindly ask allocate bag thanks kind regards infrastructure mob ext street center,Hardware,Miscellaneous,0.95774776
staff utilization report oracle utilization report hi approve please thanks hi rise assign reports thank best regards application engineer wednesday november pm re utilization report hi thank prompt report referring best regards head wednesday november pm utilization report hi please location where stored report order avoid making changes other reports thank best regards application engineer wednesday november pm utilization report hi discipline utilization report gathering raw discipline report purpose reports producing report accounts clients utilization report provides regarding client name tried aggregating under clients accounts manually quite diverse change over practical aggregating under same client manually effective prone error question utilization report supplemented column outlining client name every code presume client name available moment these columns available how about changing report require please advise looking forward best regards head,Miscellaneous,Hardware,0.95703804
changes thursday february pm predate apple va merci,Miscellaneous,Hardware,0.95700336
address book book dear please add book thank good cordial,Hardware,Miscellaneous,0.95689756
utilization not being reflected from forecast to ability report sent wednesday utilization being reflected forecast ability report hi utilization being reflected properly below what forecasted for him his last name appears be spelled incorrectly can be corrected correct spelling senior manager,Hardware,Miscellaneous,0.95673275
testing line managers friday july testing hi please update add thanks testing discipline lead,Miscellaneous,HR Support,0.9565083
git access tuesday march pm platforms comparison connected git permissions hello please git repository platforms thank date tuesday march re platforms comparison connected git permissions added developer git cannot add probably thanks tuesday march pm platforms comparison connected hi please find attached document high level design overview source code located platforms track progress board work documented confluence connected cars lead by unfortunately covering licenses costs goals identify differences various platforms platforms comparison phase azure electric imp by azure next phases idea cover other platforms well ibm analysis include dumb devices vs edge devices languages various platforms speed ease pricing protocols agreed work platforms comparison also related opportunity short description vehicle driver has mount vehicle port automatically authenticated by starts monitoring tracking vehicle basic analysis done via module collecting archived database eventually alarm triggered crash hard stop boundary vehicle defined area user driver also carrier entities manage companies device monitoring by super companies available administer carrier companies managing carriers fleets vehicles drivers further dashboard companies available basic functionalities position map table basic alarms alerts per carrier historical per carrier vehicle dashboard carrier subset dashboard where carrier track monitor own fleet position map table basic alarms alerts user driver develop application minimal alerts alarms presented visually driver architectural proposal details available confluence platforms link connected cars link hardware devices platforms azure programming languages squirrel hibernate node databases mobile client android client sprint demos available regards,Hardware,Access,0.9555352
add com to block list wednesday march pm hi add thanks march re different prepared march re third seen seen teams march good march want make transfer upon receipt information complete thanks,Miscellaneous,HR Support,0.95536923
please add users queue wednesday july pm please add users queue hello please add two users users queue queue mailbox questions please let thank kind regards analyst,Access,Miscellaneous,0.9552182
event notification ground floor main door open sent wednesday march event notification data event ground floor main door open source cafe details details details,HR Support,Hardware,0.9550567
windows installation installation hi take out installation had initially severe issues engineer has sorted think top nagging thank best,Purchase,Administrative rights,0.95501125
can not access oracle sent friday november hi able reach today wider issue client,HR Support,Hardware,0.9545748
project required date tuesday july re hi attached find filled out form thank response head date tuesday july hello please advised granted application order create please fill attached form back looking forward hearing kind regards analyst ext hub july pm hello starting called inflight code let how assist thank head,HR Support,Internal Project,0.95451313
change cloned error to be cancelled sent tuesday july please delete hello dear would you be kind assist with below request think was supposed reach your thanks kind regards analyst sent tuesday july please delete hi could you please delete draft was cloned error longer required thanks kind regards senior server infrastructure engineer infrastructure managed mob,Hardware,HR Support,0.954178
provost issues incident fusion please assigned hello please be informed temporary password sent your should you need any further assistance please let know unfortunately we can assist with issues can you please raise ticket for issue assign appropriate thank you kind regards engineer sent tuesday november incident fusion please assigned please be advised record number assigned please review details take appropriate action description fusion please have had issues with today especially believe have found way fix but tells need contact you below you can screen comes up have able add for second behind losing money delayed report multiple attempts you need provide temp password enter fusion have sent last correspondence we had regarding issue for your reference below our last correspondence hello please be informed you have your password your you can use for logging fusion boxes should be completed with following information host name password you can find your should be empty field complete should you need any further assistance please let know kind regards engineer details requested for contact sales address location states atlanta atlanta line manager summary request please provide info action item under constraint additional comments or requirements please provide info action item under constraint please provide temporary for fusion information below boxes under constraints for purposes image thank you se sent forgive errors assign fusion ticket reference assignment request summary please provide info action item under constraint location states atlanta atlanta attachments image access request please click following link kind regards ref msg se summary fusion please number priority low assignment location states atlanta atlanta access incident please click following link kind regards ref msg,Miscellaneous,Hardware,0.9540932
remove and from main dashboard tuesday main dashboard hello please main dashboard active polls monitored thank best regards,HR Support,Hardware,0.95402104
access to the tuesday re hello again sorry went although did location itself denied link actual document because opens excel visible please therefore please actual excel file link administration shared awareness although imagine her won again thank,Storage,Hardware,0.9539244
access oracle test test hi please test instance test faces null ctrl thank regards accounts receivable accountant,Access,HR Support,0.9538797
and for friday february pm hi switched pack application installed please help thank regards senior tester,HR Support,Hardware,0.95320964
issue resolved issue resolved hello last week have helped with issue by thank you,HR Support,Miscellaneous,0.95219886
reinstate admin rights off project reinstate rights off hi please process reinstate rights since currently off also tool connecting installed has never worked thank regards mob ext,Hardware,Administrative rights,0.95194596
mail client disconnects after changing floors client disconnects after changing floors hi please be informed have issues laptop after switching tower building please advise unit manager,Hardware,Administrative rights,0.95150393
for federation follow up re updated federation resolved yet please touch details,Miscellaneous,Hardware,0.9508184
oracle pas new project code creation pm cod upgrade app hello please create under client code stated attached form please let additional required best regards pm cod upgrade app cod upgrade la mine thanks,Internal Project,Administrative rights,0.9508067
urgent access required urgent required hi key urgently resolve next two please regards client,HR Support,Hardware,0.9507716
st of july friday pm st july hi please reject card approved st july he annual leave card done thank,Access,HR Support,0.95016104
attachment internal error hi when trying attach multiple files only ones smaller size get attached for larger ones receive error limit for maximum size attached file client body size might set low value if lower can be raised about mb if what could be problem thank you,Hardware,Storage,0.9501165
account needed tuesday pm resolved hello kindly assist thank kind regards analyst ext tuesday pm re resolved hi since cannot credentials log other credentials provide user name please maybe getting wrong please advise thank kind regards infrastructure,Hardware,Access,0.9500504
investigate current device performance thursday march pm action required approve requisition dear please log investigate device performance please return attach over possible kind regards administrator thursday march pm re action required approve requisition hello please kind help compile device name price cost centre supposed please investigate device attach conclusions investigation thank consultant march action required approve requisition amount requester replacement replacement specification storage least processor intel processor enough model justification suitable reasons old model more than years actual device perform enough environment enough computing memory storage approve reject lines replacement old older than years assets accessories task planning action history submitted future approvers view task details,Hardware,Miscellaneous,0.9498229
it ops tuesday hello registered hardware since hot monitors screens rather than individual users lead information confidential legally privileged intended solely addressee opinions expressed mine necessarily represent opinions,Hardware,Access,0.949792
lock screen image testing week tuesday july lock screen image testing hello testing planned method re taking consideration update modify lock screen image two event change add stamp over existing lock screen image please possible modify existing image add stamp want make update thanks senior tester blvd floor district blending industry expertise,Hardware,Access,0.94976795
configure and personalize outlook on new laptop tickets hello please tickets assigned queue provide cable personalize thank help kind regards leader mobile,Purchase,Administrative rights,0.9493261
new pas travel forecast sent thursday october forecast hi could you check reason why after deleting value for october number still showing showing for forecast officer en,Internal Project,Hardware,0.9492842
ticket issue tuesday july user listings his importance high hello please advised has updated best regards analyst july pm re user listings his importance high hi log create shows accounts payable invoice attached,Miscellaneous,Access,0.94899255
accommodate the networking infrastructure on th floor for connection to the network tuesday november pm floor stack hello infrastructure floor has accommodate devices connect has moved floor please bring networking infrastructure floor where thank consultant,HR Support,Hardware,0.9482397
status new has been added for servers network devices status has added devices dear colleagues please informed according cr status has added devices status means equipment procured by which has inventoried by label install setup computer name etc inventory flow add equipment status view status install take assets by install setup name according dashboard computer name name engineer update user which has allocated after agent install synchronized status change automatically growth also other attributes populate status changed growth assigned user null via schedule job questions please thanks senior consultant,Miscellaneous,Access,0.9481206
please set as project manager for systems oracle send guide friday please dear please code thank best regards agile next annual leave,Miscellaneous,HR Support,0.9476335
cannot edit content on after receiving write rights sent monday re access members hello colleagues have tried access folder although have access rights for existing documents cannot copy own documents or modify existing documents location could you please matter thank you kindly sent monday access members hello please be advised granted them write access requested site please note synchronization might take up hours please asked them restart their afterwards try should you need further assistance please let know thank you analyst community builder ext hub sent friday access members dear colleagues please access our folders disciplines testing testing our colleagues thank you kindly senior tester registered under,Hardware,Storage,0.9469154
for change sip address console november re meetings hi create meeting invites issue name appears invite link created changed name few years ago updates were made looks reverted since about instead please resolve confusing persons having meetings thank october meetings hi create meetings option available add path other colleagues reported problem well recently please advise how proceed thank,Miscellaneous,Hardware,0.94655865
remove lazar and from approvers list on friday pm re wants hi keep receiving messages owners rights approve decline requests unfortunately right person suggest he guide right note kindly ask both myself where order receive requests thanks officer friday wants hello kindly looking forward hearing thank best regards specialist ext hub friday pm wants saw once interface also want different templates materials useful accept decline,Miscellaneous,Storage,0.9461945
bucharest owners list for thursday february owners hello please ad owners thank communication specialist,HR Support,Miscellaneous,0.9456794
windows fresh install on laptop fresh install hi fresh install operating has grown considerable size thus taking too much partitioned sizes causing issue related free single partition good since afford downtime br,Hardware,Administrative rights,0.9451881
oracle optimization project test issue type optimization test issue type hello please add test issue type optimization billing board create tests hello please create assigned thank best regards tester,Access,HR Support,0.94481385
leaver us nj october re leaver nj october thank you date thursday october re leaver nj october hello everybody disable her domain too message was setup you requested kind regards engineer id image sent thursday october leaver nj october importance high hello writing inform you employment with terminated effective immediately last working today october please send leaver document manager her access should be shut off asap please add out for with following verbiage hello thank you for your message please be aware longer active if you need assistance with pending deliverable any your projects please contact head digital design best manager id image cd,HR Support,Hardware,0.9447266
cancel meetings organized by another person cancel meetings organized by person hi please help cancel attached recurrent meetings these by colleague maternity leave owner make changes cannot organizer thank kind regards programme portfolio officer,Miscellaneous,Hardware,0.94453406
service now feedback script error sent friday your feedback impact hi think there some errors content below best regards senior analyst sent your feedback impact script render error script assessment notification does exist feedback sn ref notify assessment ref msg,Miscellaneous,HR Support,0.94329876
new pas project issue sent wednesday february issue dear kindly request your open ticket related with next issue id issue cost calculated automatically by have difference with calculation cost requirement provide detail cost calculation performed by for month order check what would be difference troubleshooting already performed grade confirmed location confirmed name grade location cl bod cl bod se bod en bod en bod bod detail difference found cost cost difference regards manager colombia,Miscellaneous,Hardware,0.94321
update for and wednesday pm hi please log call amended thank regards leader annual leave notice wednesday re acceptance phase thanks both running hyper elevated update please liaise members update accordingly thanks again officer re acceptance phase hello understand migration needs fixed re confident properly take regards leader annual leave notice wednesday re acceptance phase hello two virtual machines operating details historical each assets notice latest patches updates please note did trigger decommission virtual physical these were done prior were moved thanks kind regards officer re acceptance phase hello please ensure required populated these added patching cycle operating selected platform filled prod test far least vs operating bit please entire back fixed thank regards leader annual leave notice tuesday acceptance phase hi everyone please advised acceptance cr has raised tasks assigned yourselves technical documentation has reviewed updated consulted setup spreadsheet has validated well session held teams invited partake cr reject feature scheduled thanks kind regards officer,Hardware,HR Support,0.9428272
requisition table columns friday pm requisition table columns hello please assign thanks engineer tuesday pm re requisition table columns tuesday pm re requisition table columns hello please provide where column better understanding kind regards engineer pm requisition table columns hi possible add column requisition table called name information available inside each valuable information also table thank discipline lead,Hardware,Miscellaneous,0.94260895
access to hello help information needed connect think looks regards senior developer,HR Support,Hardware,0.94233346
update hi discussed please assets investigation,Administrative rights,Miscellaneous,0.9419689
new oracle system queries wednesday july pm re importance high hello think lot speak about these noticed type task details available options changed example book code task detail activities seems option design implement transition closure which these choosing also comes type option billable booked which encompasses couple codes finding slow work clicking options presents spinning wheel sits while freezing then logging out due inactivity working booking code task detail option anymore where booking type please thanks july hello please advised issue working resolution found notified require further assistance part please hesitate thanks kind regards analyst ext july pm re hi got past stage everyone also getting error thanks july hi supposed morning log tried both options nothing seems let thanks south east region presence leader,Internal Project,Hardware,0.9419248
test machine credentials friday test machine credentials hello super user credentials machine help best regards developer,Access,Hardware,0.9406415
logging time problem logging problem hi our prevents spent level per requires instead have advised log more than can you help analyst,HR Support,Hardware,0.9395752
oracle information for sent thursday information for hello could you please check if below issue based display errors profile can line manager career set wanted please attached capture thank you administration officer sent re information for hello there was update information can there issue displaying data kind regards senior tester en sent wednesday re information for hello please attached structure profile details should be fine regards administration officer sent information for hello there issue with information for line career his line manager his career can you please help fixing kind regards senior tester en,Hardware,HR Support,0.93957096
new agile practice agile practice com agile hello please add agile kind regards discipline lead,Miscellaneous,HR Support,0.9389287
neon database restore request thursday neon database restore hi please production neon circulation database restored database asap software developer mobile,Administrative rights,Hardware,0.9385311
request wednesday november pm re want add also same issue regarding her requests thank wednesday november pm hi guys member whom receive vacation raised please receive rights thank registered under number whose registered old broad street kingdom provide clients each subsidiaries separate,Hardware,Miscellaneous,0.9381933
snapshot tuesday october pm snapshot hi please let create snapshot sec has perform tests restore possible os crash think help please let he must please treat matter urgency perform tests today tomorrow thanks,Access,Hardware,0.9377921
update project finish date thursday pm update finish date hello please update finish date regards senior,HR Support,Internal Project,0.93775517
access to pas for friday pm re please provide thanks please restricted shared each owner view his hers link thank friday pm please provide importance high hi please provide she view she owner she needs forms under cost centre folder thank,HR Support,Storage,0.9371246
user sent monday re update with unlimited password hi still can access server maybe because rights could you give same rights for please attached image for clarity thank you best regards,Hardware,Access,0.9367463
oracle expense app sync issues sent friday march expense app sync issues have using app happily for while but when go into get error when tries sync failed please ensure server name name password correct have tried entering password but still get error server name looks correct changed thanks manager en,Administrative rights,Access,0.9362966
connect devices to switch on th floor thursday october pm connect devices switch floor hello please log connecting ports comes thank great engineer ext october re connect devices switch floor hi these ports floor thank october re connect devices switch floor hi about connecting assets dedicated switch because these devices cannot connected directly switch connect other users please write best regards senior engineer thursday october re connect devices switch floor hi thanks lot helping kindly ask also allow user his also user requested his allowed status also please verify user has thank phone wrote hi yesterday according moved switch floor floor today help connect devices specified switch floor best regards senior engineer,HR Support,Hardware,0.93577397
space required on drive thursday required drive hello help drive talked solve issue thanks senior developer,Storage,Hardware,0.93546754
change working hours for tuesday december pm rejected hi please help she submit timecard working thank tuesday december re rejected ca pot ore pot face submit la tuesday december re rejected ca si va task type maternity leave se leave ore care pot,Hardware,HR Support,0.9351922
access badge not working properly access badge working properly hello today working after maternity leave encountering issues with access badge can leave floor but cannot enter again same behavior for other floors need special access restricted floor thank you senior developer mob,Hardware,Access,0.93502265
request for info friday pm re ca dear please let owner simplify word owner beforehand maybe needs done order delete thank friday ca ca observant ca face parte el discipline lead,Miscellaneous,Hardware,0.9345399
service now add to telephony requests thursday march telephony requests hello please add telephony requests he subject matter expert region kind regards specialist,Hardware,Miscellaneous,0.93444633
upload and transfer to upload transfer hi please rise assign reports thanks best regards application engineer wednesday pm re upload transfer please provide reports thanks wednesday pm re upload transfer hi cost transactions report regards wednesday pm re upload transfer discussed please find attached ledgers mapping had call explained usage cost transactions report how he ledgers well please ask kind regards friday pm re upload transfer want details around justify variations budget forecast how other uploaded via justified variations head thursday pm re upload transfer hi compare forecast coming cost loaded based file which far also included narratives majority transactions question about forecast then known by moment question understanding question properly regards thursday pm re upload transfer hi please thanks head tuesday pm re upload transfer hi saying wants details therefore question myself prepares journal how did past justify variations budget vs head tuesday pm re upload transfer hello load means movement per combination natural provided file details available his please provide question thanks tuesday pm re upload transfer hi store information transactional level more details about load regards tuesday pm upload transfer hi received today question upload after transfer transactions thanks head,HR Support,Hardware,0.93434495
cannot sync files with app for cannot sync files with app for have app installed have designated folder hard drive for syncing when use web interface try sync file machine nothing happens running for version have also tried update app through app store cannot get spinner runs nothing happens,Access,Administrative rights,0.93383175
oracle team member remove pm member hi guys please removed he supposed join changed his mind him submit he thanks technical leader,Miscellaneous,HR Support,0.9330844
sharing filter with the project sent thursday february sharing filter with hi can you please help with allowing him share filters with seems does have option anymore thank you master analyst,Storage,Hardware,0.93292296
extension cord extension cord hello order cover monitors colleagues same extension cord please provide item assets thank,Purchase,Hardware,0.93171746
issues exporting flows or viewing flows into system issues exporting flows or viewing flows into hello have difficulties exporting flows viewing individual flows tool when exporting get obfuscated document attached only ie chromes works when pressing view flow button being prompted for password then get error bellow have tried multiple times unauthorized access denied due invalid credentials you have permission view directory or using credentials you supplied could you please have look thank you head applications,Access,Hardware,0.9317128
check permissions thursday re item publicly hello please log assign queue thank senior engineer re item publicly,Purchase,Hardware,0.930743
unable to access service now lock check notes unable access hello please be advised we have logged above mentioned ticket for lock unable log into due wrong password error message could you please have look best analyst,Access,Hardware,0.93071276
service now question question hello question how clone existing configuration item thanks senior infrastructure consultant,Access,Hardware,0.9305956
issues with logging leave oracle sent friday issues with logging leave dear can you please let know how can log into leave according with documentation should have sick leave option task details but available please below thank you analyst,HR Support,Hardware,0.93058544
add afield to the notification tuesday november pm re requested item warning hi needed quite easily rely user kept date also uses user location than rest clients back please log under name thank november requested item warning hi question capture region therefore out presence difficult identify which member way add out cheers change control presence mob,Access,Miscellaneous,0.93058527
new list project friday july hi started needs created please containing thank much,Internal Project,Miscellaneous,0.9303097
responses for not imported from survey gizmo responses for imported survey gizmo hello could you be kind check survey imports survey gizmo we received responses our clients manager senior manager when trying select accounts does even appear list apparently one contacts responded yesterday but response was imported there might be other responses imported noticed these please raise incident assign accordingly case you require further information please let know thank you customer care en,Miscellaneous,Hardware,0.9302231
change on assets friday pm assets hello off thanks flagging issue upon further testing found present image task sequence quite while colleague has alleviated issue thanks intervention unfortunately changes retroactively luckily identical daylight daresay re shift anytime furthermore while changing requires which users nonetheless changing zone trivial users per order adjust athens zone choice required please also log his kind assistance image changes required please also help disseminate information proceed close more help hesitate thank great weekend ahead engineer friday pm assets has assigned hello please advised record number has assigned please review details take appropriate action reference number details requested location summary assets additional comments requirements friday pm re zone hello cannot reference thus suggest log follow process impact due fulfillment amendment needed related image then take regards leader friday zone hello user complaining coming instead setting image wrong during install hello did attention tried discussing issue hello issues clear means investigation escalated cannot then thank best regards client friday pm zone hello everyone please advise thank kind regards analyst ext hub friday pm zone meeting la zone loc ti pare default vin pare la alt assign reference assignment summary location please link kind regards ref msg,Hardware,Miscellaneous,0.9296855
issue accessing with user sent wednesday july cannot access with generic hi guys we using generic for currently locked we can use retrieve important information for could you please unlock let know credentials current pass thanks senior tester colombia,Access,Hardware,0.9295184
part time working code approval query wednesday action required entries hi guys please thanks tuesday pm fwd action required entries hi part working code due drop off thanks date action required entries task application take action links actions approve reject entries details assignee assigned date task number recommended actions entries card details card period status submitted card comments reported type code location task details absences location details days comments totals mon wed sat stop stop stop stop stop stop stop cost regular germany bench bench cost regular part working out due part working cost regular public holiday leave germany public holiday leave daily totals calculated type code location task details absences location details days comments totals mon wed sat stop stop stop stop stop stop stop cost regular germany bench bench cost regular part working out due part working cost regular public holiday leave germany public holiday leave daily totals related links comments display,HR Support,Miscellaneous,0.9289067
write access on account friday pm write hi please write thank,Access,HR Support,0.9286503
post warranty support services sent monday november post warranty post warranty action required renew your product description serial number product end date,Miscellaneous,Hardware,0.9278987
oracle visibility of costs charged to wednesday visibility costs charged morning help please right details re costs charged which please purchase requisitions etc links window attached moment thank head,Hardware,Purchase,0.92712647
setting personalize list columns thursday july setting personalize columns hello please add summary option form column personalize columns please user short summary search results way display please advise steps take order enable thank kind regards analyst,Access,Miscellaneous,0.92671657
send surveys and reminders only on weekdays november reminder feedback has impact hi please surveys reminders weekdays thanks november reminder feedback has impact dear because has resolved close resolution appreciate opinion how satisfied feedback referring dashboard number unique accessing tool recent years feedback improve processes deliver more focused training reward recognize best among regardless scores give take moment work say thank please bear mind survey session expires kindly advise submit feedback responses within opening survey want provide feedback closed drop feedback thank feedback sn ref notify assessment user ref msg,Hardware,Miscellaneous,0.9259345
remove addresses from tuesday march pm addresses hi please addresses corresponding ad accounts disabled false false false caballero false false false false false false thanks,Miscellaneous,Access,0.925875
staff issue sent thursday issue hello could you please rise ticket for assign kind regards engineer sent thursday issue sa care set sa ca sa set engineer sent wednesday issue hi guys update la set report inca merci planning analyst,Miscellaneous,Hardware,0.9257488
possible few days left for tax filing due date file your taxes now few days left for tax filing due date file your taxes could you please believe kind virus sent monday july few days left for tax filing due date file your taxes hi made tax filing much easier faster year you need form finish your tax filing less than minutes start you can file yourself for free matter how complex your returns have switched jobs multiple form individuals having income gains interest etc foreign income income deputation start please file avoid rush before last date thanks st july onwards mandatory link your pan with mention your returns if you have for you can mention enrollment number your returns if you would like receive these please here,Hardware,HR Support,0.9250094
copy of for copy dear please assign thank kind regards analyst,Miscellaneous,HR Support,0.92490816
available la available la hello care la si available comers lost cards si ne care si ca va,Access,Hardware,0.92454964
edit project settings file file hi helped change configuration file please log please add file tomcat tomcat thank engineer,Miscellaneous,Storage,0.9239455
service now remove from low satisfaction score notifications wednesday pm low satisfaction score locked out hello please kind survey algorithm manner exclude user receiving additional feedback surveys please log assign accordingly require further information please let best regards care wednesday pm re low satisfaction score locked out hi please kind regards lead administration specialist contingent extension building number fax contingent makes assignments available contractor jobs app updated opportunities download app android please consider environment printing low satisfaction score locked out hello begin by expressing sincerest apologies inconveniences experienced during interactions thank taking complete feedback survey detailed feedback helps identify gaps improve deliver implementing series care refreshers analysts order improve deliver ensure neither colleagues repeat information analysts understand complications customers repeating same information multiple analysts assure matter taken care notice improvements regards provide raised engineers investigate advise algorithm faulty explanation multiple surveys receiving seems possible receiving feedback surveys want provide feedback drop progress accordingly please let proceed removing assist please hesitate best client pl,Hardware,Access,0.9231978
for profile picture low resolution sent monday july for profile hello set up profile picture by editing profile one name about change your photo other for etc have started using profile picture but even though used high resolution image resulting profile for horribly low can you please advise or offer alternative for adding good picture thanks,Administrative rights,Hardware,0.92302245
from sent wednesday december importance high hello any below thanks kind regards infrastructure manager annual leave th th december sent wednesday december importance high hello was informed by send stuck queue though every other external being send without any issues could you let know if can be caused by issue reported today we haven started making any changes perspective yet where start with could happen with other clients well though can confirm receiving our clients throughout tried sending test haven received stuck outbox if you could have investigated possible would really appreciate let know if you need further information thanks kind regards infrastructure manager annual leave th th december,HR Support,Hardware,0.92299044
outlook link si link si si par sa introduce pass se sip si si,Hardware,Administrative rights,0.9227007
shared purchasing com wednesday pm shared importance high hey told minutes ago helped her gaining shared her mobile phone she st then guys how achieve informed while ago impossible tried best failed myself maybe other members too devices personal added mobile device works fine add phone assistance please help thank administrator phone,Purchase,Hardware,0.92260134
access to en hi transition device number please provide number appreciate resolution issue thanks,Purchase,HR Support,0.92206466
slack slack hi needs submit bugs instance his instance slack he has suggested install please help regards,Hardware,Access,0.9219691
issues issues hello during course today we have experiencing intermittent issues with interface stops responding various stages interface buttons can longer be pressed best regards click here find out more about experience en address blvd th floor district please refer section our for list entities,Administrative rights,Hardware,0.9218227
problem with electric pillar from the fifth floor tuesday october electric problem hello had problem electric pillar fifth floor fuse pillar off reason advise thank kindest regards,Administrative rights,HR Support,0.9206809
assign new card for wednesday pm re starter card enabling importance high dear colleagues please note possession card activate serial thank best regards starter card enabling hello please advised activated card by default received preferences per has also area assist let thank kind regards analyst ext hub thursday pm starter card enabling hello ladies please specify card number assign starter thank kind regards analyst,HR Support,Access,0.92032677
complaint ticket triggered erroneously sent wednesday february low satisfaction score for height adjustable monitor hello confirmed with scores below should have triggered complaint therefore please investigate or escalate if required please contact myself or for any further details depending their nature if questions related how complaints should be triggered would be most entitled information thank you best regards leader ext sent thursday low satisfaction score for height adjustable monitor please be advised height adjustable monitor one or more low satisfaction scores should be treated complaint score details overall satisfaction with provided by ability understand issue having repeat information about issue communication steps required for resolution taken by solve your issue effectively what influenced you give these markings communication steps required for resolution because was told needed create without any further details about but thing was quickly resolved by follow up after was told by item being worked overall very very satisfied thank you please initiate complaint ticket for follow customer feedback handling process ref msg,Miscellaneous,Hardware,0.92013717
line manager split tuesday july pm re split hi please assist his help needed side let thanks tuesday july pm split ca care head create si va si consultant mob zone,Miscellaneous,Hardware,0.91998607
ms server request wednesday february hi everyone please help installation kind regards test engineer ext,Hardware,Purchase,0.9197816
ref access for ref hello please include which created about two weeks ago also persons excluded thank best regards,HR Support,Miscellaneous,0.919418
administrator rights on administrator rights since got replaced had lot problems setup environment which implies installing maven virtual docker setting environment variables think relevant install tools next enter his order install tools administrator rights granted same policy also apply infrastructure kind regards,Purchase,Administrative rights,0.91938686
shared file blocked store human resources hr admin new tuesday document error hi issue store human resources by user identify cannot document please help reestablish control over document asap impacts annual leave flow thank lead,Hardware,Access,0.91888493
projects to be removed added pm site pm perfect pm pm pm pm automata ca se pm va site pm fie friday december pm removed added hi hello please informed deleted sites which mentioned also granted write sites create more information code persons permission level thank best regards engineer please also add called testing possibility rights add existing please let how thank,Hardware,Internal Project,0.9171111
external delivery to fails sent thursday november hi groups below have created but we have trouble using them outside client receiving errors when trying send groups below can you help with issue please regards senior tester sent thursday november re hi think we need list we already have similar groups for our groups should be similar type these two thanks senior tester sent thursday november hi order proceed with your request we need few more details there two types groups shared mailbox added additional mailbox under one personal mailbox come separate mailbox only list users added client can send come personal mailbox members included list could you please let know above options you need thank you analyst ext hub sent thursday november sa existent si sa care sa care sa test care sa care sa integration care sa sa ne senior tester,Hardware,Storage,0.9165515
access needed for external user goddard tuesday july pm goddard hi guys please create thank much tuesday july pm stupid question sorry hi bugs log please how sorry stupid thanks goddard goddard zig zag building street communication attachments contains information which confidential also privileged received communication error please delete attachments files communication constitute advice recommendation communications companies mentioned subject monitoring content by method communication give consent monitoring communications fund jam unit registered wales nos respectively registered jam zig zag building street jam regulated by conduct authority whose north colonnade canary wharf,Hardware,Access,0.9157244
please action missing time november please action hello submitted dates were approved please problem thanks november please action dear part established processes each required submit his weekly basis each friday past must submitted receiving because haven followed process please action possible breakdown please log accordingly training materials available id by each wednesday past period then also notified country date total days information confidential legally privileged intended solely addressee opinions expressed mine necessarily represent,HR Support,Miscellaneous,0.91502434
not working not present sent tuesday november working present hi please open close ticket was working client was reinstalled by working thanks senior engineer client,Miscellaneous,Hardware,0.91463435
oracle optimization project test issue type optimization test issue type hi please assign please help thank wednesday pm optimization test issue type hello please add test issue type optimization billing board create tests hello please create assigned thank best regards tester,Access,HR Support,0.9134506
mail server issue issues related logged different ticket for second problem please disregard sent monday two problems server hello after returned holidays encountered two different problem out can connect server gives message saying connections host default ports failed screen capture also tried reinstall but failed keeps message unable verify name or password make clear have using for almost two years worked perfectly guess problem certificate work any more hangs while trying connect message log file connect failed attached file thanks lot for looking into these two problems have great,Hardware,Administrative rights,0.9126034
search results show wrong scores search results show wrong scores dear can you please raise ticket for issue below assigned kind regards engineer sent friday re search results show wrong scores hi statement app when you change values scale for consequences or likelihood risks already inserted recalculated updated still have old value db true here why if you look history for almost any level was registered before st you there entry shows consequences score was changed for when updated set consequences scale default scale for level risks risks have similar history entries dated was set consequences scales default for their levels did manually change scores risks these times have conclude process configuring scale for any level clearly results score being re calculated recorded such change why think search risks output calculating score real consequences cost recorded old consequences scale for level or have another explanation kind regards sent re search results show wrong scores hi after investigation have some updates share with you when you search search value for score wrong but when you open tab then have correct score happening because when you search value taken db but when you open some tab then score recalculated have correct score app when you change values scale for consequences or likelihood risks already inserted recalculated updated still have old value db currently investigating how risks have wrong score looking for solution how update them if missed something feel free correct kind regards engineer sent thursday re search results show wrong scores thanks sent re search results show wrong scores hi already start work if have some updates let you know kind regards engineer sent thursday search results show wrong scores hi have noticed search results showing cases wrong score think score shown too high cases wondering whether because search results using wrong consequences scale derive consequences tier value current consequences cost value you ll recall have added versions consequences scales for each configured default for each level with their consequences scales reflects through into report form even help text for consequences automatically updated into dashboard views but seems consequences scales being used by search risks results table how much effort you think might be fix best regards,Hardware,Miscellaneous,0.91156673
capacity report capacity links july dear please kindly create per client assign queue summary report filtering summary report report digital report pc report availability report germany report availability report report links thanks help analyst,Hardware,Miscellaneous,0.9109888
setup for thursday pm setup hi please attached filled out document repository setup provide please thanks application engineer ext,Internal Project,Access,0.91069597
installation tuesday december hi please help installing computer thanks upcoming holiday november december st upcoming holiday floor blvd district,HR Support,Purchase,0.91056377
please reject for wednesday july pm please reject hi please reject he leave please ask regular billable currently then resubmit leaving rest thank help officer,Miscellaneous,HR Support,0.9097539
issues sent tuesday help dear we need your help with have problems with tool submitted her career received review please attached but tool can anything also cannot approve please screen below same happened with review when submitted also information disappeared her profile after she submitted can you please help thanks officer,Miscellaneous,Hardware,0.90973574
development wednesday almost input needed hi please reopen move towards formal thank almost input needed input needed fellow has placed awaiting response status input order closer resolution response reference summary hold details hold details provided completed form description friday more good change status awaiting user resolved after pending feedback calendar days response kindly touch updates want re how warm regards ext ref msg friday hi machine requires re currently working image determine sizing requirements thank,Miscellaneous,Hardware,0.90927577
access to site on access site hi could you please give writing permission for location following colleagues was able personally give them permission before for would like have same rights for well thank you communication specialist,Hardware,HR Support,0.90884405
job is deleting the configuration sent tuesday february job deleting configuration dear we have set jobs for jobs have integration every days parameters for step disappear please attached image causes job fail every happens have manually add configuration screen error log taken job please investigate thanks,Hardware,HR Support,0.9080755
investigate stored procedures triggers ant other jobs thursday pm re procedure error hello please assign order investigate stored procedures triggers ant other jobs which work mentioned table kind regards senior engineer thursday pm re procedure error hi way production database table anywhere store procedures triggers etc thank application engineer,Hardware,HR Support,0.90803
clicker needed clicker needed hi clicker please pass session thursday thank much regards analyst ext,HR Support,Hardware,0.90794545
user for customer has access to internal projects sent december for customer access projects hi we need for for purposes please treat checked few external clients after brought attention added groups instead external ones what person assigned needs below go check every external users part any groups outside external one any other groups synched with ad for example external correct for external permissions confluence prod external users ad used for confluence access cannot should be removed users ad used for access cannot should be removed write ad used for access cannot should be removed users should have access one please attention especially part ad users if you there ad part usual groups users ad users you can make list check with also please remind follow external creation procedure detailed end work instruction if you need other details let know thank you manager sent friday december for customer access projects hi something wrong with setup for following full name access have added him but also sees well cannot explain please look issue urgent matter cannot share details until we won restrict his access thank you manager,Hardware,Access,0.90708405
please raise cr for survey related december please cr survey related hello different conversations client friday please cr enable easier closure survey completion by respondents rationale throughout october were surveys out users followed by reminders due lack self had link responses user experience hindered by every user completed survey had input reference number way doing things brought about couple problems link responses tickets real therefore had reminders out regardless completed survey complaints duplicate responses due reminders low due users wrongly filling out reference therefore had stop out reminders immediate effect response rate halved decreasing trend surveys filled out proposed solution enable users app surveys reminders straight benefits increased response rate better decreased effort input raising cr please correctly explain having users namely incidents requests history possible users survey link order pages self questions about please let kind regards care,Hardware,Miscellaneous,0.9054542
leaver us nj october no notification was sent no leaver tickets found re leaver nj october hi set end date please note notification was sent remained active please check think problem needs be addressed asap thank you lead sent thursday october leaver nj october importance high hello writing inform you employment with terminated effective immediately last working today october please send leaver document manager her access should be shut off asap please add out for with following verbiage hello thank you for your message please be aware longer active if you need assistance with pending deliverable any your projects please contact head digital design best manager,HR Support,Hardware,0.9054056
missing date on date hi date populated makes difficult know when request book be returned regards,Miscellaneous,HR Support,0.9047917
obi access thursday pm obi hello please provide center currently receive needed weekly tickets report consolidate thank clearing analyst,Miscellaneous,HR Support,0.9045315
skill matrix report latest submissions not present sent wednesday skill matrix report latest submissions present hi have generated skill matrix report few moments ago have identified our newest colleagues testing discipline joining last couple months present skill matrix report although have submitted their skill matrix can you please let know when report generate latest submission colleagues need report show our clients competency level testing discipline best test consultant,Hardware,HR Support,0.90419847
device alert notification th floor printer original output part device alert notification th floor printer original output part printer out details gate connection error tray tray low toner tray selected tray copier busy details gate connection error tray tray low toner tray fax busy details gate connection error tray tray low toner tray scanner busy details gate connection error model name device name th floor comment host name domain name address stateless address stateless address stateless address stateless address stateless address address print server name file server name name computer name share name device th floor printer alert th floor printer notified,Hardware,Miscellaneous,0.90356094
oracle mobile app expenses sent tuesday december mobile app app seem work could you send instructions remove set up again chief officer information confidential be legally privileged intended solely for addressee any opinions expressed mine necessarily,Administrative rights,Hardware,0.9034743
additional mobile devices for digital teams dear could you please help today with prices for following mobile devices for mobile device price including vat price without vat pixel galaxy nexus belgrade mobile device price including vat price without vat nexus pixel galaxy galaxy tab pro would be good also get estimated once we have confirmation with client get order through po approved kind regards head,Purchase,Hardware,0.9034724
po copy not generated for sent monday po copy generated for hello appears we raise for generate document when approved but rather error please original notification can please be investigated kind regards,Hardware,Miscellaneous,0.90332216
remove admin from pm addresses hi please addresses corresponding ad accounts disabled false false owe owe false false false false false false false false false thanks,Miscellaneous,Access,0.9032749
amendment to the framework agreement friday december pm amendment framework agreement hello please help basically needed change type sow variation without re submit thanks best regards friday december pm re amendment framework agreement la la si friday december pm re amendment framework agreement si friday december pm re amendment framework agreement se face prefer ca rules care friday december pm amendment framework agreement type sow variation face resubmit merci contract id friday december pm re amendment framework agreement hi amendment making changes schedule change contract type without having re submit thanks december re amendment framework agreement hi think variation kind sow also want change type submit doc under print screen please thanks best regards friday december pm re amendment framework agreement hi realise were paternal leave congratulations little mummy both doing well amendment has recorded sow please rectify make variation thanks december re amendment framework agreement hi basically document describing sow required anymore thanks december re amendment framework agreement hi worries signed by post today about sow has approved sign well also requests signed originals by post sows thanks december amendment framework agreement hi please find latest communication bellow amendment attached back ask sign once fine confirmed thanks december re amendment framework agreement bonjour lawyer has reviewed amended document changes mainly clarity purposes think issue executions version signature discuss during course position signed thanks two hard copies by post attention thanks lot december re amendment framework agreement hi added lines highlighted cover requests let more required matches covered must specified by per agreed schedule match february call engineer accessed via by phone client holiday notice november december december amendment framework agreement hi please find enclosed amendment framework agreement after reviewing meant schedule amendment described core agreement changes were done accordingly additional details provide additional framework agreement has details add couple things agree schedule weeks events working understanding clear procedure activating call during match nights where dedicated personnel appointed please amend document these things thanks lot best regards information contained privileged confidential protected disclosure intended addressee herein intended recipient please save copy distribute disclose information contained herein please notify error by replying call then immediately delete communications secured result content shown actual content,Miscellaneous,Hardware,0.9032529
way match po not working sent monday october way match po working hi could you please raise ticket for below best regards applications analyst en sent monday october way match po working leader,Miscellaneous,Hardware,0.9029755
changing password on a shared mail box changing shared dear received changing due expiration shared unfortunately make change kindly asking order change thank kind regards country,Access,Storage,0.9027469
windows server image image hello run tests virtual machine possible image run locally thank,Hardware,Administrative rights,0.90069264
remove from notification pm hello please attached four types thanks,HR Support,Hardware,0.90030277
access query pm dear acting head testing testers discipline since feedback collate session possible asking feedback testers assigned without doing change thank please let more clarity things best interim head testing,Miscellaneous,HR Support,0.9002407
cost for new tv cost tv hi looking buy tv features anymore haven upgrade browser let recover tv costs won after tv regards re cost tv hi quote tv cost recovery unable help kind regards administrator friday pm cost tv hi please help price offer tv maybe browsing capabilities identified model lh compatible fine other options available tv want display because browser compatible upgrade newer version also recover tv costs won old after best regards mobile next annul leave rd,Administrative rights,Hardware,0.9000226
password for oracle fusion expenses tuesday july pm hi according guide order mobile phone thanks senior tester,Hardware,Access,0.8999114
access for files files hello please give files correspondence items report facilities visitors cards she thank help kindest regards specialist,Storage,Access,0.8998424
re request oracle request not transferred to has been assigned to am oracle support re request request transferred assigned hello we would be assist with call please use for any inquiries ensure proper tracking could you please raise ticket for request below hello order have sorted out we need your kind help expense report transferred accounts payable due invalid assignment error can you please remove last assignment marked below then please inform could run import process after process completed can you please restore deleted assignment should you have any questions please feel free contact best regards analyst,Miscellaneous,HR Support,0.89900506
combination not valid for po and combination valid for po hi please raise ticket for below request assign thank you kind regards engineer sent thursday combination valid for po hi could you please take look have invalid combination error can erase line or invoice thank you kind regards en accounts payable accountant phone,Miscellaneous,Purchase,0.8987367
oracle question friday november pm re hello technical advise possible done based approver reports extracted think teams also checked thank administration officer thursday november pm hi effective employees become exempt utilize weekly hoping myself view employees please let possibility thank,Hardware,Miscellaneous,0.8981557
documentation billing documentation billing hello please where documentation contracts module hello please assign thank best regards tester,Storage,Hardware,0.89810914
orders orders dear please log assign queue thank engineer thursday re orders hi let pass by order maybe test regards wednesday pm re orders hi thanks coming back interested learning more about other kindest wishes senior engineer wednesday re orders hi apologies late mentioned previously reused allocated user reason suggest same configuration bit younger than old please let find suggestion come back more details regards friday pm re orders hi got around july best wishes senior engineer thursday re orders hi number seems allocated user did replaced regards thursday pm orders hi well possible purchase old kindest wishes senior engineer wednesday july orders hi folks victorious order order kindly requested log two installation tickets these assets supporters supporters operates believe growth appears two assets please log tickets by yourself refresh retrieve victors interested old assets please both perform correspondent order by tutorial explorer thanks administrator mobile phone,Hardware,Purchase,0.89739436
write access to address october hello please help also write shared thank wednesday october pm hello kindly asking shared please let required regards officer ext blvd,Storage,HR Support,0.89709663
error error dear would like inform you while installing getting error cannot be eliminated we have tried different ways solve however still able use with laptop same situation with please guide what should case kind regards,HR Support,Hardware,0.8960504
error sent wednesday error importance high hi seems although period open for primary secondary ledgers we cannot post journal primary we have error shown by below saying period open although therefore go into secondary well please investigate asap we month end close need post by tomorrow thank you kind regards accountant ext en,Hardware,HR Support,0.89588773
edit dear per please ensure affects version available test issue type also please ensure editable thanks best regards november pm hi how change affected versions unable thanks regards raja automation relationship water st floor ny work information transmitted content communication confidential intended intended recipient affiliates subsidiaries intended recipient hereby notified information contained transmitted communication dissemination copying communication strictly prohibited received communication error please notify immediately by replying delete,Access,Hardware,0.8950237
sign issues sent thursday march sign issues random times can sign into any accounts with password when punch password work other times get up forced punch password then go through or have multiple times senior designer,Access,Administrative rights,0.8949252
write access for and on one com agile practice july pm write agile dear provide write site both actively involved agile groups agile thanks agile lead,Miscellaneous,HR Support,0.8936394
pending approval pending dear please thank engineer thursday november pm re pending also report suggest added same folder head thursday november pm pending hi regarding requirements approve please report mentioned folder thanks best regards application engineer thursday november pm re pending hello please add folder where looking kind regards head thursday november pm pending hi granted report image please let other assistance report thanks hi please assign best regards application engineer thursday november pm pending hello received pending report available community accommodate thanks head,Miscellaneous,Storage,0.893424
project board access friday july pm board dear board view planning thank,HR Support,Internal Project,0.8931994
oracle database no access further on database access further dear sir madame point you can enter id password can access database via one con issue still ongoing side please check again thank you en with kind regards senior consultant frankfurt main frankfurt main notification fusion post upgrade issues resolved hello everyone please be advised previously reported issues related work schedule fixed you should be able submit your timecards if you were experience further issues please hesitate contact kind regards ext sent monday notification fusion post upgrade issues importance high hello everyone please be advised following fusion upgrade release some you experiencing errors related logging into application timecard work schedule we currently working resolve these issues we update you any relevant information available we apologize for any have caused thank you for your understanding kind regards ext,Hardware,Administrative rights,0.893133
access net thursday july pm member hello please provide hosting member please include his ad hosting ad also please him best regards technical consultant,Access,HR Support,0.8923288
project required to work from friday october required work hi sites work needed required has approved by working configuration please regards senior technician,Miscellaneous,Internal Project,0.8923171
remove automated tasks for tuesday automated tasks hello please tasks unload tapes ready daily collection load tapes kind regards specialist,Miscellaneous,Hardware,0.8920015
outlook prompt query july pm va vine la la mine la receiver se pare ca care la care la mine,Hardware,Administrative rights,0.8917824
contact list last used for incident wednesday july pm expired certificates incidents hi guys please phone needed thanks,Hardware,Miscellaneous,0.89162457
issues with time sheet oracle and absence records issues with sheet absence records hello could you please assist with issue can submit for below periods thank you regards sent re issues with sheet absence records ca error sa cont ca se introduce calendar view manage timecards lead sent wednesday october re issues with sheet absence records ca la sa ca sa merci sent re issues with sheet absence records sa submit care care se template test si ca la sa si sa ca awaiting approval ca care la moment si normal template lead sent monday october issues with sheet absence records sa sheet sa submit la cum submit la sa ca forma la care sa ca awaiting approval ca cat si sa accounts payable accountant,Hardware,HR Support,0.89128643
start date to be changed thursday date changed importance high hi kindly remind change date st st everything good thank friday pm date changed importance high hi kindly ask let soonest changing date st st change asap enable submit cards thank,Miscellaneous,HR Support,0.88886034
filter issue sent friday november filter hi reviewing comments only allows look senior rather than respondents can you tell how change need review was looking was for music thanks,Hardware,Miscellaneous,0.8885639
additional space outlook needed additional needed dear please help extending reaching critical mb remaining please let speed thanks head testing,Storage,Administrative rights,0.8866754
run benchmark test on laptop thursday march pm action required approve requisition hello please run same benchmark software has complains about performance issues understand how his device performs compared baseline thank consultant march action required approve requisition amount requester display justification rejected raised initial witch investigated advised problem persisted after few days investigation problem present work impacted slow debug mode active because lot errors debug mode properly cpu slow multiple programs opened same visual studio studio resolution hard write follow source code approve reject lines display assets accessories task closure action history submitted future approvers view task details,Hardware,Miscellaneous,0.8864142
cancel outlook session from recurrent meetings wednesday november pm cancel session recurrent meetings hi help cancel sessions recurrent meeting were created by were created by pm which maternity leave referring meetings sessions entire recurrence each meeting sprint review session sprint pre planning session also sprint planning session thank mobile next vacations,Hardware,Administrative rights,0.8860611
delete assets wednesday pm delete assets hi guys please que delete assets recycled best regards engineer ext,Access,HR Support,0.8860292
to ark review set up thursday february pm ark review importance high dear order proceed review accesses please help link believe order needs added main link take log screen best,Purchase,Hardware,0.8854663
access hello seems unable access mailbox within could you please advise receive connection server lost get following error something went wrong we re having trouble getting your mailbox right please refresh or try again later if problem continues please contact your error data version date already restarted laptop pass seem be was able access other tools require same credentials also note trying connect thank you regards,Administrative rights,Storage,0.8850829
spider empire is not working sent july empire dear our spider empire working moment could you fix br manager frankfurt main frankfurt main,Administrative rights,Hardware,0.8838845
removal from pas thursday pm removal hello decommissioning ask closed removed please questions please let thanks kind regards,Internal Project,HR Support,0.8823191
delegate option employee having left the delegate option having left hi please needs asap thanks kind regards accountant ext delegate option having left hello please automatically delegate he has left needs expense report created costs allocated accordingly delegate thank looking forward hearing great accounts payable,Access,Hardware,0.8822928
card issues sent tuesday november card issues hi have some issue with card work phone appears can dial any number can receive any phone calls seems connected tested card another phone result same could you please help address proper person order solve problem regards analyst en,Hardware,Access,0.8818188
update laptop to windows update,Administrative rights,Hardware,0.8817207
please log support ticket to check for thursday november pm please log hi please log think running host had issues few weeks ago saw discovered virtual machine folder stats back needs protection configured cl maps regards infrastructure consultant,Storage,Hardware,0.88135487
pas forecast period not updating forecast period updating hi trying forecast for period however when go period where period entries get blank normal behavior previous period forecast should be inherited baseline for updating period can you confirm bug can you correct situation thank you manager,HR Support,Hardware,0.8811621
service now com web bug not web bug hi bug noticed request details sc req item can scroll down activities request after debugging noticed style overflow hidden section header scroll even name class suggests should be makes impossible comments task by setting overflow scroll could comments activities thank you,Miscellaneous,Hardware,0.88101184
info required regarding excel files thursday november pm tool work concurrently more than user good morning issue report question work concurrently excel files knowing policies tool let thanks assistance senior tester colombia,Access,Storage,0.8798084
renaming mobile mail wednesday pm renaming mobile hi please rename mobile android since different practices android thank best regards senior developer,Miscellaneous,Hardware,0.8795481
reporting discrepancy account discrepancy hi there noticed data discrepancy regarding when search for tab shows contracts won year date however when then add myself sales lead number drops should be case only sales person can think where look for where entries reflect change can you investigate thanks,Hardware,Miscellaneous,0.8794933
on how to purchase old device status buying dear please let rules selling old employees regards head please consider environment printing content communication classified confidential proprietary information content communication intended solely individual entity whom addressed others authorized receive intended recipient hereby notified disclosure copying taking action reliance contents information strictly prohibited unlawful received communication error please notify immediately by responding communication then delete integrity communication has maintained nor communication free viruses interceptions interference appreciate assistance preserving confidentiality correspondence thank,Purchase,Access,0.8792411
critical alert sent march critical alert following alert occurred status active description tape failed failed perform operation since tape free tape available tape library based,Administrative rights,Hardware,0.87844604
net support com list alias is not functioning list functioning dear we have recently noticed list functioning when we send list members receive have originally requested be set alias was functioning like for some can you please check let know why functioning anymore thanks manager en,Hardware,Miscellaneous,0.87574977
it ops ring change july pm ring change hello please call hunt changed ring moment call passed engineer has highest idle want logged engineers receive call handled initial created informational picks call lead,Hardware,Miscellaneous,0.87380624
please action direct reports missing time sent monday re please action direct reports hello like or weeks ago have raised ticket for be remove or be completed order for disappear like tell you still coming thanks sent wednesday please action direct reports dear manager part established processes each required submit his weekly basis each friday for past week must be submitted for approval you receiving because some your direct reports haven followed process please help cascade accordingly gets possible below breakdown your direct reports please note if refers left or maternity other absence leave please contact update person record otherwise please contact person directly submit their manager country for for date total days information confidential be legally privileged intended solely for addressee any opinions expressed mine necessarily represent opinions susceptible interference if you intended recipient any disclosure copying or any action taken or omitted be taken reliance strictly,Miscellaneous,HR Support,0.8736763
missing timecard notification sent hi data for for below dates dates did enter before can you what happened pull data back thanks person number country manager job discipline grade assignment person date senior engineer senior engineer applications belgrade senior engineer active senior engineer senior engineer applications belgrade senior engineer active senior engineer senior engineer applications belgrade senior engineer active senior engineer senior engineer applications belgrade senior engineer active senior engineer senior engineer applications belgrade senior engineer active senior engineer senior engineer applications belgrade senior engineer active senior engineer senior engineer applications belgrade senior engineer active senior engineer senior engineer applications belgrade senior engineer active senior engineer senior engineer applications belgrade senior engineer active senior engineer senior engineer applications belgrade senior engineer active senior engineer senior engineer applications belgrade senior engineer active senior engineer senior engineer applications belgrade senior engineer active senior engineer senior engineer applications belgrade senior engineer active senior engineer senior engineer applications belgrade senior engineer active senior engineer senior engineer applications belgrade senior engineer active senior engineer senior engineer applications belgrade senior engineer active senior engineer senior engineer applications belgrade senior engineer active senior engineer senior engineer applications belgrade senior engineer active senior engineer senior engineer applications belgrade senior engineer active senior engineer senior engineer applications belgrade senior engineer active,Access,HR Support,0.8736214
floor entrance wednesday february pm re floor entrance hello please card changes assign queue thank engineer ext floor entrance hi please add floor head testing thank director,HR Support,Access,0.8727905
for tuesday pm importance high hello members press she holiday next weeks her please help submitted approved by by mistake july code july needs filled submitted concurrent engineering code thank much discipline lead,Internal Project,Miscellaneous,0.8726286
new thursday pm hi configured authoritative two slave configuration zone appropriate inverse zone configured well addition two conditional forwards slave both added explicit assignment keep continuous person doing change throughout process via slack phone personally possible tomorrow thanks design lead,Miscellaneous,Hardware,0.8717826
missing time sheet for wednesday pm sheet hello left enter sheet him pc period consultant consultant consultant active consultant consultant consultant active consultant consultant consultant active consultant consultant consultant active consultant consultant consultant active consultant consultant consultant active,HR Support,Hardware,0.87054074
new delivery hello received items intend headset extender patch cord meters po stand monitor risers po please advise please log thank engineer,Hardware,Purchase,0.87052554
provide access to and while on assets provide while hello please provide colleagues while connected both working number while since both collaborators client side provided by his employer please find attached also strange received connect thank consultant mobile,Hardware,HR Support,0.8700128
for certificate error after password reset on for certificate error after password reset hi can sign into for after have password might need manually add certificates know where get them thank you,Hardware,Access,0.86968154
machines for thursday december pm machines hello since feature available please add thanks regards thursday december pm re hello please informed allow port git public has implemented successfully please kind also let assist further closure best regards technical consultant please consider environment print friday november pm dear colleagues via port allowed currently sources please assign responsible thank br,Hardware,Access,0.86928636
last day expenses etc re etc hi approve please expense approve she paid regards director fwd etc hi please help process final expense per found during final clear out apologies late client lunch working receipt attached client unfortunately removed upload myself receive please please approve remainder drop phone thing morning let thanks begin forwarded date re etc hi things going well morning followed she said information also whoever approves regards pm etc hi officially friday tried log expense few locked out expense receipt claim which found clearing everything down apologies while back client lunch working myself head spoke she mentioned process planning tuesday morning drop off etc unfortunately role arrange over next few days once idea schedule follow please receive thanks,Miscellaneous,Hardware,0.86853915
unable to apply for a job on question about job dear please message bellow can you help order investigate issues when candidates trying apply using impossible their contact with for their experience be enjoyable one kind regards head sent tuesday october question about job hello trying apply job opening your platform however cannot submit application due some error there another way could apply perhaps address where could send resume thanks,Hardware,HR Support,0.8672407
connect floor port into switch at th floor hello please connect floor port switch floor thanks,HR Support,Hardware,0.8655499
oracle expenses failed sent saturday failed hi getting error when trying sign into app failed please ensure server name name password correct was previously working fine since password was recently changed because similar issue please advise thanks head technical,Access,Hardware,0.86489797
error pm re error hi please log thank kind regards analyst error hello please advise thank best regards analyst ext hub pm error hi please help thanks commercial adviser old broad street information confidential legally privileged intended solely addressee opinions expressed mine necessarily represent opinions susceptible interference intended recipient disclosure copying action taken omitted taken reliance strictly prohibited unlawful received error attachments please notify delete accepts responsibility information errors omissions,HR Support,Access,0.8633864
new outlook belgrade leadership december pm dear please create named containing members thanks unit,HR Support,Administrative rights,0.8629968
md not imported for tuesday july pm re imported dear please assign thank engineer july imported dear ask please import days imported which also effort under while thank officer,HR Support,Hardware,0.86265844
updates friday july pm updates hi please update opportunities moved except which thanks officer,Hardware,Miscellaneous,0.8623554
access to july pm hi guys please help requests included approved by best regards self july pm re approved july pm face la requests included best regards self,HR Support,Miscellaneous,0.8621086
check if access to is still needed tuesday pm re devices hi apologies thought had replied remember looking approved requester how required duration disabled removing user once devices required once requester has confirmed duration trigger action period also expected duration more than months requirement re validated months trigger action months maximum thanks,Miscellaneous,Hardware,0.8618945
pas rights rights hi amend forecast against traps allow report review input let rights thanks,Internal Project,HR Support,0.8613479
issues issues hi can you please review why there showing left corner up when we send referral via please picture bellow can be fixed since look professional way taking we thank you,Administrative rights,Hardware,0.86050427
access to oracle and wednesday november pm dear please create please viewer role planner well add level thanks kind regards officer november re approved wednesday november pm hi want please reports kindly approve thanks head november wait re hi level looking how call solution client level approve well own requests each license implication consider skip training how give extracts work part well kind regards officer november wait hi told help budgeting application view onto appreciate lot help available find thank much senior blvd fax subscribe notified about events publications choice please consider environment printing,Hardware,Miscellaneous,0.8595362
project hold pm hold hello please log please assign queue thank engineer pm hold hello please help invoice number please find attached hold details thank accountant,Miscellaneous,Internal Project,0.8589994
for importance high hi please help create share order dedicated where level share bellow find members future add role users rights contribute regards,Storage,Access,0.85758096
new starter template issue while creating starter using starter check request item for license noticed ticket was generated for tested multiple times work,Access,HR Support,0.857513
adjust threshold to instead of on poll virtual full on friday october pm re poll virtual status down has assigned hi everyone thank best regards friday october pm poll virtual status down has assigned hello please change poll threshold instead asking because staging environment where performs different types tests added leader confirmation needed thank best regards senior engineer,Hardware,Miscellaneous,0.8569843
development and support good afternoon please import opportunity forecasting reasons swift resolution sweet thank programme officer,Internal Project,Miscellaneous,0.8565244
report report hi please mentioned computer for,HR Support,Hardware,0.8563754
subscription request tuesday march pm subs please hello best kindly ask provide has more details thanks kind regards senior engineer,HR Support,Access,0.8563245
capacity reporting for for capacity links wednesday february dear please kindly create per client assign queue summary report filtering summary report report digital report pc report report availability report germany report uptime report links thanks help analyst,Miscellaneous,Hardware,0.8546844
issue with link to survey service now have we done our job well hello let you know if default browser chrome link below logs you out below if you use with explorer works fine have sent tuesday october have we done our job well your feedback needed fellow please tell how we fared takes only seconds your feedback here ticket reference summary add users applications description add users applications resolution response days after hold awaiting customer response ticket was marked resolved good know regardless scores you give we you take moment our work we would like say thank you every feedback you give reviewed by relevant recognize best or improve you might be contacted for details case needed if you want these surveys drop note we ll make happen although we be sorry let you go how we warm regards ext ref msg,Miscellaneous,Hardware,0.85444605
update issue sent wednesday july update required analyst en ext sent wednesday july re update required hi could find check best endpoint agent click install selected please let know where should be kindest regards ga par consultant master line manager career,Administrative rights,Hardware,0.8532783
version on a machine version machine hi ask help install version running bits machine thank,Administrative rights,Hardware,0.8523123
remove from wednesday pm re leavers press hi please groups too wednesday pm leavers press hello please informed has visitor site level granted checked he other levels than which everyone additionally noticed added groups minions minions he removed too note regarding part currently checking other accesses he information back thank analyst ext hub leavers press hi tasks accomplished listed moved different client link change code holidays approver regards,Miscellaneous,HR Support,0.85198635
please action missing time december pm re please action hello works added her job allocation hrs hrs hrs hrs hrs hrs hrs envisioning hrs comment scholarship fund hrs envisioning hrs comment scholarship fund hrs envisioning hrs comment scholarship fund hrs envisioning hrs comment scholarship fund hrs envisioning hrs comment scholarship fund hrs hrs hrs hrs hrs thank date december pm please action dear part established processes each required submit his weekly basis each friday past must submitted receiving because haven followed process please action possible breakdown please log accordingly training materials available id by each wednesday past period then also notified country date total days,Hardware,HR Support,0.8515979
extra tab employee locator tab hello re busy pretty pretty please somebody help find out made location tabs same plan colleagues somebody create tab insert somebody help pretty pretty please thank lovely,Hardware,Access,0.85109466
new mail address jobs copenhagen com wednesday pm location dear kindly ask matters please create jobs copenhagen based jobs location please create location copenhagen thank copenhagen copenhagen,Miscellaneous,HR Support,0.85062546
one drive drive hi drive log details how thanks north,Storage,Hardware,0.8499026
windows update issue sent tuesday update issue hi morning ran again check for updates yesterday did same received there nothing update stays checking since morning have restarted machine ran check for updates again but still same also ran again morning restarted but same can someone help thanks,Administrative rights,Hardware,0.8492679
access for bucharest space pm hi please help floor he leave give thanks pm re important ne care spatial alt wednesday pm re important ne spatial friday july pm re important sip si wednesday july pm re important sip el thursday pm re important screen thursday re important rug strange declarations secure fie screened shared re important la pot thursday re important thursday important si va maine la la maine se va introduce si face la va client important personal,HR Support,Hardware,0.8486268
list information needed tuesday pm hello please added jersey thank head north,Miscellaneous,HR Support,0.84762233
bulk issues import bulk issues import hi could you please log ticket assign was kind helped with bulk issue import thank you kind regards applications analyst en,Hardware,Miscellaneous,0.84699357
received logging notification twice tuesday pm received logging twice hello please received twice,Miscellaneous,Hardware,0.84602904
new locations saturday march pm locations hello please two locations added germany various germany germany please let thanks,HR Support,Miscellaneous,0.84531087
quote po sent friday february re quote po hi thanks for heads up however we did spell did we ll amend can you please correct spelling exports displays correctly must be some character coding issue inside please treat matter emergency does impact work administrator phone sent friday february re quote po dear great talked about we waiting for arrival address you spelt different but arrive anyway have lovely manager frankfurt main frankfurt main sent re quote po good morning we ready order also attached po following address be into consideration frankfurt main germany believe be receiving manager dear ones for administrator phone sent thursday february aw quote hello item storing pieces estimated amounts working days en frankfurt main phone web sitz frankfurt frankfurt id re quote hey what lead for how days have received thanks administrator phone sent thursday february aw quote dear enclosed please find our quotation for further questions please hesitate contact en frankfurt main phone web sitz frankfurt frankfurt id frankfurt stein re quote dear out please pick up thanks administrator phone sent thursday february quote good morning can you please quote also lead we would like be delivered fast thanks administrator phone,Hardware,Purchase,0.8440676
id issues eel sent tuesday march id issues eel hey guys colleague tried find eel could only find by last name credentials appear car instead remember also had issue some other tool but can seem remember could you please help by tracking fixing thank you have great communication specialist,Administrative rights,Hardware,0.8435078
access to network from location location hi please log bellow please location because order migrate integrate different nexus sonar thank engineer,HR Support,Hardware,0.84334904
bland update to be made tuesday october pm update made hello job title head application please make update wherever done thank administration officer,Miscellaneous,HR Support,0.8423257
oracle a end of reminder friday february re reminder hi thank passing please please log assign thank february re reminder hello please find conversation history had had upgrade zone currently going decommissioned customers encouraged upgrade possible please communication well thank severity status closed opened ago updated ago escalation status never escalated type recruiting attachments file name size uploaded information returned close requested by ago reason closing close solution provided closing remarks zone upgrade done updated by update ago thank updated by information ago hi technical related issues build please by submitting faster resolution tee application itself regards ii phone solution change canada st east suite quebec committed developing practices products help protect environment update ago upload successful file updated by update ago also recruiter has same issue please find print screen attached also severity critical updated by update ago upload successful file updated by update ago upload successful file authentication error updated by update ago hello thank understand upgrade done during weekend both stage production implications today least colleagues encountered difficulties accessing accounts please attached received appreciate response updated by information ago hi pack friday december friday december format upgrade application software pack version zone pack friday december friday december format upgrade application software pack version zone regards make receive important zone upgrade by managing metrics coordinator phone canada st east suite quebec committed developing practices products help protect environment update ago hello possible let scheduled zone upgrade weekend also upgrade staging zone also addition questions how take zone upgrade both stage production thank updated by information ago hi please take note annual freeze holiday thursday december friday inclusively during period feature pack deployments complete configuration requests received prior december base constraint preferred completion date schedule staging zone regards make receive important zone upgrade by managing metrics coordinator phone canada st east suite quebec committed developing practices products help protect environment problem description ago problem description problem summary zone upgrade problem description hello ask upgrading zone thursday february pm reminder please note important information regarding dear valued communication serves reminder effective customers currently operating must upgrade prior date decommissioned exciting features critical functional fixes incorporated latest release customers encouraged upgrade possible release readiness information feature presentations tutorials other resources available release documentation available help center upgrade policies release status found document scheduled upgrade upgrade by creating via upgrade scheduled prior staging production upgrades scheduled july ensure upgrade complete prior date ensure continuity also upgraded conduct testing advisable retest defects reported prior cases find defect has resolved issue reproducible update inform behavior occurs release otherwise defect closed without fixed best regards empowering modern toll free thank integrated platform copyright affiliates rights reserved about notices terms privacy statement receiving result relationship opt out preferences over ridden ensure receive,Administrative rights,Hardware,0.84199816
remove non existent person from team thursday november pm existent person hi please incorrect she tx,Miscellaneous,HR Support,0.84039724
preparation for windows deployment snow queue thursday pm preparation hello please kind queue called tickets assigned generate included please make everyone mentioned has permissions aforementioned shared mailbox thank best regards leader,Miscellaneous,Storage,0.84017473
help for booking time help booking hello please help book during had public holiday everything seemed fine sheets wrong kind regards senior software engineer blvd floor please refer section entities,Hardware,HR Support,0.8401681
capacity reporting for november uptime november december pm availability november dear please find availability report november link availability reports please kindly let adjustments needed best regards analyst,Hardware,HR Support,0.8398239
snow access tuesday pm snow hi advise roles gill has within snow please thanks client,Miscellaneous,HR Support,0.83892936
oracle question thursday december re question hi please ignore found under about instead please reassign expense report thank analysis lead thursday december question hi please help find expense functionalities anymore analysis lead,Hardware,HR Support,0.8388979
oracle fusion post upgrade problems the approve button has gone missing for fusion post upgrade problems approve button gone for hello after upgrade approve button gone for can approve any more for line screen below submitted status but button does show up anymore seems be working fine for approving vacations though approved yesterday vacation for same person what problem can you please look into thank you sent thursday notification fusion post upgrade issues resolved importance high hello everyone please be advised previously reported issues related work schedule fixed you should be able submit your timecards if you were experience further issues please hesitate contact kind regards ext sent monday notification fusion post upgrade issues importance high hello everyone please be advised following fusion upgrade release some you experiencing errors related logging into application timecard work schedule we currently working resolve these issues we update you any relevant information available we apologize for any have caused thank you for your understanding kind regards ext,Administrative rights,Miscellaneous,0.83743113
pm for and friday pm pm hello please assign kind regards friday pm pm hi please pm thanks accounts receivable lead,Access,HR Support,0.8373962
team cloud access wednesday march pm hello please groups thanks best regards senior infrastructure engineer,HR Support,Miscellaneous,0.83733314
and tuesday july pm dear were today more covered by these please assigned deducted next order po changed cost split keep next order future assignments please inform ready based per contractual agreement assigned work thank officer,Hardware,Purchase,0.83472335
issues accessing his outlook confluence had issues accessing his confluence can access his machine with his domain password but locked out other applications have reset his password can access them end please note win know if relevant or his seems fine saw issues when attempts log into another computer gets same result,Access,Administrative rights,0.834648
for account for dear have some issue with for can you please investigate thanks,Hardware,Access,0.8342997
list name create alias thursday october pm name hello please create alias mailing thank thursday october pm name dear face ex care care la curs si canal re parte discipline short name testing analysis architecture architecture pm care va discipline care ii include si care center va re va va,Miscellaneous,Hardware,0.8336126
questions wednesday pm questions dear several questions connected please explain calendar view populate cards religious holidays entered enter manually which how work these holidays populate appropriately billed visible worked holiday please provide other functionalities questions thank specialist,Hardware,HR Support,0.8327039
oracle expense report problems expense report problems hello need your help regarding problem completed couple expense reports main menu appears expense report still pending approval you can below but if enter each reports tells have approved you can image below know if affects actual reports our colleagues requesting but find really odd error some kind would you help enlighten please thanks specialist,HR Support,Miscellaneous,0.8325483
remove forwarding hi please stop forwarding nothing work related coming kind regards planning officer infrastructure upcoming holiday please consider environment print,HR Support,Hardware,0.8323134
access to links to update tools links update tools hi link update builds tools android studio entire useful thank best regards senior developer,Administrative rights,Access,0.83204204
review project report sent friday july review report hi there several issues with review variance report namely vs calculation variance correct have projected more vs budget but shows variance with minus sign screen copy below number days for period correct for shows instead kind regards senior manager,HR Support,Hardware,0.8307702
access to new for users thursday december pm logged hello please assist understanding conversation needs logged users leave processing let require help thanks kind regards infrastructure annual leave december thursday december re logged hello assigned reached give details about regards discipline lead thursday december re logged dear colleagues update about progress number blocking working setting additional rights moment writing about thank best date friday november re logged dear colleagues thank opening please ownerships quicker collaborate site important coming solve ad owner once add members rights own thank best tuesday november pm logged help dear thank contacting endeavour find resolution query timely manner assistance has entered details reference number summary priority priority resolution target date description november hi chow provide her clients she site files available rest also owners add members please let she please log help thank best tuesday november pm help issue writing rights folder date tuesday november re assume needs share folder cam anyone help thank tuesday november pm re hi received writing rights folder related activities activities part working part approve give rights thank date friday november re hi let therefore link along guidelines circulate extended during next weekly meeting assume keep touch thank friday november hello think moment users think order upgrade permissions needs site owner write folder please advise thanks kind regards infrastructure annual leave november december friday november re hi give rights because control area added forward right cheers thursday november pm re hi please give rights make changes folder cannot upload moment thank date tuesday november hello by guess received credentials accounts mean setup procedure note yet configured second solution via normal work within connect authenticate explicitly authenticate button enter key while working upon successful authentication user authentication complete authentication works after redo steps testing credentials received attention because fully integrated receive work example links receive add host name example announce these two fixed connect remotely execute steps browser resources discuss priority add further information query please track progress via link member shortly progress query kind regards ext hub ref msg information confidential legally,Storage,Miscellaneous,0.83054495
adding a printer th printer dear add printer appears credentials connect please advise located floor right wing,Hardware,HR Support,0.82958174
suppliers report suppliers report hi please thanks tuesday december pm suppliers report hi help reducing number lines suppliers report tools reports shared folders custom suppliers report suppliers report same folder please old suppliers report columns marked red attached report columns marked remain also help reducing number lines each supplier currently report brings banks supplier has report bring primary electronic also supplier created multiple entities each entity has different remittance advice each entity report bring two more lines same information addresses remittance report bring remittance advice corresponding entity filter report supplier well understand mean misunderstandings please let thank regards officer,Storage,Hardware,0.82756454
po pm hello received monitor po po cat po con nm catalyst po po intend cable po po please advise please log receiving these goods thank engineer,Purchase,Hardware,0.82679975
access for account tuesday pm hello please provide thank engineer,Access,HR Support,0.82662827
neon database restore request friday pm neon database restore hi please production neon circulation database restored database asap thanks,HR Support,Hardware,0.82542914
received after hours february re received after hi thanks letting about delete please add blacklist regards february received after hi guys got friday after please take notice best regards senior developer,HR Support,Miscellaneous,0.8248856
configure mail account configuration personal device,Access,Purchase,0.8234019
team dear would you please help for resolving have noticed she change her role there one colleague but might be mistake we haven got any colleague with name have joined thank you very much appreciate efforts head analysis en,Hardware,Miscellaneous,0.82252425
bug satisfaction score sent thursday re high satisfaction score for access request hello could you please verify if there bug related negative scores please details below thank you sent thursday high satisfaction score for access request take moment enjoy you earned notify you access request assigned you received excellent satisfaction score overall satisfaction with provided by ability understand issue having repeat information about issue communication steps required for resolution taken by solve your issue effectively what influenced you give these markings thank you for contributing high customer satisfaction rates kind regards improvement ref msg,Hardware,Miscellaneous,0.8223242
tickets with no sent monday tickets with hello have discovered large number tickets seem have running please below requests number summary by planned end date priority task site survey request desktop laptop hardware request for request desktop laptop generic request request battery replacement for request desktop laptop request fuze request hardware request for request desktop laptop directory title change request single hardware request for flood request desktop laptop hardware request for request desktop laptop hardware request for request desktop laptop hardware request for request desktop laptop starter start date request starter fuze request single password reset originated request single fuze install request single leaver leave location manila client site automated request leaver starter start location client site automated request starter workday password reset request single starter start date request starter hardware request for request desktop laptop hardware request for request desktop laptop access leaver mailbox for request leaver forward leaver request leaver activation request single hardware request for request desktop laptop hardware request for request desktop laptop install for request single install for request single password reset request single password reset request single hardware request for request desktop laptop device belongs quarantined be blocked until you take action request single transfer for effective date automated request single leaver leave location client site automated request leaver leaver leave location client site automated request leaver starter ford start location client automated request starter starter start location barcelona virtual automated request starter install root certificate for request single create list request single phone activation request single workday log request single incidents number summary incident resolution awaiting third party black screen single active operations knowledge site related projects awaiting info issues single awaiting info workday issues single awaiting info incorrect password workday single awaiting info cannot log into workday single awaiting info fuze issue single awaiting info cannot log into workday single awaiting info product activation failure single awaiting info issues setting up client single awaiting info cannot log into workday single could you please assist thanks kind regards incident manager,Miscellaneous,Hardware,0.82186145
budget sheet permissions tuesday october budget sheet permissions hello please assist link re budget sheet tools forms tools budget sheet bb view ribbon thanks kindest regards analyst friday october pm budget sheet permissions hi please help seems neither myself budget sheet ideas happened restore thank administrator,HR Support,Storage,0.8217724
not updated updated hi could you please investigate why form updated for example was structured beginning into still assigning risks old looking forward your response regards,Hardware,HR Support,0.82176244
mass nj ny staff thursday pm mass nj ny hi somehow sits received well please ensure appropriate employees these two addresses thank best administrator nj,Hardware,HR Support,0.8214936
new address friday pm dear yearly dinner event next possible create thanks lovely weekend br main main,Access,Hardware,0.82122767
access to needed for friday march re needed hello referring possibly accessing benefits content his bar accessing input grade salary review proposals attached also screen please let other input needed thank kind regards senior software tester thursday march pm re needed hello kindly asking more context information looking forward hearing kindest regards analyst ext hub thursday march pm needed importance high dear please information his thank kind regards senior software tester,HR Support,Hardware,0.8206156
process request blocked sent wednesday process request blocked hi when trying post throughout process request since while waiting for file processing status therefore cannot post option delete terminate request can you please advise senior accountant,Miscellaneous,Hardware,0.8201086
access ticket tuesday february pm dear kindly ask provide role work planner refer order validate thank kind regards,HR Support,Miscellaneous,0.81982785
windows updates not working sent wednesday re action required updates hello when try install latest updates get error regards,HR Support,Hardware,0.8195145
domain admin credentials for net credentials hi currently working please arrange asap thanks kind regards senior infrastructure engineer infrastructure mob,Hardware,HR Support,0.81887066
updates thursday march pm updates dear please note returned normal program her status changed salary hourly please make updates thank lead,Hardware,Miscellaneous,0.8188692
data migration please migrate the data from old to the new for hello please informed different structure old kindly advise migrate give permissions guidelines id more assistance feel free best regards engineer thursday november pm migration please migrate old importance high dear please migrate old location by keeping same structure privacy stored under these locations thank best regard agile next annual leave november december friday november pm name change migration deadline over during period recorded more than visits hits priority help migration content old order achieve two recorded two video demos solved tasks cases same agreed deadline order give enough transfer everything old solve dependencies different define name well enable name name has updated short easy remember name has chosen reflect unified deadline total two months finish migration december old available mode download files nothing after old archived available hard deadline extending further important transfer files by date working client sites via did sites configuration plan section included ask software hardware assets predefined form notified about progress within same chief,Hardware,HR Support,0.8143166
discuss set up discuss set up,Internal Project,Administrative rights,0.8142906
return address when replying to automated notifications for sent monday re text portal say target aspiration target hi thanks worries everything looks why did reach usually sent by default address wrongly set for some sent thursday march text portal say target aspiration target good morning your reached our colleagues but have kindly forwarded quite what happened but know when checked text st found made childish mistake assuming had change aspiration without reading again your request apologize for have changed checked whether appears changed while logged one our colleagues could you kindly check whether changed your end well looking forward hearing you thank you very much kind regards analyst ext hub sent wednesday march resolved text portal say target aspiration target guess for you kind regards specialist pl starting rd be replaced with sent wednesday march re resolved text portal say target aspiration target hi confirm request was text portal say target aspiration target what portal request was implemented or something sent tuesday march resolved text portal say target aspiration target help with your query dear we believe your following request for assistance resolved reference number summary text portal say target aspiration target resolution details amended information self portal per resolution date kind regards ref msg,Miscellaneous,Hardware,0.8139042
new headphones thursday october hello headphones because old headphones working anymore best regards developer,HR Support,Hardware,0.8137359
access to oracle server through friday la host port pot analyst developer,Hardware,HR Support,0.81310505
access to area visitor cards re area visitor cards approve regards thursday pm area visitor cards hi client visit during course next visitor cards secure area tower once visit complete separate disabled cards appreciate completed by friday visitors please approve thank cooperation regards,HR Support,Access,0.8130255
restart pending tuesday pm restart pending hello connected today after updates installation observed restart pending permissions restart please log call mentioned reboot assign thank best regards senior engineer tuesday updates fail has assigned please advised record number has assigned please review details take appropriate action description perform updates tried install by also fails performed restart tried again without success errors please investigate issue summary updates fail number priority low assignment location tower please link kind regards ref msg,Miscellaneous,Hardware,0.8104551
confirm all clients which have status unconfirmed from client monthly reports on pas friday pm hi please clients which status unconfirmed client reports thank engineer,Internal Project,Hardware,0.8087043
new battery for hp lap top battery lap top dear since lap top battery out order has replaced thanks tester,Hardware,HR Support,0.806252
admin hello cine pee thank,Access,HR Support,0.8060424
size thursday july pm re usually mb client has own share maybe thanks senior engineer ext cell upcoming days off phone number date thursday july hello client has tried over file too large accept since cannot tool share information thanks north thursday july re hi tried specs technical docs rejected by perhaps too big how best information attached written spec,Hardware,Storage,0.8059209
for signature july pm signature hi recently promoted cl sc please update signature information accordingly outdated updated senior thank,Miscellaneous,Hardware,0.8044157
re logged project equipment needed to be sent back to client re logged equipment needed back client please material,Miscellaneous,Internal Project,0.8042237
ad error add hello we process upgrading environment we encountered ad error could you please check possible if our member add if member reference link for details dc installing server extension for gives ad error forum we suppose also member best regards senior engineer,Miscellaneous,HR Support,0.80342317
report been created for advances friday pm please action priority expense reports pending hi please assign reports thank best regards application engineer friday pm re please action priority expense reports pending hello noticed report created advances well also build report advances thank thursday pm please action priority expense reports pending hi created template report stored directory shown image sources founded history flow events performed added columns event which performed expense purpose report mentioned column event performer find user whom example assigned expense make difference types users by code column completed than user pm otherwise needed call much detailed explanation feel free please report structure modifications thank best regards application engineer thursday pm re please action priority expense reports pending hello expense reports picked report paid status report expense reports status pending second more than matter expense report pending moment surely expense reports pending two different persons same code needed sum purpose report show entire expense report show whom more expense reports await report extraction thank much help great accounts payable wednesday please action priority expense reports pending hi added sample report examples which more than even how structure report more than row expense every align row each expense please report code name thank best regards application engineer thursday re please action priority expense reports pending hello report looks good column column expense reports more suggestive future analyzes keep add filter expense status possible please copied other inputs regarding report thank regards leader please action priority expense reports pending hi created sample report structure image filters create improve report exploring also reduce information report pending status more suggestive future analyzes keep add filter expense status types expense status image best regards application engineer tuesday pm re please action priority expense reports pending hello raised call please future reference kind regards application analyst tuesday pm please action priority expense reports pending importance high hello please create custom report module where expense reports pending name date submitted thank regards leader re please action priority expense reports pending va la care pending la head pm re please action priority expense reports pending hello si ca se sin ail regards re please action priority expense reports pending ciao ca head re please action priority expense reports pending hello idea si care special pot la cine pending si se genera meantime great accounts payable re please action priority expense reports pending care fiscal head friday pm re please action priority expense reports pending importance high dear reason receiving communication more expense reports pending probably by approaching close overdue expense items possible therefore kindly asking touch ask expense claims approved asap printed expense report receipts please also priority thank help regards leader please action priority expense reports pending dear reason receiving communication more expense reports pending probably by approaching close overdue expense items possible therefore kindly asking touch ask expense claims approved asap printed expense report receipts please also priority thank help great accounts payable,Miscellaneous,Hardware,0.80330014
oracle project access please these under thanks,Internal Project,HR Support,0.8030564
problems with sonar problems with sonar hi sorry for bother you have issues sonar can you help solve sp sonar dashboard index design lead,Administrative rights,Hardware,0.8018266
access to boarding colleague dear colleague joining developer role please help requests granting her looks she storage please find related by link uploaded layouts accounts libraries configuration plan action default thank sincerely,Storage,Access,0.8008085
membership to the wednesday march pm membership hi please thanks,Miscellaneous,HR Support,0.8005355
new quarantine account hi received since guys even legit please advise kind regards senior analyst thursday december image removed by dear has created has quarantined image removed by process improvement operational excellence mb manage quarantined must create unable button please copy paste browser default locale once then release released deleted automatically after days please further information about please tip multiple addresses link these together single convenience log manage aliases,Hardware,Access,0.7993129
share document links expire after only days re share document links expire after only days hi can you please treat ticket with high priority causes real impact one critical times very important best wrote hi we have issue with we using hold interface documents then linking those within for agile stories issue we have share document links set expire after only week when we try change setting says days maximum expiration date far too short for our use case we need expiration least months longer if possible causing significant issues client thank you,Hardware,Access,0.7987716
update update hi please log queue verify update applicable two devices thankyou,Miscellaneous,Administrative rights,0.79818195
create new and add external users pm pm pm care si pm care la confluence pm la confluence si pm pot pm pm owner si pm extern extern pm owner mine si si book pm pm la si pm se ca si book pm si ca pot la mailbox la pare pm pm inca user si confluence user si update la si confluence,Access,Hardware,0.79690546
change the project allocation for wednesday february pm change allocation hi please allocation receive annual leave requests thank,HR Support,Miscellaneous,0.79605925
for non equipment equipment hi please advise how order equipment order special kind headset recommended by client costs supported by thanks,Hardware,Purchase,0.79517967
missing data new pas october info missing from the project review input for project sent thursday november data october info review input for importance high dear column have information there other updates progress your part we have again like yesterday lose info thank you best regards agile manager next annual leave november december,HR Support,Hardware,0.7933196
quality attributes explorer february pm attributes explorer importance high dear please help naming next addresses thanks senior developer,Hardware,Miscellaneous,0.79213685
requests vs windows wednesday pm requests vs hi during audits noticed assets responded requests order better understand how possible please let configured respond requests connected networks marked public thanks,Storage,Miscellaneous,0.7917736
please action missing time sent wednesday please action hi please rise ticket thank you regards analyst en sent wednesday please action thank you administrator sent wednesday please action dear having problem with because manage submit problem solve please find details attached would be grateful if you can help thank you regards administrator sent monday please action dear part established processes each required submit his weekly basis each friday for past week must be submitted for approval you receiving because you haven followed process please action possible below breakdown your please log accordingly training materials available here id if by each wednesday there still past period then your manager also be notified country manager for for date total days,HR Support,Miscellaneous,0.78779304
contractor account extension contractor hi per date has extended kind regards october re updates regarding date hi date friday november please amendments made thanks,HR Support,Access,0.78767633
new starter contractor pm re user hi updated cost centre control otherwise form fine think please find attached please let thanks re user hi off today copied he help further cost coming off his budget thanks re user importance high hi prepared starter form information please review cost center person etc issue credentials thank director re user importance high hi everyone please provide update matter has arrived needs credentials hardware fully has issued processed thank director user hello please advised order processed fill back find attached looking forward thank kind regards analyst ext hub wednesday pm user hello create contractor she after create user thanks head,HR Support,Access,0.78607625
oracle time sheet issues project code hello noticed some issues with sheets for also logged during july logged come up for approvals set within reports cannot even find code please assist thank,Internal Project,HR Support,0.7843894
please amend objectives for wednesday re log amend hi log amend pm re perhaps changing subject more formal coming also link displays where appears keep link update thank pm re hello much appreciated helped lot based feedback received change made add how guides details terms other suggested changes please let make other amendments keep attached format looking forward hearing thank much kind regards analyst ext hub,Miscellaneous,Hardware,0.7838861
win thursday pm win sis senior software developer,HR Support,Administrative rights,0.78243077
secure access to sent wednesday re incident importance high hi please consider incident we have for computers access client networks can we get sorted out asap today please thanks sent tuesday hello until recently only were added were allowed into was seen by client reassuring feature setup please help understand if changed purpose recently why obviously need have secure access resources entails controlled set devices accessing client resources weakened posture please treat with proper attention priority thank you,Hardware,HR Support,0.7822259
broken notification script sent thursday march broken notification script hello can you please investigate below or escalate snow thanks kindest regards analyst pl starting st be replaced with sent thursday march following request close reaching deadline script render error script body formating does exist deadline for incident less than hours ref msg,Miscellaneous,Hardware,0.78170395
order book value sent friday order book value hi agreed could you please assist with fixing below issue reported by then by also please find included approval hi could you please log ticket request for below assign queue please set requestor thank you kind regards applications analyst en sent re order book value pare sa fie bug sa order book spend sow spend si sa order book value sent wednesday order book value hi per below could you please advise if every contract having should always have order book value null mentioning those contracts having order book value populated could you please let know if normal behavior or issue should be fixed thank you looking forward hearing you kind regards applications analyst en sent order book value hi was hoping you could help with below we have with committed spend agreed we have recorded meaning every fall under committed spend should have order book value null have least contracts incorrectly recorded sow had value under order book value but under contract value have added value under contract value but cannot remove value under order book value contract id sow contract same value under contract value order book value when should only have value under contract value with committed spend already executed moved back approved status if could remove value under order book value but value automatically disappear when move approved comes back when move contract back executed contract id can you help discuss if easier thanks commercial adviser old broad street en,Miscellaneous,Hardware,0.7814196
notification issues between am to am time be resolved re repeatedly working days row interval till related hi second please out communication thank,Hardware,Administrative rights,0.78092295
change of discipline tuesday pm change discipline dear please attached transfer form changing discipline st july remains same thank,HR Support,Miscellaneous,0.77976793
project access request access request hello please help solve issue below regards applications discipline lead sent monday re access request hello pare sa sorry your password incorrect please try again sent monday access request access la applications discipline lead sent monday access request hi added with product owner permission feel free contact should further assistance be needed kind regards analyst ext history ticket reference ticket history additional comments customer visible update task task assignment assignee owner closed complete work notes description ref msg,Miscellaneous,Hardware,0.77972555
critical alert original message sent thursday critical alert following alert occurred status active data source type data source computer server description last recovery points created unexpected error occurred while job was running for more information open administrator console review alert details monitoring task area,Hardware,HR Support,0.7792639
add belgrade to list add hi ask add public please addresses needed thanks,HR Support,Miscellaneous,0.77711844
revaluation setup error ref sent thursday revaluation setup error hi could you please raise ticket for below best regards applications analyst en sent thursday revaluation setup error hi you happen know if there ticket raised for issue critical should be escalated we need be fixed asap thanks kind regards accountant ext en sent re revaluation setup error hi understanding issue part wider issue around reversing journals provided while ago attached but think really acceptable checking with status original ticket if when expect have fixed sent re revaluation setup error hello any feedback matter we need close we cannot without knowing what does our revaluations these should have automatic without headache please advise issue status was escalated resolve any resolution please keep informed thanks lot sent revaluation setup error importance high hello was about run revaluation you probably aware revaluation routine should be automated reversing journal following month however for macedonia did reverse please attached extras excel initial postings snip how put filters for part them reversed clearly setup issue problem if does work correctly correct reversal for please treat issue with high priority escalate appropriate kind regards manager en,Hardware,HR Support,0.77624506
need access to following links links hi assuming duties links release upcoming ones these split other subsequent pages reason links pages exist please advise how overcome thanks north,Hardware,HR Support,0.77621406
accounts accounts hi thank you for providing access for seems misses test cases module if or something but should have same access rights more details below regards manager sent wednesday december accounts hi found can enter but access can you please help with access rights should be same for access created by should same thank you wednesday december accounts hi current status for credentials received access granted can work with credentials received but cannot be accessed without certificates received delayed join most probably tomorrow wrote another best regards wednesday december accounts hi could you please confirm if accesses working for thank you manager sent tuesday december accounts hi here credentials sorry delay forwarding these details thank you manager sent friday december accounts hello please be advised ad accounts have created for display name domain password address display name domain password address if there anything we can assist with please let know best regards analyst ext hub,Hardware,Access,0.7747211
purchase requisitions situation oracle for account analyst community builder ext hub tuesday pm re purchase requisitions please log installation provide height adjustable monitor growth thanks everyone requisition required administrator phone tuesday pm re purchase requisitions monitor thank engineer tuesday pm re purchase requisitions nope re respond monitor please provide thanks administrator phone tuesday pm re purchase requisitions hello please advise further assistance requested thank analyst community builder ext hub tuesday pm re purchase requisitions guys seeing monitor under please infirm administrator phone tuesday pm re purchase requisitions hi monitor height adjustable thank engineer tuesday pm re purchase requisitions hi catalogs populated require thanks administrator phone tuesday pm purchase requisitions hello please advise thanks kind regards analyst ext hub purchase requisitions hello make purchase requisitions purchase requisitions section available catalogues nor find product search function image please thank engineer,Purchase,Hardware,0.77371967
access to network december pm hello working floor connect order virtual machine machine id machine number please add user ecosystem senior developer next annual leave november december,HR Support,Access,0.77325433
change end date re hi please note date february please ensure his terminated cob thanks mobility officer december re thanks kind regards december re hi thank confirming updated kind regards tuesday december pm re hi contract has extended march please amendments made thanks kind regards october re thanks kind regards october re hi completion kind regards friday october pm hi please add contractor name job title consultant date october date friday december location entity kind regards,HR Support,Miscellaneous,0.77306193
access to hello reports site custom site created by site provided by owner custom sites manage permissions please advise attached guidelines permissions implement automatically additional work related permission schema please discuss best regards engineer tuesday october pm re required hi approved various requests etc site complete reports rights reports follow rights automatically thanks october required hello everyone please approve regards analyst ext hub tuesday october pm required hi please provide link reports community thank officer registered st floor registration vat social,Hardware,Miscellaneous,0.77273965
editing right for events editing right events dear colleagues please give editing rights events calendar thank specialist,Storage,HR Support,0.7715599
request to be re opened december pm re opened hello bothering regards mentioned which closed by guest without journal notes please pass reopen issues fixed investigation going thanks kind regards analyst,Miscellaneous,Hardware,0.7706104
new hello please informed site has created site link owners site more questions hesitate ask kind regards engineer october pm re hello details name code owner please let questions thank engineer october hello please give more details about link guidelines id more questions hesitate ask kind regards engineer october pm hello please let link please let questions thank engineer,Hardware,Miscellaneous,0.77003825
access for hi guys please write location possible he implementing cr over weekend documentation needs updating thank,HR Support,Storage,0.76975894
review assets with type not defended december pm review assets type defended dear please assign review assets type defended senior consultant,HR Support,Administrative rights,0.7696447
create mail contact his name credentials him,Access,Miscellaneous,0.76929206
issue sent tuesday issue hello have recently reinstalled machine can longer connect any git repositories can even clone public ones error receiving when trying clone one git clone guitar db git cloning into guitar db fatal unable access guitar db git could load client certificate error error library such process key found wrong pass phrase or wrong file format really why would need client certificate order download public repositories tried error but found nothing help have you ever encountered with any other machines if could you please assist solving thanks,Hardware,Access,0.76843846
new printer tuesday november pm printer importance high dear please log engineer november printer importance high hi please help printer moment kind regards counsel extension,HR Support,Hardware,0.7683005
network mappings friday mappings hi followup requests regarding networks mappings add more mappings mappings follows sonar obi thanks design lead,Miscellaneous,Hardware,0.7676829
cannot access time management sent tuesday snip importance high hi you can below cannot section until could you please help with set manager for codes without end date added we very close month end we have approve timecards possible thanks officer sent snip,HR Support,Hardware,0.76765835
access to through hello setup connect resources kind regards developer,Hardware,HR Support,0.7661069
prompts for credentials asking for credentials every hi can you please help with issue attached thanks best,Administrative rights,Hardware,0.7645953
mail dear please note for blocked able send mails but able receive mails please help thank you manager,Administrative rights,Hardware,0.76263046
sync issues with sync issues with hi having issues syncing one drive desktop says one file problem but let view what file head sales north,Access,Administrative rights,0.7626249
updates oracle friday july pm updates hello please find attached excel file changes leavers please help respect logging tracking purposes let needed thank kind regards,HR Support,Hardware,0.76228976
backup software work properly hi could you please solve problem with software work correctly have had problem for couple months data specific folder backed up there lose data if os work regards,Hardware,Administrative rights,0.76193523
time on pc sync with time pc sync with,HR Support,Access,0.7618481
failure failure dear please open ticket for for fixing issue with sockets areas best regards lead,Miscellaneous,Hardware,0.76165324
add user to all staff wednesday march pm include hi please include mailing thank,Miscellaneous,Access,0.7593756
add access to list friday july pm add name user provide kind regards tester,Miscellaneous,Access,0.75897354
for log issues sent thursday for hi can you reset password for for please unable log thank you manager trainer production managed one largest multimedia publishers with award winning portfolio brands,Access,Hardware,0.7568038
expenses app tuesday pm app hello please issue app thanks digital product strategy,Administrative rights,Hardware,0.7560871
new starter states friday july pm re completed please make procure license fast track software then install take care thanks engineer ext date friday july pm re completed hi apologies document updated both thanks date friday july pm re completed understand form installed worries back track credentials engineer ext date friday july pm re completed hi understood update form jump let must regards date friday july pm re completed needs word excel she needs without install needed software needs listed form thanks engineer ext date friday july pm re completed hi software please advised definitely needed kind regards date friday july pm re completed please make credentials by july equipment software needed user because thing user then needs form created please make items needed user matter how included form thanks engineer ext date july re completed hi required hardware section notes she monitor software added phone she sitting building floor table seats number section irrelevant thanks date july completed hello starter form attached contains information regarding type hardware she where she seated please update form relevant return cannot log tickets without thank analyst community builder ext thursday july pm completed dear please find attached completed form joining nj thank administration officer thursday july pm re kind reminder attached date thursday july kind reminder dear please help completed form thank administration officer tuesday july dear please help completed form joining nj thank administration officer registered under number whose registered old broad street kingdom provide clients each subsidiaries separate entity has liability entity acts wednesday july pm re starter states hello please informed licenses were assigned order required licenses accounts log enter screen redirected federation please enter details also install install appeared select close download also please attached guides installation please kindly let assist further best regards analyst,Hardware,HR Support,0.75542307
disappeared from oracle fusion sent wednesday disappeared fusion hi could you please investigate why code disappeared fusion should be with full rights here well officer,Internal Project,HR Support,0.7546206
update to from wednesday pm wrong dear reports receiving found out entity which please fix instead thanks head testing,Miscellaneous,Hardware,0.7540773
mind map manager professional thursday mind map professional hello please ask install mind thanks program,Hardware,Access,0.7533285
inventory of network equipment switches routes fusion inventory inventory equipment switches routes inventory,HR Support,Hardware,0.75308233
report thursday pm report hello please advise how extract report opportunities cleared did find combination filters tool thanks clearing analyst,HR Support,Hardware,0.752078
add to manager wednesday req please rate experience dear input please help by taking fill out short survey take survey regards english,Hardware,Miscellaneous,0.7502399
project management search fields issue sent thursday re assignment for hi issue with search option cannot find any codes could you please have look his rights added him solved regards sent thursday re assignment for hello sorry insist matter but still below unable find any via search fusion could be rights related manager head date wednesday re assignment for hello please note you have insert number field please note mentioned change be performed by analyst ext hub sent wednesday re assignment for hello understand procedure for changing however does seam exist created can but fusion print screen below manager head date wednesday assignment for hello please be advised if needs be changed current can perform change with help attached guide longer interferes these matters if you encounter any issues or should you require further details please let know thank you for your understanding collaboration best regards analyst ext hub sent tuesday assignment for hello please assign code fusion thank you manager head,Hardware,Miscellaneous,0.7492442
editing oracle account details for expenses editing details hi yesterday regarding expense approach follow instructions enter details details logged without codes believe required cannot how existing details help regards infrastructure consultant,Access,Internal Project,0.74816084
report for report hi guys please log forward usage report supplier please refer section entities,Purchase,Hardware,0.74782425
access to hello informed gain please let ask approve forward question thank much good afternoon kind regards infrastructure,HR Support,Miscellaneous,0.74773645
access to service trust portal friday pm hi re going forward default instructions add additional users article started azure dynamics ad also given too he kind regards information compliance officer extension registered under number whose registered old broad street kingdom provide clients each subsidiaries separate entity has liability,Hardware,Access,0.7459212
include deployment images july include images hi please log include framework feature images requests install since automated option fails thank,Hardware,Administrative rights,0.74555314
user could not log to workstation advised her laptop won accept her usual credentials sudden,Access,Hardware,0.74532783
for not working cannot sing for error while signing please,HR Support,Hardware,0.7446381
notification maintenance works on oracle fusion december pm re performing bounce december hello good side kind regards december pm performing bounce december hello please approve attached form schedule performing bounce december help rid issue users faced recently possibility reassign card best regards analyst,Hardware,HR Support,0.7441438
new device to be added to pm re device added hi connect via added thanks pm re device added hi please also add thanks device added hi joined merchant he connect add his please name thank,Purchase,Miscellaneous,0.74278224
add to users add users order,Access,Miscellaneous,0.7405149
timecards approver thursday july pm timecards dear timecards july approved his dashboard name he because pm approve which thank owner july re timecards la tine thursday july timecards hello ca busy forget timecards inca approved approved owner july re timecards dare tot friday july timecards la mine timecards care dashboard ca vin la ca pm owner,Hardware,Miscellaneous,0.7402016
oracle mobile app connection details thursday mobile app details hi please provide details mobile app host user pass user pass combination thank head testing ext mob,Access,Hardware,0.7395104
missing staff entry oracle pas pop thursday hi add member report he tester please double he possibly by other name update accordingly thank,Miscellaneous,HR Support,0.73928523
local admin rights request rights hi please process reinstate rights since currently off thank assistance regards engineer,Storage,HR Support,0.7389952
resources access resources hi changed today please resources continue work kind regards analyst,Hardware,HR Support,0.73729545
headphones needed hello redirected pair headphones old ones took coffee bath morning prompt helping thank,Hardware,HR Support,0.73713744
re issue for time card re issue for card dear able log into applications for card same error reproduced you could verify best regards tester sent friday re issue for card dear able log into applications for card same error reproduced you could verify best regards tester sent monday issue for card dear able log into applications for card you could verify best regards tester,HR Support,Hardware,0.73699087
pas ownership on collaboration ownership collaboration dear required privilege mentioned code pm together pm thanks client,Internal Project,Miscellaneous,0.73675215
new access friday march pm privileges dear upload location seems permission action library forms library fold transition view provide appropriate privileges upload delete please thank regards test lead,HR Support,Storage,0.73646843
laptop and credentials re credentials hello please entire cycle knowledge transfer completed leaver hardware retrieval wipe by period her engagement thank much regards engineer ext october credentials importance high hi agreed phone thursday has returned moment she come back days starting october rd knowledge transfer lead her stay locked her credentials stay active meantime best director,HR Support,Hardware,0.73578006
en replacement tuesday pm hello please person possesses has requested replacement which has approved has which suggests has upgraded recently replace please retrieve reused upgrade other devices currently production consultant,Administrative rights,Hardware,0.73479193
new printer friday re printer hello please inform about printer rd has renamed according naming convention thank engineer re printer please find queue please belay req date saturday printer hi guys please add printer same latest thank date friday printer hi please log partially install printer rd floor also log please add afterwards please attend morning over weekend complete among others,Hardware,Miscellaneous,0.7347695
info amsterdam com access access to tuesday re amsterdam hi revise decision about second thought replacing quite often then takes over her responsibilities she out good he therefore also kind regards date tuesday re amsterdam hi location want person work please instead she re needed other functions work next rd amsterdam invite event thank head tuesday re amsterdam hello input kind regards analyst ext hub friday pm amsterdam hello please approve looking forward hearing thanks kind regards analyst ext hub thursday march pm amsterdam hello please approve looking forward hearing thanks kind regards analyst ext hub thursday march amsterdam hello everyone assistance matter amsterdam write amsterdam let possible further required thanks kind regards infrastructure,Hardware,HR Support,0.73409337
new request for wednesday july pm hi cpu storage needs please find attached setup form thanks senior engineer,Hardware,Internal Project,0.7338565
codes needed pm pm pm pm ti going pm ca code pm pm la ca pm ca si wednesday pm va si pin director,Internal Project,Hardware,0.73326343
project access environments re generic updated forms configuration view thanks friday generic hello please provide updated configuration plan kind regards analyst ext thursday pm joiner hello joining next he recently accepted offer he he possible he part code please tickets confluence environments stag test test test test license please make tickets raised requests let other details required thank,Miscellaneous,Access,0.7324732
new access hello please informed deleted site sites under also checked owner rights sites related dents manage permissions attached guideline also guidelines id more assistance feel free best regards engineer tuesday november pm hi restrict rights sensitive information regards,Storage,HR Support,0.73112893
for importance high hi please help two next rd floor customers lister bishop log via available best regards,HR Support,Hardware,0.73006433
for push notifications pm push hello please investigate push these please enable consultant,Hardware,Miscellaneous,0.7299863
submission errors sent wednesday december re urgent submission errors additional can even select code for monday th with,HR Support,Internal Project,0.72567654
change the project allocation for thursday february change allocation hi please allocation receive annual leave requests thank information confidential legally privileged intended solely addressee opinions expressed mine necessarily represent opinions susceptible interference intended recipient disclosure copying action taken,HR Support,Miscellaneous,0.7236931
configuration help configuration help hello help steps take regards senior developer,Internal Project,HR Support,0.72097456
bod permanent procurement process sent monday bod permanent process dear kindly request your start process related next equipment for bod permanent equipment quantity cost cost cop vendor printer tv door fridges high quality commercial microwave hot cold water dispenser related number bodes address building floor regards manager colombia,Purchase,Hardware,0.72070074
mailing lists not expanding outlook sent monday november mailing lists expanding hi get error when trying expand mailing list attached please note error manifesting since last week thank you senior manager,Storage,Administrative rights,0.71928775
requisition rejected requisition rejected hi can you please look bellow issue think address get person regards sent wednesday october re requisition rejected hi have followup instruction ended up error please advise date greater than current date thanks sent wednesday october requisition rejected access task application requisition rejected details assignee assigned date expiration date task number requisitioning entered by requisition amount approximately nonrecoverable tax approximately approval amount approximately description laptop th justification have laptop for years space things started be slow very slow recommended actions requisition requisition lines view requisition details for complete list requisition lines including previously approved lines view requisition details for complete list lines following table shows lines requisition view requisition for more details line item description suggested supplier requester cost center quantity price amount amount parent line status laptop th sa rejected view requisition details view document history comments dear please review instructions how request hardware equipment resubmit thank you attachments data display history updated by action performed assignee updated assigned assigned rejected assigned withdrawn assigned withdrawn update rejected update task completed rejected task completed rejected,Miscellaneous,Hardware,0.7182624
enable on net enable hi please enable which hosted azure regards engineer,Hardware,HR Support,0.71621853
snow snow hi can you please look into why was able cancel without inputting any reason also please advise if thing or one off kind regards specialist pl,Miscellaneous,Hardware,0.71245533
request team wednesday july needed hi please create myself thank kind regards,HR Support,Access,0.7123009
contracted accounts for pipeline committed accounts pipeline committed hi please add pipeline committed spend report thank tuesday october pm accounts hello please find attached file received accounts best regards analyst thursday pm re accounts hello won mind give going please attached file let looking thanks kind regards analyst accounts hi everyone currently working analysis accounts revenues level added because he helped information regarding please let require further information best regards analyst,Internal Project,Access,0.71186036
need history of the for history hi please best regards analyst thursday pm history hello help history thanks best regards,Miscellaneous,HR Support,0.7114453
employment changes december re employment changes hi attached kind regards december re employment changes hi please provide job title currently thanks analyst ext hub december re employment changes hi almost order little part left job role section profile says developer believe developer thank kind regards december employment changes hi made changes please everything order job title thanks analyst ext hub,Miscellaneous,HR Support,0.70984733
from outlook admin rights march pm rights hi rights change members please log solved thank senior analyst,Administrative rights,Miscellaneous,0.70927715
requested items by report tuesday october requested items by report dear please log call help issuing report requested items resolved by grouped by client stacked by assignee owner tried different ways cannot generate valid seems trick again regards leader,Purchase,Hardware,0.7091537
rights wednesday rights hello please polls section please selected section attached image possible entire configuration section thanks application engineer,Purchase,Hardware,0.70846164
access bb view ad link asks attached about permission approve his he added right groups he also has tuesday pm wants hi planner documentation proposal reasons name thank accept decline,Storage,Miscellaneous,0.70815915
not enough rights on portal com tuesday pm enough rights hello got rights install thank best regards engineer,Storage,Hardware,0.70796764
change friday november pm salary proposal timetable hello please assist change has requested change form thank administration officer friday november pm re salary proposal timetable pm care flow tot observant ca la la sip ca se pare ca si effect,Hardware,Miscellaneous,0.7079319
oracle report enhancement tuesday november pm re report enhancement has assigned hi works perfectly run report thing dump excel play around ideally report format directly perhaps copy report rename reported by person card status folder think useful parameters removed entity card type type add parameter person unit run example columns report also copy think person name column each card status plus total excel attached great report which looks excel file leave please thanks november report enhancement has assigned hi added filter report please inform thanks november pm report enhancement has assigned hello please advised record number has assigned please review details take appropriate action reference number details requested location generic location summary report enhancement additional comments requirements report enhancement hi please make enhancement existing report details add parameter report please parameter add example run report within please let require further information thanks assign reference assignment summary report enhancement location generic location please link kind regards please ref msg,Hardware,Access,0.70768505
access to the material please check access thursday pm re material work even guys confirmation morning he thoughts thursday pm re material these links working change thanks chief date tuesday material dear beautiful exciting please note granted material storage kickoff folder where find location slides passion challenge stories achievements more stories storage kickoff material samples social videos storage kickoff material sample pictures video storage kickoff material videos main draft storage kickoff material file name kick off draft enjoy passion challenge videos storage kickoff material videos let questions wishing lovely regards,Storage,Hardware,0.7061533
ticket has been raised for root cause analysis connection downtime,Miscellaneous,Hardware,0.7058263
network error sent saturday march error hi trying access share drive below receive following error thanks for help best regards,HR Support,Hardware,0.70550734
oracle fusion is not working message unplanned outage sent friday july fusion working message unplanned outage please attached image fusion site working cannot fill manager en,HR Support,Hardware,0.7052132
sound issues solved sound issues solved hi please note we had issues with tv sound during presentation help consider raised issue solved thank you,Administrative rights,Hardware,0.70432305
adapter and ports tuesday re license required advised currently looking adapter users supplied enable work within sort ports commonplace purchase adapter find trick head license required hello everyone action required side thank kind regards analyst ext hub pm re license required hi also advised by users adapter enable connect ports oh advised currently looking choosing adapter macs wondered decision had made yet instance keen adapter enables connect well client projectors etc require cheers,Access,Hardware,0.7040177
terminated employees active oracle pm terminated employees active hello currently employees active even left issue appears due import done july were terminated except please perform leaver process employees panic panic questions please kind regards engineer,Hardware,Miscellaneous,0.70291585
merge method from the friday november interested merge method hello interested merge method functionality attached picture seems older version please updated newer version supports thank,Administrative rights,Hardware,0.7016769
profile with no admin rights hello please be advised machine wrongly configured profile rights would you be kind assist,Hardware,Administrative rights,0.7005677
period close activities for next week pas wednesday pm period close activities next importance high hi please kind regards analyst wednesday pm re period close activities next importance high hi please proceed activities afternoon copy forecast period forecast period copy budget draft budget final forecast period budget final pm groups make second copy costs part which prefer keep owners locked out two days more until confirmation costs please let once done plan out pm tomorrow morning advise opened forecast budget final thank regards,Hardware,Miscellaneous,0.70038897
modify ibm sd service now thursday pm modify ibm sd hi under user administration companies old imported called ibm sd applies needs transformed name sd phone manila require more details please let thanks help kind regards,Miscellaneous,Access,0.69953924
extender friday pm extender hi wanted let needed extender got sorry logging helps lovely weekend,Hardware,HR Support,0.6987023
policy settings check tuesday pm policy hi ask relevant probably mobile devices please has mentioned afternoon his android device displayed saying update lists remote administrator rights rights setting existed kind regards information compliance officer extension,Hardware,Purchase,0.69828355
access hi kindly ask provide until received two credentials pin code activate swivel mobile app order best regards tester,Internal Project,Hardware,0.69824404
resilience between and tower resilience tower hello please investigate possibility enabling resiliency tower comes order avoid outages similar wednesday possible please follow change process make keep loop well thank,HR Support,Miscellaneous,0.69773346
new ticket for helping me with thursday pm helping hi please assign he helping jobs code doing assign same node running jobs engine job gulp build dashboard repository thanks senior software developer,Access,Miscellaneous,0.6976806
jobs are not triggered anymore from commits jobs triggered anymore commits hello build jobs for several projects triggered anymore when commits pushed ex projects build blocked for view build jobs job mock integrator best regards senior developer,Miscellaneous,Access,0.6969191
vs employee locator vs dear eel please investigate has started active eel yet thank planning officer ext,Access,Miscellaneous,0.6963108
windows updates not working on windows currently have installed laptop seen attached there updates ready be downloaded installed but download always could you help install updates thank you,Administrative rights,Hardware,0.69608355
new friday july pm edge hello requirement test product edge please assist same according specs name leader os hardware resources cpu description roles running important slave automation execution date estimate date finalized decommission final date term annual contract extensions platform testing other production staging testing impact minor significant let additional required regards test lead,Hardware,Miscellaneous,0.6953818
new project billing billing dear kindly ask create billing billing billing thanks officer,Access,Internal Project,0.69349295
access needed july pm discipline also please add accounts thank,Miscellaneous,Access,0.69280696
november dear items help please exclude add make wish share share client important possibility thank ext,Storage,Miscellaneous,0.6922727
request for support remove from wednesday dear kindly ask thanks,Miscellaneous,HR Support,0.6897067
getting a blank and error message while logging to eel getting blank error message while logging eel hi though was assigned place th floor tower getting blank error message you assigned any location please contact your administrator after logging able use site thanks tester,Hardware,HR Support,0.68852675
help with receipts sent thursday help with receipts hi could you please be kind help with finding out why we cannot receipt below list etc have we have created these without back but seems we cannot complete receipts for them you happened know if we could use any fix inconvenient we have cases where we were able perform receipts for type few po example thanks kind regards,Purchase,Hardware,0.68666244
access to friday pm good morning luck tried option both user name neither option regards senior analyst,Access,Miscellaneous,0.6860651
unable to approve as owner of site sent thursday february re wants access call thank you confirmed with leader en sent thursday february re wants access call hello please be informed we made some configurations should work expected best regards engineer sent wednesday february re wants access polls templates please provide access for some reason cannot also please restore access able approve thank you leader en sent wednesday february re wants access client hello again for some reason unable approve these requests please restore access can approve owner site need have full ownership permissions every corner site collection also with permissions she requested thank you leader en,Miscellaneous,Storage,0.6850661
for error for hi have got problem with for problem integrating with cannot meetings calender there for example have attached message get thank you,HR Support,Hardware,0.6832143
benefits screen change please thursday pm re benefits screen change please thanks looks good regards re benefits screen change please hi please informed unit measurement column added allocation screen please everything please rise best regards engineer thursday pm benefits screen change please hi recently imported viewing allocation screen help unit measurement unit displaying screen possible please regards,Miscellaneous,Hardware,0.6821208
access to the career map link tuesday july map link hi please help granting persons noted link forms grades job titles archives tube maps maps disciplines model view ribbon thank mob ext,HR Support,Hardware,0.68201554
on azure machines azure machines hi please add disk size azure machines please assign task thanks design lead ext,Hardware,Miscellaneous,0.681948
weekly renewal guest password failed to renew nj weekly renewal dear please be advised guest successfully changed quotes following devices frankfurt frankfurt failed change jersey reason connection timed out jersey reason connection timed out case you found any devices under failed list or if any other errors were reported please contact have great ahead,Hardware,Access,0.6818929
access rights for team on server rights hello please order rights instance running please please assign directly configured best regards engineer,HR Support,Hardware,0.6810384
denmark new employee joining set up oracle denmark joining dear colleagues please dear colleagues please help setup denmark provided by more needed she provide side applicable moment created thank wish great weekend thursday november pm denmark joining hello update role has offered hire copenhagen denmark he has accepted role waiting confirmed date which expect about terms hire number needed perspective noted these appreciate other areas considered please next steps terms setting changes entity salary allowance danish kroner copenhagen denmark holiday absence code regards,Internal Project,HR Support,0.6809538
new starters and for re ad hello please accounts created users please possible let instructions provided by thanks kind regards infrastructure friday pm ad hello please advised added per encounter issues please hesitate thanks kind regards analyst ext hub friday re ad hello please users added thanks kind regards infrastructure thursday pm ad hello please advised ad has created please find credentials display name display name let which groups add assist please let looking forward hearing best regards analyst ext hub thursday file updates hello please create attached users thanks kind regards infrastructure thursday file updates se wednesday pm file updates dear updated contractors file hires leavers please let questions also added bulk starter form joiners understand how joiners going forward both files doing currently way consider investigate furthermore thanks,HR Support,Access,0.68078846
set up hello has has simplified changed order needs today thanks,Purchase,Administrative rights,0.6794167
export request friday pm re export date friday export hello working migration part migration matching two provide export containing addresses users also attached thanks digital solution architect,Hardware,Access,0.67848223
regression regression hi please import opportunity test thank programme officer,Internal Project,HR Support,0.6783722
reset time card card hi guys please card period thank application engineer,HR Support,Access,0.6783205
access needed to oracle needed report dear please provide report needed cards thanks lot,HR Support,Access,0.678172
permissions issue permissions issue dear please log assigned based thank best regards engineer permissions issue hello ask please verify permissions suppose level write today noticed cannot anymore even till regards officer,Storage,Hardware,0.6779168
credentials for sent tuesday credentials for dear could you help please restore for tried reset password using hint start but got response attached bellow thank you,Access,Hardware,0.67712533
please add a record local wednesday november pm please add record hi created pre environment machine tag apache host static files tested integrating browser want please add record browser want available accessible note connected via needs configured way changed write near name record best regards test consultant mob zone,Miscellaneous,Hardware,0.6763111
old timecards oracle approval queue tuesday old timecards queue hi entries queue how rid taking consideration these approved timecards thank officer,Miscellaneous,HR Support,0.67487204
reopen pm change hi entered date st leave instead public holiday has approved please reopen reentry mistake thank senior developer,HR Support,Miscellaneous,0.67400265
origin com poll string match check friday november re origin poll string match status down hello please investigated errors displayed logs also saw same period polls were down same load balancer thank engineer,Hardware,Miscellaneous,0.672981
welcome to mail sent error sent tuesday welcome please log ticket for below related raise manager sent re welcome sa se ca merci manager sent welcome idee best regards client manager sent tuesday welcome welcome dear we have you member our wish you successful career with brains hard work combined with creativity teamwork friendship our career aspirations driving growth next days you receive induction plan smoothen your integration have further meetings with members learn about employment related issues have look hereto get more info about definitely check out welcome message here again welcome if you have any questions please contact your manager or looking forward working with you note mailbox does receive incoming,Hardware,Storage,0.67295825
polls polls hello please update description polls according attached document thanks,Hardware,Miscellaneous,0.6719373
managed services missing sent monday october re managed hello can you please raise ticket for below incident thank you kind regards sent monday october managed hi kindly request for your with below issue have when attempting generate po have managed raise requisition managed but when go tab order generate po cannot find managed list hence cannot generate po can you please add able perform task if further clarifications needed please let know thanks administrator,Purchase,Miscellaneous,0.6717549
integration project list update update hello please add thank kind regards infrastructure ext phone,Hardware,Miscellaneous,0.66722804
oracle sign issues sign issues dears assign please regards engineer sign issues importance high good noon dear colleagues since yesterday sign help possible create urgent thank specialist,Hardware,Administrative rights,0.66579837
leavers still active friday leavers active hello please make license active since generates costs waiting confirmation bit highlighted inform needs implemented well please make tend bit possible thank best regards leader ext wednesday pm leavers active hi by across user has processed leaver march he active please remind make accounts checked disabled well processing leavers paying licenses these accounts processed properly realise seemed he had roles sn he part said question did leaver other worth clear question around leaver form avoid these omissions future vote quite costly thanks leader,HR Support,Access,0.6648253
one person missing when adding him to the project sent tuesday re dear lopping kind regards sent monday re importance high dear able add please advise best wishes sent monday importance high hello,Hardware,Miscellaneous,0.6639352
request for creation of for belgrade wednesday november pm creation dear kind create characteristics name benefits benefits members owner mails allowed please create ad thank much country,HR Support,Miscellaneous,0.66132283
oracle request supplier statement oracle re tickets hi please re tickets resolved automatically by accidentally missed these actions tickets thank best regards application engineer friday pm supplier statement has assigned hi please rise regarding closed by order awaiting response thank best regards application engineer thursday pm re supplier statement has assigned ca si tip document sold si cum si fie separate ca ne si care kind regards accountant ext supplier statement has assigned si ca best regards application engineer tuesday pm supplier statement has assigned call cum care best regards application engineer thursday pm supplier statement has assigned hello please advised record number has assigned please review details take appropriate action reference number details assign reference assignment summary null choose template applicable please provide short description supplier statement details thursday supplier statement hello please consolidated supplier statement per attached example balance certain same report notes supplier thank regards leader priority affected add requested location center location center attachments events please link kind regards ref msg information confidential legally privileged intended sole,Hardware,Miscellaneous,0.65995526
monitors for guests from columbia monitors guests columbia hi monitors were taken guests columbia si please name given back guys leaving columbia weeks please let colleagues take monitors his name guys leaving thank regards tester,Hardware,Miscellaneous,0.6587204
people manager urgent friday pm urgent hello please needed resources he has finished his probation period move definite role emphasize needed quite fast proposal period he needs meantime please his his somehow cannot his anymore please provide were removed deadline proposals today cheers,Hardware,HR Support,0.6576476
problems july problems dear having problems seeing please find opportunities contracts panel please thanks officer,Miscellaneous,Hardware,0.65761036
oracle fusion pm allocation tuesday july pm pm allocation hi went steps document date pm hit done thus cannot add pm two codes please advise how proceed also pm maternity leave cannot changes herself please assist thanks july pm pm allocation hi please advised pm needs make these changes attached user guide how perform assist please let thank analyst ext july pm pm allocation hi please change approver thanks next holidays july registered under number whose registered old broad street kingdom provide clients each subsidiaries separate entity has liability,Miscellaneous,HR Support,0.6573985
report polls suspended but up report polls suspended,HR Support,Miscellaneous,0.6571642
migrate profile from leased to new migrate profile leased,Administrative rights,HR Support,0.6570168
missing time sheet pm sheet add card also left pc pc person number country job discipline grade assignment person date senior developer engineer engineer active senior developer engineer engineer active senior developer engineer engineer active senior developer engineer engineer active senior developer engineer engineer active senior developer engineer engineer active senior developer engineer engineer active senior developer engineer engineer active senior developer engineer engineer active senior developer engineer engineer active senior developer engineer engineer active he leave he resubmit dates he serbian annual leave person number country job discipline grade assignment person date test lead consultant testing consultant active test lead consultant testing consultant active thanks,HR Support,Access,0.6568216
last day thursday december please which hello appears having submitted his country job discipline grade assignment person date monitoring engineer engineer center engineer active which his please please activate him he report anymore thank central eastern technical,HR Support,Hardware,0.65629506
undeliverable message when trying to send announcements to some am teams thursday july pm re call changes hi owner groups think approve cascade information thank much thursday july pm call changes importance high hi getting attached undeliverable announcements teams please approve shared mailbox these alternatively please cascade information needed thank leader thursday july pm call changes importance high hello announce changes starting st call call entirely provided customers call updated reflect change technical call has undergone changes well also reflected require further information please leader thanks kind regards,Hardware,Miscellaneous,0.65598875
oracle fusion no task details hi trying book fusion but any items task details for example if select code anything task details,Internal Project,HR Support,0.6551848
eel update wednesday march pm location hello assigned eel please assign best regards,Miscellaneous,HR Support,0.6544319
update request oracle and for technology team members thursday pm update members hello please kindly asking update location members after transfer add cards also location setup please help updates name thank officer,Miscellaneous,HR Support,0.65412706
update explorer favorites bar wednesday pm update explorer favorites bar hello please update explorer favorites bar obsolete items thanks,Hardware,Purchase,0.65399647
job titles updates wednesday july pm job titles update hi please job titles impression job titles were updated please let assist thank senior tester ext mob,HR Support,Hardware,0.6539312
server free space free dear please advise room store additional location store human resources done order expand thank,HR Support,Storage,0.6537211
physical fault th floor sent friday december physical fault th floor hi there some physical electrical fault th floor went off for stations monitors various other plugged devices seems there those floor masked sockets looks like malfunction under blown fuse help please best head agile transformation ext en,HR Support,Hardware,0.6534258
access error monthly reports tuesday october error reports importance high hello seems rights run reports reports please help issue attached doc regards,HR Support,Hardware,0.6532241
server access to be removed removed dear please assist rights locations main location store human resources store human resources let thanks,Storage,HR Support,0.6522503
introduction to new pas and oracle list of tasks to be followed wednesday pm introduction tasks followed hi guys please attached client thanks tuesday re introduction tasks followed va client agile commercial application please select agile agile other commercial materials,Internal Project,HR Support,0.6509711
add to november re question hi definitely related suppose kind regards analyst question hi please bellow advise thank analyst ext hub november pm hi how rolls link latest vacancies rolls please yours sincerely,Hardware,Miscellaneous,0.6507182
oracle pas write access request to write hi please write copied pm approve she holiday please find communication her asking assist suffice thanks officer cum care cat sept code si costs si face follow terms ca design si si la el fie days row labels sum days grand total costs corresponding ca exact la si si ne sept upcoming annual leave sept,Hardware,HR Support,0.6499716
com decommissioning decommissioning hi please log order decommission assign appropriate anymore discovered several vulnerabilities regards engineer,Miscellaneous,Hardware,0.6439028
request new projects to be set up spare has been assigned to am oracle support request projects be set up spare assigned hi please raise ticket for below request assign thank you kind regards engineer sent friday re request projects be set up spare assigned hello could you please check how these value have set up spare we getting below error message since yesterday when used codes some seems cannot be posted due addition segment thanks senior accountant ext sent wednesday request projects be set up spare assigned hello please be informed requested codes were set up spare should you need any further assistance please let know kind regards engineer sent tuesday request projects be set up spare assigned hello please be advised record number assigned your please review details take appropriate action reference number details requested for guest contact unknown sales address guest example location unknown line manager summary request projects be set up spare additional comments or requirements projects be set up spare hi please raise ticket for below request thank you kind regards sent tuesday projects be set up spare hi could you please set up attached projects spare manage chart accounts manage values spare thanks senior accountant ext assign fusion ticket reference assignment request summary projects be set up spare location unknown attachments image projects access request please click following link kind regards ref msg,Miscellaneous,Internal Project,0.6438091
access documents hi these please provide required link require approve granting please kind regards,Storage,Miscellaneous,0.64205694
customize modified dear modified sites thanks best regards tester,HR Support,Access,0.64161575
external needed for a few days needed few days hi download files azure currently free hard drive appreciate provide hard drive couple days thank regards senior infrastructure engineer infrastructure upcoming holiday none id,Hardware,Storage,0.6404101
time for th of sent monday for th dear colleagues was trying log for th but looks completely different please attached could you please advise best wishes,Hardware,HR Support,0.63708824
configure job job hello help reconfigure jobs because migration mobile please assign he helping issue thank,Hardware,HR Support,0.6360411
permissions on wednesday pm permissions dear rights eel rights please permissions again repositories thanks engineer,Storage,Access,0.63469386
access to for user provide ca effective date please allow these prod test,HR Support,Access,0.63133305
source code mobile re source code importance high hi guys too guys bump priorities fix issues client has reported sorry putting more pressure guys school thanks helping out client holiday notice friday pm mobile re source code hi guys mobile needs repository where mobile stored approved let other approvals thanks assistance client friday pm source code dear ask provide mobile android source code mobile pen repository thank mobile,Access,Internal Project,0.62711626
bucharest access friday december hi please card thank unit,Access,HR Support,0.62232625
quotes for its project tuesday quotes hi please log bellow thank administrator july quotes hi guys quotes please switches console console also requires installed sovereign spitfire give options quotes available thanks mo senior infrastructure consultant,HR Support,Purchase,0.6216128
oracle requisitions wednesday pm requisitions hello transform po noticed requisitioning bus stands cannot create created other locations help much appreciated thanks content,Access,HR Support,0.6211741
am unauthorized access granted sent monday hi guys could you please let know added owner haven approved request thanks manager en,Hardware,Miscellaneous,0.6207354
box account for tuesday december pm re drive sorry add him also submit well create thanks senior engineer ext date tuesday december re drive regards head testing mob december re drive senior engineer ext date tuesday december re drive hi how regards head testing mob december fwd drive hi looms appears backing work computer crashes more out begin forwarded date december re drive purpose folders right personal macs users senior engineer ext date tuesday december fwd drive hi looks hard drive crashes lose docs based statement begin forwarded date december re drive hello unfortunately storage reason personal drive users path which drive hosted order add rout profile technician thursday december re drive hi drives connected tried disconnecting reconnecting luck getting drives back batch file executed connect common drives thursday december re drive hi please right item under menu select properties path where folder located second image let path also let drive best regards technician thursday december re drive hi good question back drive appearing maybe question personal drives save files crashes recover files how mapped thanks wednesday december pm drive hello order investigate issue please let where hosted drive were folder far looking forward best regards technician wednesday december pm drive hi drive information log after entering pc connected senior test lead,Storage,Hardware,0.6206383
check synchronization between ad and service now manager field discussion changed mid friday march pm dear well checked appeared although ad changes were made manually updated other colleagues mentioned synchronization occurred accordingly separate senior colleagues synchronization ad occurs further assistance please hesitate thank much kind regards analyst ext hub thursday march high satisfaction score reverse charge issue hello please verify thank thursday march re high satisfaction score reverse charge issue think updated yet thursday march re high satisfaction score reverse charge issue awesome receiving these scores thursday march high satisfaction score reverse charge issue thursday march high satisfaction score reverse charge issue take moment enjoy earned notify reverse charge issue which assigned has received excellent satisfaction score overall satisfaction provided by ability understand issue having repeat information about issue communication steps required resolution taken by solve issue effectively influenced give these markings thank contributing high satisfaction rates kind regards improvement ref msg,Miscellaneous,Hardware,0.6186398
need help putting on personal need help putting personal,Hardware,Storage,0.6163098
new status update dear please ask our supplier for price quotation for below items once offer received them please raise for licenses themselves be used prerequisite deploying ring topology architect thought part proposal for thanks officer sent monday re status update hey we need upgrade switches model number serial number model number serial number part number one perpetual catalyst port thanks,Hardware,Administrative rights,0.6159
permissions friday february pm permissions dear has completed myself further update risks were initially raised by her please make pm tool well update close risks level currently active risks level thank head,Hardware,Miscellaneous,0.6143859
internal belgrade access card wednesday pm hello please find attached transfer forms he has changed he equipment id card thank regards administrator,HR Support,Access,0.613381
report access wednesday pm report hello part lead having issue looking reports satisfaction noticed bad score cannot find triggered please help navigate thru requests incidents scores per engineer kind regards application developer,Hardware,HR Support,0.6130214
close oxford tuesday pm re close oxford thank best date tuesday re close oxford done best regards application engineer ext re close oxford thank please ahead same production best date tuesday re close oxford done staging moving production links staging about locations amsterdam best application engineer ext close oxford hi please close hide oxford did glasgow oxford confirmation done please within stream thank best,Miscellaneous,Hardware,0.6127628
notification regarding windows updates regarding updates script running tonight,Administrative rights,Hardware,0.6126335
missing procurement sent monday hi please rise ticket thank you regards analyst en sent monday hello again have another issue drop down list for have some could you please also add ones right left print screen thank you best regards,Hardware,Miscellaneous,0.61020476
suspicious mail again suspicious again hi received yet suspicious attached thanks,Administrative rights,Hardware,0.6092976
team explorer full access explorer hello help please explorer thank developer,Purchase,HR Support,0.60876584
report for grade and location report grade location hello please assign caller thank kind regards report grade location hi report shows grades locations client by right clicking person grade location takes find out report grade location checked date thanks thank officer,Hardware,HR Support,0.60846627
project access pas pm hi please provide write best regards,HR Support,Internal Project,0.6022722
for october hello noticed has please predefined working schedule her calendar she same other members regards,Administrative rights,Hardware,0.60114753
new pas forecast for wednesday pm forecast hi please rights forecasting kind regards officer floor blvd district,HR Support,Internal Project,0.6008564
out of date sent photos showing out date,HR Support,Hardware,0.5944575
mail address change from yahoo com to com thursday november response card enabling center ne la va,Miscellaneous,Access,0.59367573
claim button on procurement items claim button items hi please thank kind regards thursday december claim button items hi occasionally items queue information button claim button want because advise example hanks advice client,Storage,Hardware,0.59248763
holiday awaiting approval status july pm holiday july awaiting status dear please investigate taken holidays awaiting status screen thank thanks kind regards cr consultant,HR Support,Miscellaneous,0.5923048
unwanted from com tuesday unwanted hello attached unwanted frequently receiving thanks,HR Support,Hardware,0.591764
task to be added oracle thursday pm task added importance high hi absence program suffice add task by tomorrow afternoon book under kong decommission thanks kind regards infrastructure mob ext street center,Hardware,Miscellaneous,0.59126556
is blocking sent friday issues hi please disable blocking senior developer,Access,Administrative rights,0.5910789
oracle mobile app credentials wednesday android app hi please provide android app thanks,Administrative rights,HR Support,0.59090495
hr manager role wednesday pm re location store human resources store human resources hi seems role please update thank,Storage,Miscellaneous,0.5901375
oracle fusion migrate project members from to pm dear assigned past currently pm please replace thank,Internal Project,Miscellaneous,0.58853537
requirements to be fixed wednesday february pm requirements fixed hello please help sorting issues while users encountered submit automatically editable again which makes submit again which moves submitted created means visible cannot follow different statuses until reaches completed short term assignment term assignment reversed export word select short term automatically show available term map senior engineer straight sc jumps grades objectives how upload feedback gathered ourselves thank blvd floor district,Hardware,HR Support,0.58653384
resolved critical alert sent monday july resolved critical alert following alert became inactive replica inconsistent with protected data source protection activities for data source fail until replica synchronized with consistency check for more information open administrator console review alert details monitoring task area,Miscellaneous,Hardware,0.58645606
last survey date calculation hi please help confirmation survey date stands reflect responses registered also accounts which surveys survey date these accounts example responses surveys were way survey date added dashboard database stamp were added show surveys other ideas around thanks,Access,Hardware,0.5838983
notifications thursday pm hi please include recipient related she receive sn currently receive,Purchase,Hardware,0.5831322
report administrator en report administrator en hi says owner en regarding attached report have following questions seems administrator be should log domain password should be changed please torrent client inform him torrent applications allowed please check whether player report allowed if remove,Hardware,Access,0.5770942
customize project demand issue tuesday pm customize demand issue hi please create demand by vacancy issues types creation vacancy issues type requested bit earlier separate contain states filled hold recruiting cancelled transitions possible statuses other status more details needed side feel free thanks,Access,Internal Project,0.5769039
wrong personal information wrong personal information hi have noticed gender wrong personal information tab platform thanks,Miscellaneous,Storage,0.5760046
assign as pm for pas reallocated pm hi please assign pm thanks reallocated pm hi please allocate pm regards,Miscellaneous,Internal Project,0.57502
issues sent thursday july issues hi please open ticket call assign take care meantime thank you best regards sent thursday july issues hi have asked forward errors getting when trying submit you able assist thanks senior technical consultant,Administrative rights,Hardware,0.57268935
pc for rent wednesday pm pc rent hi awesome want borrow pc want temporally please help thank design lead,Access,Hardware,0.5723349
oracle modules for thursday november pm modules hi please best regards analyst thursday november pm modules dear please find additional modules receivables intercompany fixed assets center corporate cards about collaboration massaging setup tools country,Hardware,HR Support,0.57229686
access to turners server hi please granted addition folders listed locations deploys test thank kind regards software tester ext,HR Support,Storage,0.57189846
local help for for christmas party thursday december pm christmas party help hi christmas party technical projector location prepare technical checks location etc party tomorrow please appoint locally help thank head,Internal Project,HR Support,0.5712806
to addresses re addresses hi thanks letting about delete please add blacklist kind regards addresses hello received attached others same latest months think tentative wanted submit attention maybe targeted please let additional regards senior analyst information confidential,Hardware,HR Support,0.57110083
provide access on servers net and net tuesday backup location software hello please log separate provide groups os database instance thank best regards technical consultant,Miscellaneous,HR Support,0.57050353
access to sent thursday access dear can access what occurs please help thanks en kind regards recruiting,Hardware,HR Support,0.570382
access to wednesday november library requesting library links library manage setting library note site site site provides central storage collaboration information ideas site tool collaboration tool communication meeting tool decision making site helps groups work teams social groups share information work together example site help coordinate calendars schedules discuss ideas review proposals share information keep touch other,Storage,Miscellaneous,0.56941223
outlook sporadically send certain invites have attached error message calendar invite for apparent reason parked outbox sent monday incident escalated more two teams fusion hi can you please get back advise why ticket resolved log incident for hold incident sent monday sporadically send certain invites hello please be advised tried reproduce described below behavior test machine issues or interruptions were observed could you please let know if issue reoccurred when happened last best regards senior engineer thank you sent monday incident escalated more two teams fusion ticket assigned more than two teams fusion hi please be advised following ticket assigned more than two teams fusion reference number summary sporadically send certain invites survey scores issue still resolved kind regards ext,Miscellaneous,Administrative rights,0.56936944
new starter re attached thanks head communication engagement please consider environment printing content communication classified confidential proprietary information content communication intended solely individual entity whom addressed others authorized receive intended recipient hereby notified disclosure copying taking action reliance contents information strictly prohibited unlawful received communication error please notify immediately by responding communication then delete integrity communication has maintained nor communication free viruses interceptions interference appreciate assistance preserving confidentiality correspondence thank friday pm hi please help by filling thank regards,Hardware,Access,0.56882405
digital evolution digital evolution hi please create two landing pages digital evolution text word file both link different files photo girl equipment please let questions please within stream thanks,Internal Project,Hardware,0.5683339
printer issues sent monday march printer hi we re currently facing issues with color printer floor friday think please assist once you re available thanks kind regards specialist,Hardware,Administrative rights,0.56736857
install of hello guys install notebook possible help regards consultant main main,Administrative rights,Hardware,0.5659273
success stories tuesday pm success hi please add success story agile stories agile leader two within add stories better agility faster releases insurer add distributed agile stories successfully migrating single responsive platform please within stream thank best,Miscellaneous,Hardware,0.5649797
cannot share calendar hi created calendar need share with several managed share with but cannot share with or for example attached error receiving,Hardware,Administrative rights,0.5644418
access request for a site please change site owner also per tuesday pm site requesting links site manage setting site hi guys basic rights note site site site provides central storage collaboration information ideas site tool collaboration tool communication meeting tool decision making site helps groups work teams social groups share information work together example site help coordinate calendars schedules discuss ideas review proposals share information keep touch other sites dynamic interactive members,Miscellaneous,Hardware,0.5633645
access on wednesday pm re hi please ahead wednesday pm re please approve thank wednesday pm hello order copy restore database backup please thank,HR Support,Miscellaneous,0.5627835
from outside july hi how thanks head mob,Miscellaneous,HR Support,0.56247115
remove from pm messages hello received please these went did work previously least working best regards analyst ext messages messages identified junk default locale copy paste browser note summary refer messages recently deleted messages held automatically deleted after days wish receive these wish change frequency then please select options subject date link pm re link pm undeliverable pm re pm times displayed please remember messages held by automatically deleted after days further information assistance please organization administrator,Hardware,Miscellaneous,0.5613494
red sockets not functional the sd area sent tuesday red sockets functional sd area hello dear during today outage we have tried using vital circuit red sockets but ones area isolated sd area were functional seems rest them were can you please help with checking those mentioned areas making functional please let know if we can provide any further details thanks lead,HR Support,Hardware,0.56116855
hardware allocation tickets hi work please log tickets allocation upgraded bought po wireless mouse keyboard backpack upgraded bought po wireless mouse keyboard backpack monitor kind regards administrator,Purchase,Hardware,0.5608119
eel administrator rights for eel administrator rights hi facility same level rights eel myself thank upcoming holidays holidays st blvd rd floor,HR Support,Purchase,0.5599401
profile for the wednesday november pm profile hi profile please let asap thanks much help senior engineer ext,HR Support,Access,0.5584669
network access request hello joined easy understood computer please help thank front developer,HR Support,Hardware,0.5569349
not appearing as staff new pas sent tuesday appearing please help fix issue able add her forecast best regards,Miscellaneous,HR Support,0.5566762
oracle com authentication fail outside network authentication fail hi working outside for client experiencing difficulties log with name password possible reset password case cannot log with password possible password reset link be send able moment access thanks kind regards tester client corporate operations wholesale rural telephone mobile correspondence address intern mailing address street address including any attachments confidential legally privileged subject copyright sent for personal attention intended recipient only if you have received error please advise immediately delete you notified disclosing copying distributing or taking any action reliance contents information strictly prohibited although we have taken reasonable precautions ensure viruses present we cannot accept responsibility for any loss or damage arising viruses or attachments we exclude any liability for content or for consequences any actions taken basis information provided or attachments unless information subsequently confirmed writing,Hardware,Access,0.5556513
cleaning staff access change check notes wednesday re personal cur bun la cur intra sector cur area mas pm personal cur bun cur la program conform program,Hardware,HR Support,0.55562353
access from new instance to instance dear purpose instance reach elastic assigned instance please provide instance thank developer,Hardware,HR Support,0.5543086
issue sent tuesday july issue hi can use make calls but when can hear although can hear them have tested with different headphones nothing seems work can log call please thanks senior information confidential be legally privileged intended solely for addressee any opinions expressed mine necessarily represent opinions susceptible interference if you intended recipient any disclosure,Hardware,Administrative rights,0.5529686
one drive access hello use by password working was able get past screen log but second screen takes accepting here app downloaded chrome web browser link please help senior designer jersey,Hardware,Access,0.5520868
urgent request dear we please raise for urgent purchase laptop same for approved thank you yours sincerely,Hardware,Purchase,0.5520132
write but also delete access to new hello please informed granted members site also informed site owner grand other guidelines id more assistance feel free best regards engineer thursday october pm write also dear thought least by assigning key person members delete add docs please mind members thanks mob,Miscellaneous,HR Support,0.5511715
deletion deletion hi guys please log assign helped out deleting confidential had reached wrong thank,Hardware,HR Support,0.5509977
account pretty urgent hello va ii tin la sprint planning ca el va merge recover si si ca si please help today developer,Hardware,Access,0.5507396
create for app cab july create app cab hi please create cab application details name cab application members owner please let questions best regards,Access,Miscellaneous,0.5505339
standardize signatures wednesday pm standardize signatures hello please assign creating signature included every signature take active directory automatically signature details ad signatures articles active directory signatures signature format signature best regards,Miscellaneous,Hardware,0.55048925
on battery response to distorted input battery response distorted input name location th floor contact serial number device serial number date code warning battery response distorted input,Internal Project,Miscellaneous,0.54919523
missing information for active directory information active directory hello please update information related active directory location job title job grade etc kind information give her rights platform thank design lead,Hardware,Storage,0.5481107
notification testing and of the battery from rack on th floor testing battery rack floor hello please advised change testing battery rack floor during devices down please inform users about down equipment rack kind regards technician,Hardware,HR Support,0.54469365
critical alert sent critical alert following alert occurred status active tape library based tape protection weeks copy description detailed tape inventory failed operation failed since slot library based was empty tape currently present drive drive,Administrative rights,Miscellaneous,0.54463404
pas permission as client manager july permission client hi please provide client permissions level picture picking role thank kind regards,HR Support,Storage,0.54001623
cannot run reports oracle cannot run reports hello every want run reports screen looks like below cannot chose criteria for example try run reports following path below tools reports shared folders custom programme expense reports details or tools reports shared folders custom programme open po report or transaction report can you please check thank you kind regards programme portfolio officer,Storage,HR Support,0.5391211
update to tuesday july pm code renamed hi kindly ask change name application review both code also noticed instead please date thank floor blvd district,Internal Project,Miscellaneous,0.53818
investigate deeper the error and november pm re multiple polls down hello please assign investigate deeper error attach had also re same storage issue thank november re multiple polls down hello assigned queue restarted seems storage error related thank november multiple polls down hello discussed please advised has logged assigned queue polls down further assist thanks best regards analyst,Miscellaneous,HR Support,0.53174293
sales printer to be added to the printers list thursday pm printers dear kindly ask printer added printers assess working ask kindly provide instructions how install printers circulate everyone thank,HR Support,Miscellaneous,0.53167933
approval permissions friday july pm permissions hi approve her requests regarding off annual leave she has submitted queue please wrong pending she br,HR Support,Miscellaneous,0.5316074
integration with running on friday pm running hi create build deploy pipeline running app sources currently looks running machine cannot authenticate git sources pipeline work needs also accessible trigger builds source changes please let possible where rights over several needed powwow thank lead registered under number whose registered,Access,Internal Project,0.5277477
select minds select minds hi we have issue with select minds manager position published career site but displayed select minds week since position was open please let know how resolve kind regards specialist,HR Support,Hardware,0.52484363
remove closed project from the time recording module list pm re update closed dear thanks closing these codes possible drop down menu recording module thanks friday update closed dear further recent communication believe query has resolved resolution response please let further assistance matter reference number summary closed resolver resolution notes were closed description thursday pm closed codes dear please close codes both simplification architecture review platform architecture review thanks officer kind regards ext,Miscellaneous,Internal Project,0.52456135
docking station request tuesday december pm docking station importance high hi log he has requested docking station his installed setup require booked thank,Purchase,HR Support,0.52450377
job opening and sent tuesday february job opening hi job opening openings february having clicked above link per above instructions job opening were unable locate section lower right corner fact empty below please advise if changed en kindly helped with above link for vacancies when click vacancy drafted posted able view details but when copy same link job en distribute others when clicked results error message job longer available per below link also work gives same error message understand previously raised ticket back november relating per extract below you know where we with be resolved anytime via conversation call remote session issues with vacancy link was discussed we found temporary solution by adding into link place however you advised you would raise ticket resolve kind regards planning assistant,Hardware,Miscellaneous,0.52430105
issues sent tuesday october issues hi thanks lot for please here issue seem exist or client thanks again en,Hardware,Administrative rights,0.5236999
not showing up correctly showing up correctly hello we have experiencing issues with showing up correctly snow for example etc seems when looking for ticket snow does show but when looking task below shows up could you please investigate why happening amend thank you kind regards analyst pl,Miscellaneous,Administrative rights,0.52323806
access issue with the pas thursday december pm issue importance high hi please note write code pm order make forecast updates regards,Internal Project,HR Support,0.52094525
for zephyr tuesday zephyr hi please test environment well prepare production installation thank zephyr hello please let special actions needs completed add zephyr environment things needs done please estimate effort best regards client tuesday zephyr hello inform zephyr purchased considered also informed about received license key please let other details provided regards officer,Hardware,Access,0.5173858
changes oracle changes hello please find attached excel file changes leavers until kindly asking assistance respect logging thank kind regards,HR Support,Miscellaneous,0.5171139
issues with days sent friday hi can you please help with below thanks lot assistant sent friday pare pot attach imagine va tester,Hardware,HR Support,0.5162075
windows update sent wednesday update hello have followed steps for update get updates thank you accounts payable,Administrative rights,Hardware,0.5148348
new columns for employee details report columns details report hi kindly asking amend details report details attached excel questions please let please thank analyst,Internal Project,Miscellaneous,0.51373494
prod access thursday july prod hello link described attached capture order save files ledger please help issue thank accounts payable,Access,Storage,0.5135644
access march va si eventual test vine ca test area lead thanks test lead,HR Support,Hardware,0.5122194
access to link for a and thursday october re joiners dear colleagues please give rights find description section site thank best date wednesday october re joiners hi communication specialist yet please give thanks wednesday october joiners dear colleagues sorry without please let also working thank best date wednesday october joiners hi communication specialists rights upload content section joiners please guideline let working later once proposed by updates links toward articles once per thank best,Hardware,HR Support,0.51059484
loading promotion history sent monday loading promotion history hello when click go into employee individual screen click history tab loading promotion history data does load coming up with message loading promotion history however data does load even after hour please could be looked into regards,Administrative rights,Hardware,0.50876915
access to your zone award link friday february pm zone award link dear please provide rights approve candidate zone award link best regards senior tester,HR Support,Miscellaneous,0.5084093
filters mismatching information sent friday october filters mismatching information hello could you please have look contact why last survey date field updated per data should have received survey customer care manager,Miscellaneous,Hardware,0.50735486
access tuesday february pm re hi currently addresses connected via cable wireless please verify add well connect also via wireless physical thank tuesday pm hi please required within ecosystems nexus nexus confluence confluence wireless physical thank lead,Access,Hardware,0.50660217
failure failure hi please log incident production pc have problem with discrete graphic card after win thank you engineer belgrade,Hardware,Access,0.5059749
problem logging time the day sent tuesday february problem logging hi can set logging for working can you help fix problem please find attached file for details best regards tester information,HR Support,Hardware,0.50468653
mail does not work does work hi guys can send mails but cannot receive could you please help comer joined today thanks manager,Hardware,Administrative rights,0.5046775
new obi report tuesday pm obi report hello planning migrate away excel obi least far demand file concerned order creating report obi every each has joiners vs recruiting report challenge report created based existing demand template via application therefore extract same report directly were unable find existing report satisfies also run report every template job grade months view opened tickets date unit client name job family requisition title number openings requisition grade moth requisition expected closed formula detailed date requisition created function date requisition requested grade usual grade formula calculates automatically present date demand demand formulas false demand demand formulas false days according different grades st se cl sc please let help additional details best regards find out more about experience blvd floor district please refer section entities tuesday job grade months view opened tickets date clearing analyst,Hardware,Miscellaneous,0.50426507
server snapshot wednesday november pm snapshot hello please log assign migrated order perform snapshot zone issues after opening advised perform snapshot implement solution provided by attached best regards technician,Hardware,Administrative rights,0.50295645
issue issue dear please advise for resolution issue whenever try open particular requisition receive error message please help need be able work requisition thank you,HR Support,Hardware,0.50237817
create project and job for create job eel hello please rise tickets per assign create job eel create job kind regards engineer,Access,Miscellaneous,0.50100833
project approvals request for information specialist ext hub friday july pm re transferred entries mention la moment approve la ore care si second normal se wrote hi guys please help thanks thursday july fwd transferred entries hello yet fun inside si eventual ore la fwd ii approve el la moment begin forwarded transferred entries date july task application take action links actions approve reject entries details assignee assigned date task number recommended actions entries card details card period status submitted card comments reported type code task details absences location details days comments totals mon wed sat cost regular proposal prep documentation cost regular proposal prep documentation cost regular planning cost regular disciplines application sick leave daily totals calculated type code location task details absences location details days comments totals mon wed sat stop stop stop stop stop stop stop cost regular proposal prep documentation cost regular proposal prep documentation cost regular planning cost regular disciplines application sick leave pm daily totals related links comments display history updated by action performed assignee updated assigned assigned assigned assigned assigned assigned assigned assigned assigned assigned assigned assigned reassigned assigned assigned assigned assigned,Hardware,Miscellaneous,0.5007181
project request friday october app installed hello seems installed discipline colleagues told included software package joined thanks coordinator,Administrative rights,Internal Project,0.50037
please provide info action item under time constraint please provide action item under constraint please provide information boxes under constraints purposes image thank se forgive errors,Purchase,Hardware,0.49828482
account set up on phone thursday pm phone dear please log assign setting phone thanks kind regards engineer,Hardware,Access,0.49719432
revoke to space for re va november pm re approved head analysis november pm hi please interview tomorrow he december thank,HR Support,Hardware,0.4964412
slow response time sent monday november opening sheet hi guys takes about minute open sheet one minute close one minute approve have approve about sheets weekly adds up minutes weekly for something should take more than mins mention when browse one another take about minutes how we supposed everything or regards manager,Miscellaneous,HR Support,0.4887365
admin rights on old wednesday december pm re rights old importance high hi please defined quickly because mode old announced today thank best wednesday december rights old importance high hi please provide rights old users please assign give context requests migration which done needed run scripts export files also additional approvals let questions best regards,Hardware,Access,0.4808401
pm replacement july pm replacement hi going replace myself pm starting please pm he approve leave requests thank best regards po,HR Support,Hardware,0.47834823
site ad access security groups site please create hello please assist creating link folder later published follow keep loop great various inside please initial more details way please attached best regards analyst community builder ext friday pm re site exact link allocate area few fine decide write addition site hello please advised logged process further please specify exact link wish name addresses users which create level write best regards analyst community builder ext tuesday pm site guys site plus accounts externals clients securely owner his back approver etc client director mob fixed zone registered under number whose registered old broad street kingdom provide clients each subsidiaries separate entity,Hardware,Access,0.47729447
low free space on partition low free partition dear running low disk lots free other partition please let done best regards senior tester,Hardware,Storage,0.47564778
en march hi please log determine performance status machine has requested by seen requested information please investigate device attach conclusions please return conclusions via replying respond administrator,Hardware,Purchase,0.46110177
re windows updates error re updates error good morning got ticket resolved information matter but case your ticket details ticket reference summary updates error description updates error resolution checked assigned en also checked console had win installed updated still stuck whenever try download them there further best director quality manager,Miscellaneous,Hardware,0.45725012
for the collection collection thank dear second unsolicited same please addresses thursday december pm collection software developer,HR Support,Hardware,0.45536366
critical alert sent december critical alert following alert occurred status active tape library based tape protection weeks copy description detailed tape inventory failed operation failed since slot library based was empty tape currently present drive drive for more information open administrator console review alert details monitoring task area,Miscellaneous,Hardware,0.4541882
leavers oracle sent tuesday wrong hi please raise ticket for below best regards applications analyst en sent tuesday re wrong thanks please set record terminated thanks sent wrong thank you would like point out these had left panic regards administrator sent tuesday re wrong hi please could add these list seems these have setup incorrectly should be please make their default charge panic thanks sent re wrong meant for sent wrong importance high hi seems these have setup incorrectly should be please make their default charge person number thanks manager,Miscellaneous,HR Support,0.44885328
access to the report reports updated hi please please approve best regards wednesday november pm reports updated hi please provide report thank wednesday november pm reports updated november reports updated hi created template layout report storage mentioned image granted users analyze extract fresh report until come back leave also please suggestions how improve structure filtering report order assure best solution thanks awareness best regards application engineer provide clients each subsidiaries separate entity has liability entity acts omissions,Hardware,Miscellaneous,0.44215164
new pas user variable cannot be changed sent thursday october variable cannot be changed importance high hi for architecture part projects default client reflect above moreover when go variable menu order change these upon defaults current incorrect values something pipeline apparently please help have due date finalize forecasts tomorrow thanks senior analyst architecture,Internal Project,Hardware,0.4381573
please me access to create announcement pages on the new hello please advised currently unable create announcement pages care error receive sorry site has shared attached please kind create required thanks,HR Support,Access,0.4346784
create com march pm hello please create common give se thank regards leader,Miscellaneous,Access,0.43466568
anti bribery policy new version for thursday october pm bribery policy version hello bribery policy attached please version replace version locations thanks,Administrative rights,Internal Project,0.4214709
correction to the report correction report hello please rise summary correction report description update job details report by order match other reports entity unit discipline kind,HR Support,Miscellaneous,0.4178227
oracle projects for seal and customer working moment client working grouped under single out container create seal both myself supporting his accounts please attached forms per having these requirement finalizing budgeting budgeting meeting scheduled kindly ask high degree urgency thank,Internal Project,Access,0.3997879
oracle expenses app no longer working original message sent app longer working hi app saying password valid have changed anything clear why working thanks,Administrative rights,Access,0.39932817
rights into oracle reports and rights reports hello help please rights transactions details report member reports order create cost customers st options moment leading person please him provide approvals thanks lot kind regards facilities id image,Miscellaneous,HR Support,0.39830685
assets en friday november pm hello please split individual requests thank,Hardware,HR Support,0.39645365
poll status down poll status down poll output packets transmitted received packet loss,Miscellaneous,Hardware,0.39620763
merchant portal site on merchant site dear please create merchant part site details status closed type commercial commercial description merchant entity italy person provide persons thank officer,Internal Project,HR Support,0.39285004
changes tuesday re streamline hi also double cannot found best regards officer registered st floor registration vat social tuesday streamline hi please changes keep active deactivated kept under thank officer registered st floor registration vat social,Miscellaneous,HR Support,0.38781658
oversized attachment request for information tuesday pm oversized dear please advise how oversized mb thank kind regards sox controls,HR Support,Hardware,0.38338247
printer set up wednesday july printer hi please help printer computer floor thanks information confidential legally privileged intended solely addressee opinions expressed mine necessarily represent opinions comp,Access,Administrative rights,0.37963805
create sub categories for thursday march pm create sub categories hello please create additional sub categories under application telephony under sub category android thanks kindest regards analyst pl starting st replaced,Access,Hardware,0.37390786
add to thursday pm partnership hello dear please take suspicious which suspicious kind regards analyst client thursday pm partnership originates keep mind file attachments dear friend please attached letter harmful thank god bless regards mr,HR Support,Miscellaneous,0.32058972
review entries does not show all transactions sent review entries does show transactions hello sending you another issue we come cross there transaction but journal entries accounts receivables does two below regards officer,HR Support,Miscellaneous,0.31012398
us location addition location addition hi please create work location ability hire seattle washington please let has completed thank assistance best regards location states washington seattle specialist,Storage,HR Support,0.28965855
